IF DB_ID('ElearningDb') IS NULL
    CREATE DATABASE ElearningDb;
GO

USE ElearningDb;
GO
/****** Object:  Table [dbo].[__EFMigrationsHistory]    Script Date: 15.04.2026 16:44:46 ******/
SET ANSI_NULLS ON
GO
SET QUOTED_IDENTIFIER ON
GO
CREATE TABLE [dbo].[__EFMigrationsHistory](
	[MigrationId] [nvarchar](150) NOT NULL,
	[ProductVersion] [nvarchar](32) NOT NULL,
 CONSTRAINT [PK___EFMigrationsHistory] PRIMARY KEY CLUSTERED 
(
	[MigrationId] ASC
)WITH (PAD_INDEX = OFF, STATISTICS_NORECOMPUTE = OFF, IGNORE_DUP_KEY = OFF, ALLOW_ROW_LOCKS = ON, ALLOW_PAGE_LOCKS = ON, OPTIMIZE_FOR_SEQUENTIAL_KEY = OFF) ON [PRIMARY]
) ON [PRIMARY]
GO
/****** Object:  Table [dbo].[Announcement]    Script Date: 15.04.2026 16:44:46 ******/
SET ANSI_NULLS ON
GO
SET QUOTED_IDENTIFIER ON
GO
CREATE TABLE [dbo].[Announcement](
	[AnnouncementId] [int] IDENTITY(1,1) NOT NULL,
	[Title] [nvarchar](200) NOT NULL,
	[Body] [nvarchar](max) NOT NULL,
	[IsPublished] [bit] NOT NULL,
	[PublishAt] [datetime2](7) NULL,
	[ExpiresAt] [datetime2](7) NULL,
	[CreatedByUserId] [int] NOT NULL,
	[CreatedAt] [datetime2](7) NOT NULL,
	[UpdatedAt] [datetime2](7) NULL,
	[IsActive] [bit] NOT NULL,
PRIMARY KEY CLUSTERED 
(
	[AnnouncementId] ASC
)WITH (PAD_INDEX = OFF, STATISTICS_NORECOMPUTE = OFF, IGNORE_DUP_KEY = OFF, ALLOW_ROW_LOCKS = ON, ALLOW_PAGE_LOCKS = ON, OPTIMIZE_FOR_SEQUENTIAL_KEY = OFF) ON [PRIMARY]
) ON [PRIMARY] TEXTIMAGE_ON [PRIMARY]
GO
/****** Object:  Table [dbo].[AspNetRoleClaims]    Script Date: 15.04.2026 16:44:46 ******/
SET ANSI_NULLS ON
GO
SET QUOTED_IDENTIFIER ON
GO
CREATE TABLE [dbo].[AspNetRoleClaims](
	[Id] [int] IDENTITY(1,1) NOT NULL,
	[RoleId] [nvarchar](450) NOT NULL,
	[ClaimType] [nvarchar](max) NULL,
	[ClaimValue] [nvarchar](max) NULL,
 CONSTRAINT [PK_AspNetRoleClaims] PRIMARY KEY CLUSTERED 
(
	[Id] ASC
)WITH (PAD_INDEX = OFF, STATISTICS_NORECOMPUTE = OFF, IGNORE_DUP_KEY = OFF, ALLOW_ROW_LOCKS = ON, ALLOW_PAGE_LOCKS = ON, OPTIMIZE_FOR_SEQUENTIAL_KEY = OFF) ON [PRIMARY]
) ON [PRIMARY] TEXTIMAGE_ON [PRIMARY]
GO
/****** Object:  Table [dbo].[AspNetRoles]    Script Date: 15.04.2026 16:44:46 ******/
SET ANSI_NULLS ON
GO
SET QUOTED_IDENTIFIER ON
GO
CREATE TABLE [dbo].[AspNetRoles](
	[Id] [nvarchar](450) NOT NULL,
	[Name] [nvarchar](256) NULL,
	[NormalizedName] [nvarchar](256) NULL,
	[ConcurrencyStamp] [nvarchar](max) NULL,
 CONSTRAINT [PK_AspNetRoles] PRIMARY KEY CLUSTERED 
(
	[Id] ASC
)WITH (PAD_INDEX = OFF, STATISTICS_NORECOMPUTE = OFF, IGNORE_DUP_KEY = OFF, ALLOW_ROW_LOCKS = ON, ALLOW_PAGE_LOCKS = ON, OPTIMIZE_FOR_SEQUENTIAL_KEY = OFF) ON [PRIMARY]
) ON [PRIMARY] TEXTIMAGE_ON [PRIMARY]
GO
/****** Object:  Table [dbo].[AspNetUserClaims]    Script Date: 15.04.2026 16:44:46 ******/
SET ANSI_NULLS ON
GO
SET QUOTED_IDENTIFIER ON
GO
CREATE TABLE [dbo].[AspNetUserClaims](
	[Id] [int] IDENTITY(1,1) NOT NULL,
	[UserId] [nvarchar](450) NOT NULL,
	[ClaimType] [nvarchar](max) NULL,
	[ClaimValue] [nvarchar](max) NULL,
 CONSTRAINT [PK_AspNetUserClaims] PRIMARY KEY CLUSTERED 
(
	[Id] ASC
)WITH (PAD_INDEX = OFF, STATISTICS_NORECOMPUTE = OFF, IGNORE_DUP_KEY = OFF, ALLOW_ROW_LOCKS = ON, ALLOW_PAGE_LOCKS = ON, OPTIMIZE_FOR_SEQUENTIAL_KEY = OFF) ON [PRIMARY]
) ON [PRIMARY] TEXTIMAGE_ON [PRIMARY]
GO
/****** Object:  Table [dbo].[AspNetUserLogins]    Script Date: 15.04.2026 16:44:46 ******/
SET ANSI_NULLS ON
GO
SET QUOTED_IDENTIFIER ON
GO
CREATE TABLE [dbo].[AspNetUserLogins](
	[LoginProvider] [nvarchar](450) NOT NULL,
	[ProviderKey] [nvarchar](450) NOT NULL,
	[ProviderDisplayName] [nvarchar](max) NULL,
	[UserId] [nvarchar](450) NOT NULL,
 CONSTRAINT [PK_AspNetUserLogins] PRIMARY KEY CLUSTERED 
(
	[LoginProvider] ASC,
	[ProviderKey] ASC
)WITH (PAD_INDEX = OFF, STATISTICS_NORECOMPUTE = OFF, IGNORE_DUP_KEY = OFF, ALLOW_ROW_LOCKS = ON, ALLOW_PAGE_LOCKS = ON, OPTIMIZE_FOR_SEQUENTIAL_KEY = OFF) ON [PRIMARY]
) ON [PRIMARY] TEXTIMAGE_ON [PRIMARY]
GO
/****** Object:  Table [dbo].[AspNetUserRoles]    Script Date: 15.04.2026 16:44:46 ******/
SET ANSI_NULLS ON
GO
SET QUOTED_IDENTIFIER ON
GO
CREATE TABLE [dbo].[AspNetUserRoles](
	[UserId] [nvarchar](450) NOT NULL,
	[RoleId] [nvarchar](450) NOT NULL,
 CONSTRAINT [PK_AspNetUserRoles] PRIMARY KEY CLUSTERED 
(
	[UserId] ASC,
	[RoleId] ASC
)WITH (PAD_INDEX = OFF, STATISTICS_NORECOMPUTE = OFF, IGNORE_DUP_KEY = OFF, ALLOW_ROW_LOCKS = ON, ALLOW_PAGE_LOCKS = ON, OPTIMIZE_FOR_SEQUENTIAL_KEY = OFF) ON [PRIMARY]
) ON [PRIMARY]
GO
/****** Object:  Table [dbo].[AspNetUsers]    Script Date: 15.04.2026 16:44:46 ******/
SET ANSI_NULLS ON
GO
SET QUOTED_IDENTIFIER ON
GO
CREATE TABLE [dbo].[AspNetUsers](
	[Id] [nvarchar](450) NOT NULL,
	[UserName] [nvarchar](256) NULL,
	[NormalizedUserName] [nvarchar](256) NULL,
	[Email] [nvarchar](256) NULL,
	[NormalizedEmail] [nvarchar](256) NULL,
	[EmailConfirmed] [bit] NOT NULL,
	[PasswordHash] [nvarchar](max) NULL,
	[SecurityStamp] [nvarchar](max) NULL,
	[ConcurrencyStamp] [nvarchar](max) NULL,
	[PhoneNumber] [nvarchar](max) NULL,
	[PhoneNumberConfirmed] [bit] NOT NULL,
	[TwoFactorEnabled] [bit] NOT NULL,
	[LockoutEnd] [datetimeoffset](7) NULL,
	[LockoutEnabled] [bit] NOT NULL,
	[AccessFailedCount] [int] NOT NULL,
 CONSTRAINT [PK_AspNetUsers] PRIMARY KEY CLUSTERED 
(
	[Id] ASC
)WITH (PAD_INDEX = OFF, STATISTICS_NORECOMPUTE = OFF, IGNORE_DUP_KEY = OFF, ALLOW_ROW_LOCKS = ON, ALLOW_PAGE_LOCKS = ON, OPTIMIZE_FOR_SEQUENTIAL_KEY = OFF) ON [PRIMARY]
) ON [PRIMARY] TEXTIMAGE_ON [PRIMARY]
GO
/****** Object:  Table [dbo].[AspNetUserTokens]    Script Date: 15.04.2026 16:44:46 ******/
SET ANSI_NULLS ON
GO
SET QUOTED_IDENTIFIER ON
GO
CREATE TABLE [dbo].[AspNetUserTokens](
	[UserId] [nvarchar](450) NOT NULL,
	[LoginProvider] [nvarchar](450) NOT NULL,
	[Name] [nvarchar](450) NOT NULL,
	[Value] [nvarchar](max) NULL,
 CONSTRAINT [PK_AspNetUserTokens] PRIMARY KEY CLUSTERED 
(
	[UserId] ASC,
	[LoginProvider] ASC,
	[Name] ASC
)WITH (PAD_INDEX = OFF, STATISTICS_NORECOMPUTE = OFF, IGNORE_DUP_KEY = OFF, ALLOW_ROW_LOCKS = ON, ALLOW_PAGE_LOCKS = ON, OPTIMIZE_FOR_SEQUENTIAL_KEY = OFF) ON [PRIMARY]
) ON [PRIMARY] TEXTIMAGE_ON [PRIMARY]
GO
/****** Object:  Table [dbo].[CertificateTemplate]    Script Date: 15.04.2026 16:44:46 ******/
SET ANSI_NULLS ON
GO
SET QUOTED_IDENTIFIER ON
GO
CREATE TABLE [dbo].[CertificateTemplate](
	[CertificateTemplateId] [int] IDENTITY(1,1) NOT NULL,
	[Name] [nvarchar](200) NOT NULL,
	[Description] [nvarchar](500) NULL,
	[TemplateBody] [nvarchar](max) NOT NULL,
	[IsActive] [bit] NOT NULL,
	[CreatedAt] [datetime2](7) NOT NULL,
	[UpdatedAt] [datetime2](7) NULL,
PRIMARY KEY CLUSTERED 
(
	[CertificateTemplateId] ASC
)WITH (PAD_INDEX = OFF, STATISTICS_NORECOMPUTE = OFF, IGNORE_DUP_KEY = OFF, ALLOW_ROW_LOCKS = ON, ALLOW_PAGE_LOCKS = ON, OPTIMIZE_FOR_SEQUENTIAL_KEY = OFF) ON [PRIMARY]
) ON [PRIMARY] TEXTIMAGE_ON [PRIMARY]
GO
/****** Object:  Table [dbo].[Course]    Script Date: 15.04.2026 16:44:46 ******/
SET ANSI_NULLS ON
GO
SET QUOTED_IDENTIFIER ON
GO
CREATE TABLE [dbo].[Course](
	[CourseId] [int] IDENTITY(1,1) NOT NULL,
	[CourseCategoryId] [int] NULL,
	[Title] [nvarchar](200) NOT NULL,
	[ShortDescription] [nvarchar](500) NULL,
	[LongDescription] [nvarchar](max) NULL,
	[DifficultyLevel] [nvarchar](50) NULL,
	[Status] [nvarchar](50) NOT NULL,
	[ThumbnailMediaId] [int] NULL,
	[CreatedAt] [datetime2](7) NOT NULL,
	[UpdatedAt] [datetime2](7) NULL,
	[TutorUserId] [int] NOT NULL,
	[IsActive] [bit] NOT NULL,
PRIMARY KEY CLUSTERED 
(
	[CourseId] ASC
)WITH (PAD_INDEX = OFF, STATISTICS_NORECOMPUTE = OFF, IGNORE_DUP_KEY = OFF, ALLOW_ROW_LOCKS = ON, ALLOW_PAGE_LOCKS = ON, OPTIMIZE_FOR_SEQUENTIAL_KEY = OFF) ON [PRIMARY]
) ON [PRIMARY] TEXTIMAGE_ON [PRIMARY]
GO
/****** Object:  Table [dbo].[CourseCategory]    Script Date: 15.04.2026 16:44:46 ******/
SET ANSI_NULLS ON
GO
SET QUOTED_IDENTIFIER ON
GO
CREATE TABLE [dbo].[CourseCategory](
	[CourseCategoryId] [int] IDENTITY(1,1) NOT NULL,
	[Name] [nvarchar](200) NOT NULL,
	[Description] [nvarchar](1000) NULL,
	[IsActive] [bit] NOT NULL,
PRIMARY KEY CLUSTERED 
(
	[CourseCategoryId] ASC
)WITH (PAD_INDEX = OFF, STATISTICS_NORECOMPUTE = OFF, IGNORE_DUP_KEY = OFF, ALLOW_ROW_LOCKS = ON, ALLOW_PAGE_LOCKS = ON, OPTIMIZE_FOR_SEQUENTIAL_KEY = OFF) ON [PRIMARY]
) ON [PRIMARY]
GO
/****** Object:  Table [dbo].[CoursePricingPlan]    Script Date: 15.04.2026 16:44:46 ******/
SET ANSI_NULLS ON
GO
SET QUOTED_IDENTIFIER ON
GO
CREATE TABLE [dbo].[CoursePricingPlan](
	[CoursePricingPlanId] [int] IDENTITY(1,1) NOT NULL,
	[CourseId] [int] NOT NULL,
	[Name] [nvarchar](100) NOT NULL,
	[Description] [nvarchar](500) NULL,
	[AccessDurationDays] [int] NULL,
	[IsActive] [bit] NOT NULL,
PRIMARY KEY CLUSTERED 
(
	[CoursePricingPlanId] ASC
)WITH (PAD_INDEX = OFF, STATISTICS_NORECOMPUTE = OFF, IGNORE_DUP_KEY = OFF, ALLOW_ROW_LOCKS = ON, ALLOW_PAGE_LOCKS = ON, OPTIMIZE_FOR_SEQUENTIAL_KEY = OFF) ON [PRIMARY]
) ON [PRIMARY]
GO
/****** Object:  Table [dbo].[IssuedCertificate]    Script Date: 15.04.2026 16:44:46 ******/
SET ANSI_NULLS ON
GO
SET QUOTED_IDENTIFIER ON
GO
CREATE TABLE [dbo].[IssuedCertificate](
	[IssuedCertificateId] [int] IDENTITY(1,1) NOT NULL,
	[UserId] [int] NOT NULL,
	[CourseId] [int] NOT NULL,
	[CertificateTemplateId] [int] NOT NULL,
	[IssuedAt] [datetime2](7) NOT NULL,
	[CertificateNumber] [nvarchar](100) NOT NULL,
	[FileUrl] [nvarchar](500) NULL,
	[IsActive] [bit] NOT NULL,
PRIMARY KEY CLUSTERED 
(
	[IssuedCertificateId] ASC
)WITH (PAD_INDEX = OFF, STATISTICS_NORECOMPUTE = OFF, IGNORE_DUP_KEY = OFF, ALLOW_ROW_LOCKS = ON, ALLOW_PAGE_LOCKS = ON, OPTIMIZE_FOR_SEQUENTIAL_KEY = OFF) ON [PRIMARY]
) ON [PRIMARY]
GO
/****** Object:  Table [dbo].[Lesson]    Script Date: 15.04.2026 16:44:46 ******/
SET ANSI_NULLS ON
GO
SET QUOTED_IDENTIFIER ON
GO
CREATE TABLE [dbo].[Lesson](
	[LessonId] [int] IDENTITY(1,1) NOT NULL,
	[ModuleId] [int] NOT NULL,
	[Title] [nvarchar](200) NOT NULL,
	[Summary] [nvarchar](1000) NULL,
	[Status] [nvarchar](50) NOT NULL,
	[OrderIndex] [int] NOT NULL,
	[EstimatedMinutes] [int] NULL,
	[IsActive] [bit] NOT NULL,
PRIMARY KEY CLUSTERED 
(
	[LessonId] ASC
)WITH (PAD_INDEX = OFF, STATISTICS_NORECOMPUTE = OFF, IGNORE_DUP_KEY = OFF, ALLOW_ROW_LOCKS = ON, ALLOW_PAGE_LOCKS = ON, OPTIMIZE_FOR_SEQUENTIAL_KEY = OFF) ON [PRIMARY]
) ON [PRIMARY]
GO
/****** Object:  Table [dbo].[LessonAttachment]    Script Date: 15.04.2026 16:44:46 ******/
SET ANSI_NULLS ON
GO
SET QUOTED_IDENTIFIER ON
GO
CREATE TABLE [dbo].[LessonAttachment](
	[LessonAttachmentId] [int] IDENTITY(1,1) NOT NULL,
	[LessonId] [int] NOT NULL,
	[FileName] [nvarchar](255) NOT NULL,
	[FileUrl] [nvarchar](500) NOT NULL,
	[Description] [nvarchar](500) NULL,
	[IsActive] [bit] NOT NULL,
PRIMARY KEY CLUSTERED 
(
	[LessonAttachmentId] ASC
)WITH (PAD_INDEX = OFF, STATISTICS_NORECOMPUTE = OFF, IGNORE_DUP_KEY = OFF, ALLOW_ROW_LOCKS = ON, ALLOW_PAGE_LOCKS = ON, OPTIMIZE_FOR_SEQUENTIAL_KEY = OFF) ON [PRIMARY]
) ON [PRIMARY]
GO
/****** Object:  Table [dbo].[LessonContentBlock]    Script Date: 15.04.2026 16:44:46 ******/
SET ANSI_NULLS ON
GO
SET QUOTED_IDENTIFIER ON
GO
CREATE TABLE [dbo].[LessonContentBlock](
	[LessonContentBlockId] [int] IDENTITY(1,1) NOT NULL,
	[LessonId] [int] NOT NULL,
	[BlockType] [nvarchar](50) NOT NULL,
	[Content] [nvarchar](max) NULL,
	[OrderIndex] [int] NOT NULL,
	[IsActive] [bit] NOT NULL,
PRIMARY KEY CLUSTERED 
(
	[LessonContentBlockId] ASC
)WITH (PAD_INDEX = OFF, STATISTICS_NORECOMPUTE = OFF, IGNORE_DUP_KEY = OFF, ALLOW_ROW_LOCKS = ON, ALLOW_PAGE_LOCKS = ON, OPTIMIZE_FOR_SEQUENTIAL_KEY = OFF) ON [PRIMARY]
) ON [PRIMARY] TEXTIMAGE_ON [PRIMARY]
GO
/****** Object:  Table [dbo].[LessonProgress]    Script Date: 15.04.2026 16:44:46 ******/
SET ANSI_NULLS ON
GO
SET QUOTED_IDENTIFIER ON
GO
CREATE TABLE [dbo].[LessonProgress](
	[LessonProgressId] [int] IDENTITY(1,1) NOT NULL,
	[UserId] [int] NOT NULL,
	[LessonId] [int] NOT NULL,
	[ProgressPercent] [decimal](5, 2) NOT NULL,
	[LastViewedAt] [datetime2](7) NOT NULL,
	[IsActive] [bit] NOT NULL,
PRIMARY KEY CLUSTERED 
(
	[LessonProgressId] ASC
)WITH (PAD_INDEX = OFF, STATISTICS_NORECOMPUTE = OFF, IGNORE_DUP_KEY = OFF, ALLOW_ROW_LOCKS = ON, ALLOW_PAGE_LOCKS = ON, OPTIMIZE_FOR_SEQUENTIAL_KEY = OFF) ON [PRIMARY]
) ON [PRIMARY]
GO
/****** Object:  Table [dbo].[MediaFile]    Script Date: 15.04.2026 16:44:46 ******/
SET ANSI_NULLS ON
GO
SET QUOTED_IDENTIFIER ON
GO
CREATE TABLE [dbo].[MediaFile](
	[MediaFileId] [int] IDENTITY(1,1) NOT NULL,
	[FileUrl] [nvarchar](500) NOT NULL,
	[FileName] [nvarchar](255) NOT NULL,
	[MimeType] [nvarchar](100) NULL,
	[Width] [int] NULL,
	[Height] [int] NULL,
	[UploadedAt] [datetime2](7) NOT NULL,
	[UploadedByUserId] [int] NULL,
	[IsActive] [bit] NOT NULL,
PRIMARY KEY CLUSTERED 
(
	[MediaFileId] ASC
)WITH (PAD_INDEX = OFF, STATISTICS_NORECOMPUTE = OFF, IGNORE_DUP_KEY = OFF, ALLOW_ROW_LOCKS = ON, ALLOW_PAGE_LOCKS = ON, OPTIMIZE_FOR_SEQUENTIAL_KEY = OFF) ON [PRIMARY]
) ON [PRIMARY]
GO
/****** Object:  Table [dbo].[Module]    Script Date: 15.04.2026 16:44:46 ******/
SET ANSI_NULLS ON
GO
SET QUOTED_IDENTIFIER ON
GO
CREATE TABLE [dbo].[Module](
	[ModuleId] [int] IDENTITY(1,1) NOT NULL,
	[CourseId] [int] NOT NULL,
	[Title] [nvarchar](200) NOT NULL,
	[Description] [nvarchar](1000) NULL,
	[OrderIndex] [int] NOT NULL,
	[IsActive] [bit] NOT NULL,
PRIMARY KEY CLUSTERED 
(
	[ModuleId] ASC
)WITH (PAD_INDEX = OFF, STATISTICS_NORECOMPUTE = OFF, IGNORE_DUP_KEY = OFF, ALLOW_ROW_LOCKS = ON, ALLOW_PAGE_LOCKS = ON, OPTIMIZE_FOR_SEQUENTIAL_KEY = OFF) ON [PRIMARY]
) ON [PRIMARY]
GO
/****** Object:  Table [dbo].[PageContentBlock]    Script Date: 15.04.2026 16:44:46 ******/
SET ANSI_NULLS ON
GO
SET QUOTED_IDENTIFIER ON
GO
CREATE TABLE [dbo].[PageContentBlock](
	[PageContentBlockId] [int] IDENTITY(1,1) NOT NULL,
	[PageKey] [nvarchar](100) NOT NULL,
	[BlockType] [nvarchar](50) NOT NULL,
	[Content] [nvarchar](max) NULL,
	[MediaFileId] [int] NULL,
	[OrderIndex] [int] NOT NULL,
	[IsActive] [bit] NOT NULL,
	[UpdatedByUserId] [int] NULL,
	[UpdatedAt] [datetime2](7) NOT NULL,
PRIMARY KEY CLUSTERED 
(
	[PageContentBlockId] ASC
)WITH (PAD_INDEX = OFF, STATISTICS_NORECOMPUTE = OFF, IGNORE_DUP_KEY = OFF, ALLOW_ROW_LOCKS = ON, ALLOW_PAGE_LOCKS = ON, OPTIMIZE_FOR_SEQUENTIAL_KEY = OFF) ON [PRIMARY]
) ON [PRIMARY] TEXTIMAGE_ON [PRIMARY]
GO
/****** Object:  Table [dbo].[Quiz]    Script Date: 15.04.2026 16:44:46 ******/
SET ANSI_NULLS ON
GO
SET QUOTED_IDENTIFIER ON
GO
CREATE TABLE [dbo].[Quiz](
	[QuizId] [int] IDENTITY(1,1) NOT NULL,
	[LessonId] [int] NULL,
	[ModuleId] [int] NULL,
	[Title] [nvarchar](200) NOT NULL,
	[Description] [nvarchar](1000) NULL,
	[TimeLimitSeconds] [int] NULL,
	[PassThresholdPct] [decimal](5, 2) NULL,
	[MaxAttempts] [int] NULL,
	[IsActive] [bit] NOT NULL,
PRIMARY KEY CLUSTERED 
(
	[QuizId] ASC
)WITH (PAD_INDEX = OFF, STATISTICS_NORECOMPUTE = OFF, IGNORE_DUP_KEY = OFF, ALLOW_ROW_LOCKS = ON, ALLOW_PAGE_LOCKS = ON, OPTIMIZE_FOR_SEQUENTIAL_KEY = OFF) ON [PRIMARY]
) ON [PRIMARY]
GO
/****** Object:  Table [dbo].[QuizAnswerOption]    Script Date: 15.04.2026 16:44:46 ******/
SET ANSI_NULLS ON
GO
SET QUOTED_IDENTIFIER ON
GO
CREATE TABLE [dbo].[QuizAnswerOption](
	[QuizAnswerOptionId] [int] IDENTITY(1,1) NOT NULL,
	[QuizQuestionId] [int] NOT NULL,
	[AnswerText] [nvarchar](max) NOT NULL,
	[IsCorrect] [bit] NOT NULL,
	[OrderIndex] [int] NOT NULL,
	[IsActive] [bit] NOT NULL,
PRIMARY KEY CLUSTERED 
(
	[QuizAnswerOptionId] ASC
)WITH (PAD_INDEX = OFF, STATISTICS_NORECOMPUTE = OFF, IGNORE_DUP_KEY = OFF, ALLOW_ROW_LOCKS = ON, ALLOW_PAGE_LOCKS = ON, OPTIMIZE_FOR_SEQUENTIAL_KEY = OFF) ON [PRIMARY]
) ON [PRIMARY] TEXTIMAGE_ON [PRIMARY]
GO
/****** Object:  Table [dbo].[QuizAttempt]    Script Date: 15.04.2026 16:44:46 ******/
SET ANSI_NULLS ON
GO
SET QUOTED_IDENTIFIER ON
GO
CREATE TABLE [dbo].[QuizAttempt](
	[QuizAttemptId] [int] IDENTITY(1,1) NOT NULL,
	[QuizId] [int] NOT NULL,
	[UserId] [int] NOT NULL,
	[StartedAt] [datetime2](7) NOT NULL,
	[SubmittedAt] [datetime2](7) NULL,
	[ScoreTotal] [decimal](10, 2) NULL,
	[ScorePercent] [decimal](5, 2) NULL,
	[Passed] [bit] NULL,
	[IsActive] [bit] NOT NULL,
PRIMARY KEY CLUSTERED 
(
	[QuizAttemptId] ASC
)WITH (PAD_INDEX = OFF, STATISTICS_NORECOMPUTE = OFF, IGNORE_DUP_KEY = OFF, ALLOW_ROW_LOCKS = ON, ALLOW_PAGE_LOCKS = ON, OPTIMIZE_FOR_SEQUENTIAL_KEY = OFF) ON [PRIMARY]
) ON [PRIMARY]
GO
/****** Object:  Table [dbo].[QuizAttemptAnswer]    Script Date: 15.04.2026 16:44:46 ******/
SET ANSI_NULLS ON
GO
SET QUOTED_IDENTIFIER ON
GO
CREATE TABLE [dbo].[QuizAttemptAnswer](
	[QuizAttemptAnswerId] [int] IDENTITY(1,1) NOT NULL,
	[QuizAttemptId] [int] NOT NULL,
	[QuizQuestionId] [int] NOT NULL,
	[SelectedOptionId] [int] NULL,
	[OpenAnswerText] [nvarchar](max) NULL,
	[IsMarkedCorrect] [bit] NULL,
	[IsActive] [bit] NOT NULL,
PRIMARY KEY CLUSTERED 
(
	[QuizAttemptAnswerId] ASC
)WITH (PAD_INDEX = OFF, STATISTICS_NORECOMPUTE = OFF, IGNORE_DUP_KEY = OFF, ALLOW_ROW_LOCKS = ON, ALLOW_PAGE_LOCKS = ON, OPTIMIZE_FOR_SEQUENTIAL_KEY = OFF) ON [PRIMARY]
) ON [PRIMARY] TEXTIMAGE_ON [PRIMARY]
GO
/****** Object:  Table [dbo].[QuizQuestion]    Script Date: 15.04.2026 16:44:46 ******/
SET ANSI_NULLS ON
GO
SET QUOTED_IDENTIFIER ON
GO
CREATE TABLE [dbo].[QuizQuestion](
	[QuizQuestionId] [int] IDENTITY(1,1) NOT NULL,
	[QuizId] [int] NOT NULL,
	[QuestionText] [nvarchar](max) NOT NULL,
	[QuestionType] [nvarchar](50) NOT NULL,
	[Points] [decimal](5, 2) NOT NULL,
	[OrderIndex] [int] NOT NULL,
	[IsActive] [bit] NOT NULL,
PRIMARY KEY CLUSTERED 
(
	[QuizQuestionId] ASC
)WITH (PAD_INDEX = OFF, STATISTICS_NORECOMPUTE = OFF, IGNORE_DUP_KEY = OFF, ALLOW_ROW_LOCKS = ON, ALLOW_PAGE_LOCKS = ON, OPTIMIZE_FOR_SEQUENTIAL_KEY = OFF) ON [PRIMARY]
) ON [PRIMARY] TEXTIMAGE_ON [PRIMARY]
GO
/****** Object:  Table [dbo].[SupportMessage]    Script Date: 15.04.2026 16:44:46 ******/
SET ANSI_NULLS ON
GO
SET QUOTED_IDENTIFIER ON
GO
CREATE TABLE [dbo].[SupportMessage](
	[SupportMessageId] [int] IDENTITY(1,1) NOT NULL,
	[SupportTicketId] [int] NOT NULL,
	[FromUserId] [int] NOT NULL,
	[MessageBody] [nvarchar](max) NOT NULL,
	[SentAt] [datetime2](7) NOT NULL,
	[IsActive] [bit] NOT NULL,
PRIMARY KEY CLUSTERED 
(
	[SupportMessageId] ASC
)WITH (PAD_INDEX = OFF, STATISTICS_NORECOMPUTE = OFF, IGNORE_DUP_KEY = OFF, ALLOW_ROW_LOCKS = ON, ALLOW_PAGE_LOCKS = ON, OPTIMIZE_FOR_SEQUENTIAL_KEY = OFF) ON [PRIMARY]
) ON [PRIMARY] TEXTIMAGE_ON [PRIMARY]
GO
/****** Object:  Table [dbo].[SupportTicket]    Script Date: 15.04.2026 16:44:46 ******/
SET ANSI_NULLS ON
GO
SET QUOTED_IDENTIFIER ON
GO
CREATE TABLE [dbo].[SupportTicket](
	[SupportTicketId] [int] IDENTITY(1,1) NOT NULL,
	[UserId] [int] NOT NULL,
	[Title] [nvarchar](200) NOT NULL,
	[Status] [nvarchar](50) NOT NULL,
	[CreatedAt] [datetime2](7) NOT NULL,
	[ClosedAt] [datetime2](7) NULL,
	[CourseId] [int] NULL,
	[AssignedTutorId] [int] NULL,
	[IsActive] [bit] NOT NULL,
PRIMARY KEY CLUSTERED 
(
	[SupportTicketId] ASC
)WITH (PAD_INDEX = OFF, STATISTICS_NORECOMPUTE = OFF, IGNORE_DUP_KEY = OFF, ALLOW_ROW_LOCKS = ON, ALLOW_PAGE_LOCKS = ON, OPTIMIZE_FOR_SEQUENTIAL_KEY = OFF) ON [PRIMARY]
) ON [PRIMARY]
GO
/****** Object:  Table [dbo].[User]    Script Date: 15.04.2026 16:44:46 ******/
SET ANSI_NULLS ON
GO
SET QUOTED_IDENTIFIER ON
GO
CREATE TABLE [dbo].[User](
	[UserId] [int] IDENTITY(1,1) NOT NULL,
	[IsActive] [bit] NOT NULL,
	[CreatedAt] [datetime2](7) NOT NULL,
	[UpdatedAt] [datetime2](7) NULL,
	[IdentityUserId] [nvarchar](450) NOT NULL,
PRIMARY KEY CLUSTERED 
(
	[UserId] ASC
)WITH (PAD_INDEX = OFF, STATISTICS_NORECOMPUTE = OFF, IGNORE_DUP_KEY = OFF, ALLOW_ROW_LOCKS = ON, ALLOW_PAGE_LOCKS = ON, OPTIMIZE_FOR_SEQUENTIAL_KEY = OFF) ON [PRIMARY]
) ON [PRIMARY]
GO
/****** Object:  Table [dbo].[UserCourseAccess]    Script Date: 15.04.2026 16:44:46 ******/
SET ANSI_NULLS ON
GO
SET QUOTED_IDENTIFIER ON
GO
CREATE TABLE [dbo].[UserCourseAccess](
	[UserCourseAccessId] [int] IDENTITY(1,1) NOT NULL,
	[UserId] [int] NOT NULL,
	[CourseId] [int] NOT NULL,
	[CoursePricingPlanId] [int] NULL,
	[AccessStart] [datetime2](7) NOT NULL,
	[AccessEnd] [datetime2](7) NULL,
	[IsRevoked] [bit] NOT NULL,
	[IsActive] [bit] NOT NULL,
PRIMARY KEY CLUSTERED 
(
	[UserCourseAccessId] ASC
)WITH (PAD_INDEX = OFF, STATISTICS_NORECOMPUTE = OFF, IGNORE_DUP_KEY = OFF, ALLOW_ROW_LOCKS = ON, ALLOW_PAGE_LOCKS = ON, OPTIMIZE_FOR_SEQUENTIAL_KEY = OFF) ON [PRIMARY]
) ON [PRIMARY]
GO
/****** Object:  Table [dbo].[UserCourseEnrollment]    Script Date: 15.04.2026 16:44:46 ******/
SET ANSI_NULLS ON
GO
SET QUOTED_IDENTIFIER ON
GO
CREATE TABLE [dbo].[UserCourseEnrollment](
	[UserCourseEnrollmentId] [int] IDENTITY(1,1) NOT NULL,
	[UserId] [int] NOT NULL,
	[CourseId] [int] NOT NULL,
	[Status] [nvarchar](50) NOT NULL,
	[EnrolledAt] [datetime2](7) NOT NULL,
	[CompletedAt] [datetime2](7) NULL,
	[IsActive] [bit] NOT NULL,
PRIMARY KEY CLUSTERED 
(
	[UserCourseEnrollmentId] ASC
)WITH (PAD_INDEX = OFF, STATISTICS_NORECOMPUTE = OFF, IGNORE_DUP_KEY = OFF, ALLOW_ROW_LOCKS = ON, ALLOW_PAGE_LOCKS = ON, OPTIMIZE_FOR_SEQUENTIAL_KEY = OFF) ON [PRIMARY]
) ON [PRIMARY]
GO
/****** Object:  Table [dbo].[UserNotification]    Script Date: 15.04.2026 16:44:46 ******/
SET ANSI_NULLS ON
GO
SET QUOTED_IDENTIFIER ON
GO
CREATE TABLE [dbo].[UserNotification](
	[UserNotificationId] [int] IDENTITY(1,1) NOT NULL,
	[UserId] [int] NOT NULL,
	[Title] [nvarchar](200) NOT NULL,
	[Body] [nvarchar](max) NOT NULL,
	[IsRead] [bit] NOT NULL,
	[CreatedAt] [datetime2](7) NOT NULL,
	[IsActive] [bit] NOT NULL,
	[SupportTicketId] [int] NULL,
	[SupportMessageId] [int] NULL,
PRIMARY KEY CLUSTERED 
(
	[UserNotificationId] ASC
)WITH (PAD_INDEX = OFF, STATISTICS_NORECOMPUTE = OFF, IGNORE_DUP_KEY = OFF, ALLOW_ROW_LOCKS = ON, ALLOW_PAGE_LOCKS = ON, OPTIMIZE_FOR_SEQUENTIAL_KEY = OFF) ON [PRIMARY]
) ON [PRIMARY] TEXTIMAGE_ON [PRIMARY]
GO
/****** Object:  Table [dbo].[UserProfile]    Script Date: 15.04.2026 16:44:46 ******/
SET ANSI_NULLS ON
GO
SET QUOTED_IDENTIFIER ON
GO
CREATE TABLE [dbo].[UserProfile](
	[UserProfileId] [int] IDENTITY(1,1) NOT NULL,
	[UserId] [int] NOT NULL,
	[DisplayName] [nvarchar](200) NULL,
	[PreferredLanguage] [nvarchar](50) NULL,
	[Bio] [nvarchar](1000) NULL,
	[IsActive] [bit] NOT NULL,
PRIMARY KEY CLUSTERED 
(
	[UserProfileId] ASC
)WITH (PAD_INDEX = OFF, STATISTICS_NORECOMPUTE = OFF, IGNORE_DUP_KEY = OFF, ALLOW_ROW_LOCKS = ON, ALLOW_PAGE_LOCKS = ON, OPTIMIZE_FOR_SEQUENTIAL_KEY = OFF) ON [PRIMARY]
) ON [PRIMARY]
GO
INSERT [dbo].[__EFMigrationsHistory] ([MigrationId], [ProductVersion]) VALUES (N'20251112210630_IdentityInit', N'9.0.10')
INSERT [dbo].[__EFMigrationsHistory] ([MigrationId], [ProductVersion]) VALUES (N'20251118183510_SyncAfterManualSqlChanges', N'9.0.10')
INSERT [dbo].[__EFMigrationsHistory] ([MigrationId], [ProductVersion]) VALUES (N'20251118202911_AddIdentityUserIdToUser', N'9.0.10')
INSERT [dbo].[__EFMigrationsHistory] ([MigrationId], [ProductVersion]) VALUES (N'20251121163912_AddIsActiveToEntities', N'9.0.10')
INSERT [dbo].[__EFMigrationsHistory] ([MigrationId], [ProductVersion]) VALUES (N'20251202221523_SyncAfterRemovingAvatarUrl', N'9.0.10')
INSERT [dbo].[__EFMigrationsHistory] ([MigrationId], [ProductVersion]) VALUES (N'20251226123144_RemoveCourseCompletion', N'9.0.10')
GO
SET IDENTITY_INSERT [dbo].[Announcement] ON 

INSERT [dbo].[Announcement] ([AnnouncementId], [Title], [Body], [IsPublished], [PublishAt], [ExpiresAt], [CreatedByUserId], [CreatedAt], [UpdatedAt], [IsActive]) VALUES (1, N'English A1 – Everyday Basics: dłuższy dostęp w planie Premium', N'{"type":"durationPromo","description":"Kurs English A1 – Everyday Basics w planie Premium.","oldDays":250,"newDays":365}', 1, NULL, NULL, 7, CAST(N'2025-12-27T12:12:30.9866577' AS DateTime2), CAST(N'2025-12-27T14:23:21.6122478' AS DateTime2), 1)
INSERT [dbo].[Announcement] ([AnnouncementId], [Title], [Body], [IsPublished], [PublishAt], [ExpiresAt], [CreatedByUserId], [CreatedAt], [UpdatedAt], [IsActive]) VALUES (2, N'Promocja na kurs Business English – Office Basics', N'{"type":"pricePromo","description":"Kurs Business English – Office Basics w planie Basic.","oldPrice":49,"newPrice":29,"currency":"zł"}', 1, NULL, NULL, 7, CAST(N'2025-12-27T12:12:39.5550254' AS DateTime2), CAST(N'2025-12-27T14:23:38.4638675' AS DateTime2), 1)
SET IDENTITY_INSERT [dbo].[Announcement] OFF
GO
INSERT [dbo].[AspNetRoles] ([Id], [Name], [NormalizedName], [ConcurrencyStamp]) VALUES (N'75697220-3635-41ca-ae4e-5681cad466ab', N'Admin', N'ADMIN', NULL)
INSERT [dbo].[AspNetRoles] ([Id], [Name], [NormalizedName], [ConcurrencyStamp]) VALUES (N'853f60d8-4026-44ba-93f6-3b2223f48e4c', N'Tutor', N'TUTOR', NULL)
INSERT [dbo].[AspNetRoles] ([Id], [Name], [NormalizedName], [ConcurrencyStamp]) VALUES (N'ea3a0c1e-f9de-4108-847d-0adfffb57d97', N'Student', N'STUDENT', NULL)
GO
INSERT [dbo].[AspNetUserRoles] ([UserId], [RoleId]) VALUES (N'95450b3f-f6a4-488a-bd3b-1085fdfec5d1', N'75697220-3635-41ca-ae4e-5681cad466ab')
INSERT [dbo].[AspNetUserRoles] ([UserId], [RoleId]) VALUES (N'29735df9-2c92-42b0-826a-9ada9d522c03', N'853f60d8-4026-44ba-93f6-3b2223f48e4c')
INSERT [dbo].[AspNetUserRoles] ([UserId], [RoleId]) VALUES (N'7636d6e0-68fc-454e-8a8f-936d9ab6ed88', N'853f60d8-4026-44ba-93f6-3b2223f48e4c')
INSERT [dbo].[AspNetUserRoles] ([UserId], [RoleId]) VALUES (N'81eb41aa-69ed-461d-9445-acc603218364', N'853f60d8-4026-44ba-93f6-3b2223f48e4c')
INSERT [dbo].[AspNetUserRoles] ([UserId], [RoleId]) VALUES (N'a4a46c36-2b3c-4cf0-adad-5a927b56e1ce', N'853f60d8-4026-44ba-93f6-3b2223f48e4c')
INSERT [dbo].[AspNetUserRoles] ([UserId], [RoleId]) VALUES (N'04dad8cd-28ae-42e1-9136-1647af728577', N'ea3a0c1e-f9de-4108-847d-0adfffb57d97')
INSERT [dbo].[AspNetUserRoles] ([UserId], [RoleId]) VALUES (N'81eb41aa-69ed-461d-9445-acc603218364', N'ea3a0c1e-f9de-4108-847d-0adfffb57d97')
INSERT [dbo].[AspNetUserRoles] ([UserId], [RoleId]) VALUES (N'9994aedc-faad-4ef1-8168-4930324849c2', N'ea3a0c1e-f9de-4108-847d-0adfffb57d97')
INSERT [dbo].[AspNetUserRoles] ([UserId], [RoleId]) VALUES (N'b47a6af2-aa59-4407-a1fb-30d9bdaefbb4', N'ea3a0c1e-f9de-4108-847d-0adfffb57d97')
INSERT [dbo].[AspNetUserRoles] ([UserId], [RoleId]) VALUES (N'dc39134a-5991-43bf-8b24-492bb740f142', N'ea3a0c1e-f9de-4108-847d-0adfffb57d97')
INSERT [dbo].[AspNetUserRoles] ([UserId], [RoleId]) VALUES (N'dd603aef-da77-4d63-a95d-3ace16587c4f', N'ea3a0c1e-f9de-4108-847d-0adfffb57d97')
INSERT [dbo].[AspNetUserRoles] ([UserId], [RoleId]) VALUES (N'de3c022a-27cf-4a94-af54-c5bf6ee4eb98', N'ea3a0c1e-f9de-4108-847d-0adfffb57d97')
GO
INSERT [dbo].[AspNetUsers] ([Id], [UserName], [NormalizedUserName], [Email], [NormalizedEmail], [EmailConfirmed], [PasswordHash], [SecurityStamp], [ConcurrencyStamp], [PhoneNumber], [PhoneNumberConfirmed], [TwoFactorEnabled], [LockoutEnd], [LockoutEnabled], [AccessFailedCount]) VALUES (N'04dad8cd-28ae-42e1-9136-1647af728577', N'student2@test.pl', N'STUDENT2@TEST.PL', N'student2@test.pl', N'STUDENT2@TEST.PL', 0, N'AQAAAAIAAYagAAAAEDJvwPzme5sBx3dU0nBxgYyMkTKus1IlfDmmk4G/rfmDbhQ3kpR4+/v4k0ZKYTnTuA==', N'BKLQRF34V7PUFXDVHGSAJIXZTKZZDCEY', N'569c60f8-d20b-43cf-8e35-36ccb97220c0', NULL, 0, 0, NULL, 1, 0)
INSERT [dbo].[AspNetUsers] ([Id], [UserName], [NormalizedUserName], [Email], [NormalizedEmail], [EmailConfirmed], [PasswordHash], [SecurityStamp], [ConcurrencyStamp], [PhoneNumber], [PhoneNumberConfirmed], [TwoFactorEnabled], [LockoutEnd], [LockoutEnabled], [AccessFailedCount]) VALUES (N'29735df9-2c92-42b0-826a-9ada9d522c03', N'tutor1@test.pl', N'TUTOR1@TEST.PL', N'tutor1@test.pl', N'TUTOR1@TEST.PL', 0, N'AQAAAAIAAYagAAAAEJzC7itRS8TMhMkKE1ybLgiav2P+e2Ha3o14NRDItHcrYm/Uf0EBQnzl5mJMdc8Mdw==', N'KC6EYQI7DLM6Q2CMOXHTHNUM2KTLV2AR', N'71e3b7dd-6798-451b-b489-a0c836040e6f', NULL, 0, 0, NULL, 1, 0)
INSERT [dbo].[AspNetUsers] ([Id], [UserName], [NormalizedUserName], [Email], [NormalizedEmail], [EmailConfirmed], [PasswordHash], [SecurityStamp], [ConcurrencyStamp], [PhoneNumber], [PhoneNumberConfirmed], [TwoFactorEnabled], [LockoutEnd], [LockoutEnabled], [AccessFailedCount]) VALUES (N'6b4a972c-2b59-41b8-ad53-c9e2893be6ad', N'student11@test.pl', N'STUDENT11@TEST.PL', N'student11@test.pl', N'STUDENT11@TEST.PL', 0, N'AQAAAAIAAYagAAAAEG/EZqFz4PjWIjyY9bvGjQnkgeVoxCeMpxtulPNNR0hms1wPYWlQ/aVf/YMCJT/PTw==', N'2CA6D3A5QHX7D7NCJEH3BPNYL4JO2NMV', N'8f473701-3618-478c-9cca-94e82f69f4a1', NULL, 0, 0, NULL, 1, 0)
INSERT [dbo].[AspNetUsers] ([Id], [UserName], [NormalizedUserName], [Email], [NormalizedEmail], [EmailConfirmed], [PasswordHash], [SecurityStamp], [ConcurrencyStamp], [PhoneNumber], [PhoneNumberConfirmed], [TwoFactorEnabled], [LockoutEnd], [LockoutEnabled], [AccessFailedCount]) VALUES (N'7636d6e0-68fc-454e-8a8f-936d9ab6ed88', N'tutor2@test.pl', N'TUTOR2@TEST.PL', N'tutor2@test.pl', N'TUTOR2@TEST.PL', 0, N'AQAAAAIAAYagAAAAEGs72NCTO+javm31OR59vy0S/7R5kKYdfg9ru+7S5AjRjeNIy2owjuO1S3ApucKl9A==', N'2F53GIOCAEAFZGA27SUWFPQQPD34BH64', N'0fd63df2-39c4-4713-98ee-81fcbc6f14fe', NULL, 0, 0, NULL, 1, 0)
INSERT [dbo].[AspNetUsers] ([Id], [UserName], [NormalizedUserName], [Email], [NormalizedEmail], [EmailConfirmed], [PasswordHash], [SecurityStamp], [ConcurrencyStamp], [PhoneNumber], [PhoneNumberConfirmed], [TwoFactorEnabled], [LockoutEnd], [LockoutEnabled], [AccessFailedCount]) VALUES (N'81eb41aa-69ed-461d-9445-acc603218364', N'student4@test.pl', N'STUDENT4@TEST.PL', N'student4@test.pl', N'STUDENT4@TEST.PL', 0, N'AQAAAAIAAYagAAAAEJfsc7GH/vlRPG1Lk8V/L2DdyN7t6zEAmj0l30eFhHL3KhMGduB8XUMkiHlBEx2anQ==', N'QAPNLTR64WBGFXG3FLBQY43QMNB2QJQH', N'f8ff7d91-1d16-464f-86e2-d288fc77352b', NULL, 0, 0, NULL, 1, 0)
INSERT [dbo].[AspNetUsers] ([Id], [UserName], [NormalizedUserName], [Email], [NormalizedEmail], [EmailConfirmed], [PasswordHash], [SecurityStamp], [ConcurrencyStamp], [PhoneNumber], [PhoneNumberConfirmed], [TwoFactorEnabled], [LockoutEnd], [LockoutEnabled], [AccessFailedCount]) VALUES (N'95450b3f-f6a4-488a-bd3b-1085fdfec5d1', N'admin@test.pl', N'ADMIN@TEST.PL', N'admin@test.pl', N'ADMIN@TEST.PL', 0, N'AQAAAAIAAYagAAAAEAUM5zRQzSXSNQTdiKeTBsoDhjGo7HzZAnjNXkaOgyrPCPe4V/rXq5T7wrQ3qEiRRA==', N'YSAXNGPRN6USJKILIV3EVNZ6PRJFXIMS', N'cf9e3a7e-4427-4dc6-90bb-3be4c4d70fd3', NULL, 0, 0, NULL, 1, 0)
INSERT [dbo].[AspNetUsers] ([Id], [UserName], [NormalizedUserName], [Email], [NormalizedEmail], [EmailConfirmed], [PasswordHash], [SecurityStamp], [ConcurrencyStamp], [PhoneNumber], [PhoneNumberConfirmed], [TwoFactorEnabled], [LockoutEnd], [LockoutEnabled], [AccessFailedCount]) VALUES (N'9994aedc-faad-4ef1-8168-4930324849c2', N'student1@test.pl', N'STUDENT1@TEST.PL', N'student1@test.pl', N'STUDENT1@TEST.PL', 0, N'AQAAAAIAAYagAAAAEFp4o6L/qmdkPbHk2W/1af8TtoWK50MYE8ve3WIOpTU2Dj6hcMtHHpnLAn8i9v2Cbg==', N'K7B6BMURMPE6Y44D6DTT6IZESVE2UC4P', N'e30308cf-0035-4a13-a54e-c6a4697e4652', NULL, 0, 0, NULL, 1, 0)
INSERT [dbo].[AspNetUsers] ([Id], [UserName], [NormalizedUserName], [Email], [NormalizedEmail], [EmailConfirmed], [PasswordHash], [SecurityStamp], [ConcurrencyStamp], [PhoneNumber], [PhoneNumberConfirmed], [TwoFactorEnabled], [LockoutEnd], [LockoutEnabled], [AccessFailedCount]) VALUES (N'a4a46c36-2b3c-4cf0-adad-5a927b56e1ce', N'tutor3@test.pl', N'TUTOR3@TEST.PL', N'tutor3@test.pl', N'TUTOR3@TEST.PL', 0, N'AQAAAAIAAYagAAAAEAHAik4P8O1qJVpEeSKZbDu22QTndaa3Ur4pELYPZh9KFh12bQ5qshiX6f6fc6bVQA==', N'P2OENZB3XEPNPJPUFHNNX6AYKX42B6SS', N'653e3f8d-4cf7-4a6c-b5c1-d23efe1e8248', NULL, 0, 0, NULL, 1, 0)
INSERT [dbo].[AspNetUsers] ([Id], [UserName], [NormalizedUserName], [Email], [NormalizedEmail], [EmailConfirmed], [PasswordHash], [SecurityStamp], [ConcurrencyStamp], [PhoneNumber], [PhoneNumberConfirmed], [TwoFactorEnabled], [LockoutEnd], [LockoutEnabled], [AccessFailedCount]) VALUES (N'b47a6af2-aa59-4407-a1fb-30d9bdaefbb4', N'student10@test.pl', N'STUDENT10@TEST.PL', N'student10@test.pl', N'STUDENT10@TEST.PL', 0, N'AQAAAAIAAYagAAAAEBYoXwra7OqYSwdSPbB+tSehVZ87URbfOtWYVH5jCE9T5wQ+L6SH3HM+m5Kt0XC9rw==', N'3OA6JN7CMSP5EC4XCA5LNHGDZESHR4RN', N'4f88d247-6f4a-4e1d-9dcc-54778b85c422', NULL, 0, 0, NULL, 1, 0)
INSERT [dbo].[AspNetUsers] ([Id], [UserName], [NormalizedUserName], [Email], [NormalizedEmail], [EmailConfirmed], [PasswordHash], [SecurityStamp], [ConcurrencyStamp], [PhoneNumber], [PhoneNumberConfirmed], [TwoFactorEnabled], [LockoutEnd], [LockoutEnabled], [AccessFailedCount]) VALUES (N'd6030bf9-527c-4771-8ced-85ae9dad6d06', N'student5@test.pl', N'STUDENT5@TEST.PL', N'student5@test.pl', N'STUDENT5@TEST.PL', 0, N'AQAAAAIAAYagAAAAEIdsBpybi5F1cbTEYK6e2tXWmJxLUGqypGuQKXT8M4q5W3tSkU7N+NUFRGsi+0EX8A==', N'RYWJP34KHMJ7SHVGDGAOOKQN6JEJ7OT6', N'e2632571-b483-48a5-86c7-3b3ab8aa4e82', NULL, 0, 0, NULL, 1, 0)
INSERT [dbo].[AspNetUsers] ([Id], [UserName], [NormalizedUserName], [Email], [NormalizedEmail], [EmailConfirmed], [PasswordHash], [SecurityStamp], [ConcurrencyStamp], [PhoneNumber], [PhoneNumberConfirmed], [TwoFactorEnabled], [LockoutEnd], [LockoutEnabled], [AccessFailedCount]) VALUES (N'dc39134a-5991-43bf-8b24-492bb740f142', N'student6@test.pl', N'STUDENT6@TEST.PL', N'student6@test.pl', N'STUDENT6@TEST.PL', 0, N'AQAAAAIAAYagAAAAEOMcQF+J0Cqb2o0PVZqObuQvgaWUJOB1KW+P7UVGMSyRoFZq3TiD9ObzYpIfwMb5bA==', N'SI76PGWBYKB7BXK46QUY5BQQ2BMIQZ2T', N'079f5cf4-b96f-4cf3-bf27-5b3479bab71e', NULL, 0, 0, NULL, 1, 0)
INSERT [dbo].[AspNetUsers] ([Id], [UserName], [NormalizedUserName], [Email], [NormalizedEmail], [EmailConfirmed], [PasswordHash], [SecurityStamp], [ConcurrencyStamp], [PhoneNumber], [PhoneNumberConfirmed], [TwoFactorEnabled], [LockoutEnd], [LockoutEnabled], [AccessFailedCount]) VALUES (N'dd603aef-da77-4d63-a95d-3ace16587c4f', N'student3@test.pl', N'STUDENT3@TEST.PL', N'student3@test.pl', N'STUDENT3@TEST.PL', 0, N'AQAAAAIAAYagAAAAEH5e1bG+MVgTostOEqb7VuW7fuenghaW2Xay02uSTi6rQA6ZUtuTaP3uEgRbYmsvzA==', N'FRTCHNYZ5M755WV2M4K5LLBRCRMM5H3O', N'44c88cf7-5afb-49ed-b6ab-7aaef21e6e5f', NULL, 0, 0, NULL, 1, 0)
INSERT [dbo].[AspNetUsers] ([Id], [UserName], [NormalizedUserName], [Email], [NormalizedEmail], [EmailConfirmed], [PasswordHash], [SecurityStamp], [ConcurrencyStamp], [PhoneNumber], [PhoneNumberConfirmed], [TwoFactorEnabled], [LockoutEnd], [LockoutEnabled], [AccessFailedCount]) VALUES (N'de3c022a-27cf-4a94-af54-c5bf6ee4eb98', N'student7@test.pl', N'STUDENT7@TEST.PL', N'student7@test.pl', N'STUDENT7@TEST.PL', 0, N'AQAAAAIAAYagAAAAENBm8xUicc9YcYQeYfMEP0ObDEmqbnsWGVzyXq8mizzkT+RszN5zulTDqn3zofR26A==', N'2223TMLIVDREF3L2YRO7BQZRE5AYWLVP', N'33bfa513-85fe-4505-b1c5-8ac3dc9688d1', NULL, 0, 0, NULL, 1, 0)
INSERT [dbo].[AspNetUsers] ([Id], [UserName], [NormalizedUserName], [Email], [NormalizedEmail], [EmailConfirmed], [PasswordHash], [SecurityStamp], [ConcurrencyStamp], [PhoneNumber], [PhoneNumberConfirmed], [TwoFactorEnabled], [LockoutEnd], [LockoutEnabled], [AccessFailedCount]) VALUES (N'e453fb21-b3c1-47a9-8aa9-f3fc23dc66e3', N'student9@test.pl', N'STUDENT9@TEST.PL', N'student9@test.pl', N'STUDENT9@TEST.PL', 0, N'AQAAAAIAAYagAAAAEEjB+nTEhMwfDiKwblPhsmeREZxtI+n9g4RbCc8skeGn7MMVjydV4NxDUrb6rXoGlQ==', N'ACOPBJQYG3AAYL2EI3GKDUVGJM6OUOW2', N'edb73326-dba6-4f84-ae2f-3fb3907ee78d', NULL, 0, 0, NULL, 1, 0)
INSERT [dbo].[AspNetUsers] ([Id], [UserName], [NormalizedUserName], [Email], [NormalizedEmail], [EmailConfirmed], [PasswordHash], [SecurityStamp], [ConcurrencyStamp], [PhoneNumber], [PhoneNumberConfirmed], [TwoFactorEnabled], [LockoutEnd], [LockoutEnabled], [AccessFailedCount]) VALUES (N'f9a19cff-3177-4bae-a103-47d25720f8f9', N'student8@test.pl', N'STUDENT8@TEST.PL', N'student8@test.pl', N'STUDENT8@TEST.PL', 0, N'AQAAAAIAAYagAAAAEIlTrjZaCxfQ/HzodefzWAQKrpG9p4F/FExMtX/BzVhmNMeEGv+JLC/y1gnb/ku4PA==', N'2WQQYO5G6UG27AO4SYBF7EFCYLUMWKKA', N'8f32ae71-4802-482d-a917-4a0cdfd582a7', NULL, 0, 0, NULL, 1, 0)
GO
SET IDENTITY_INSERT [dbo].[CertificateTemplate] ON 

INSERT [dbo].[CertificateTemplate] ([CertificateTemplateId], [Name], [Description], [TemplateBody], [IsActive], [CreatedAt], [UpdatedAt]) VALUES (1, N'Certyfikat ukończenia kursu', N'Domyślny certyfikat generowany po ukończeniu kursu', N'UEsDBBQABgAIAAAAIQDfpNJsWgEAACAFAAATAAgCW0NvbnRlbnRfVHlwZXNdLnhtbCCiBAIooAACAAAAAAAAAAAAAAAAAAAAAAAAAAAAAAAAAAAAAAAAAAAAAAAAAAAAAAAAAAAAAAAAAAAAAAAAAAAAAAAAAAAAAAAAAAAAAAAAAAAAAAAAAAAAAAAAAAAAAAAAAAAAAAAAAAAAAAAAAAAAAAAAAAAAAAAAAAAAAAAAAAAAAAAAAAAAAAAAAAAAAAAAAAAAAAAAAAAAAAAAAAAAAAAAAAAAAAAAAAAAAAAAAAAAAAAAAAAAAAAAAAAAAAAAAAAAAAAAAAAAAAAAAAAAAAAAAAAAAAAAAAAAAAAAAAAAAAAAAAAAAAAAAAAAAAAAAAAAAAAAAAAAAAAAAAAAAAAAAAAAAAAAAAAAAAAAAAAAAAAAAAAAAAAAAAAAAAAAAAAAAAAAAAAAAAAAAAAAAAAAAAAAAAAAAAAAAAAAAAAAAAAAAAAAAAAAAAAAAAAAAAAAAAAAAAAAAAAAAAAAAAAAAAAAAAAAAAAAAAAAAAAAAAAAAAAAAAAAAAAAAAAAAAAAAAAAAAAAAAAAAAAAAAAAAAAAAAAAAAAAAAAAAAAAAAAAAAAAAAAAAAAAAAAAAAAAAAAAAAAAAAAAAAAAAAAAAAAAAAAAAAAAAAAAAAAAAAAAAAAAAAAAAAAAAAAAAAAAAAAAAAAAAAAAAAAAAAAAAAAAAAAAAAAAAAAAAAAAAAAAAAC0lMtuwjAQRfeV+g+Rt1Vi6KKqKgKLPpYtUukHGHsCVv2Sx7z+vhMCUVUBkQpsIiUz994zVsaD0dqabAkRtXcl6xc9loGTXmk3K9nX5C1/ZBkm4ZQw3kHJNoBsNLy9GUw2ATAjtcOSzVMKT5yjnIMVWPgAjiqVj1Ykeo0zHoT8FjPg973eA5feJXApT7UHGw5eoBILk7LXNX1uSCIYZNlz01hnlUyEYLQUiep86dSflHyXUJBy24NzHfCOGhg/mFBXjgfsdB90NFEryMYipndhqYuvfFRcebmwpCxO2xzg9FWlJbT62i1ELwGRztyaoq1Yod2e/ygHpo0BvDxF49sdDymR4BoAO+dOhBVMP69G8cu8E6Si3ImYGrg8RmvdCZFoA6F59s/m2NqciqTOcfQBaaPjP8ber2ytzmngADHp039dm0jWZ88H9W2gQB3I5tv7bfgDAAD//wMAUEsDBBQABgAIAAAAIQAekRq37wAAAE4CAAALAAgCX3JlbHMvLnJlbHMgogQCKKAAAgAAAAAAAAAAAAAAAAAAAAAAAAAAAAAAAAAAAAAAAAAAAAAAAAAAAAAAAAAAAAAAAAAAAAAAAAAAAAAAAAAAAAAAAAAAAAAAAAAAAAAAAAAAAAAAAAAAAAAAAAAAAAAAAAAAAAAAAAAAAAAAAAAAAAAAAAAAAAAAAAAAAAAAAAAAAAAAAAAAAAAAAAAAAAAAAAAAAAAAAAAAAAAAAAAAAAAAAAAAAAAAAAAAAAAAAAAAAAAAAAAAAAAAAAAAAAAAAAAAAAAAAAAAAAAAAAAAAAAAAAAAAAAAAAAAAAAAAAAAAAAAAAAAAAAAAAAAAAAAAAAAAAAAAAAAAAAAAAAAAAAAAAAAAAAAAAAAAAAAAAAAAAAAAAAAAAAAAAAAAAAAAAAAAAAAAAAAAAAAAAAAAAAAAAAAAAAAAAAAAAAAAAAAAAAAAAAAAAAAAAAAAAAAAAAAAAAAAAAAAAAAAAAAAAAAAAAAAAAAAAAAAAAAAAAAAAAAAAAAAAAAAAAAAAAAAAAAAAAAAAAAAAAAAAAAAAAAAAAAAAAAAAAAAAAAAAAAAAAAAAAAAAAAAAAAAAAAAAAAAAAAAAAAAAAAAAAAAAAAAAAAAAAAAAAAAAAAAAAAAAAAAAAAAAAAAAAAAAAAAAAAAAAAAAAAAAAAAAAAAAAAAAAAAAAAAAAAAAAAAAAArJLBasMwDEDvg/2D0b1R2sEYo04vY9DbGNkHCFtJTBPb2GrX/v082NgCXelhR8vS05PQenOcRnXglF3wGpZVDYq9Cdb5XsNb+7x4AJWFvKUxeNZw4gyb5vZm/cojSSnKg4tZFYrPGgaR+IiYzcAT5SpE9uWnC2kiKc/UYySzo55xVdf3mH4zoJkx1dZqSFt7B6o9Rb6GHbrOGX4KZj+xlzMtkI/C3rJdxFTqk7gyjWop9SwabDAvJZyRYqwKGvC80ep6o7+nxYmFLAmhCYkv+3xmXBJa/ueK5hk/Nu8hWbRf4W8bnF1B8wEAAP//AwBQSwMEFAAGAAgAAAAhANZks1H0AAAAMQMAABwACAF3b3JkL19yZWxzL2RvY3VtZW50LnhtbC5yZWxzIKIEASigAAEAAAAAAAAAAAAAAAAAAAAAAAAAAAAAAAAAAAAAAAAAAAAAAAAAAAAAAAAAAAAAAAAAAAAAAAAAAAAAAAAAAAAAAAAAAAAAAAAAAAAAAAAAAAAAAAAAAAAAAAAAAAAAAAAAAAAAAAAAAAAAAAAAAAAAAAAAAAAAAAAAAAAAAAAAAAAAAAAAAAAAAAAAAAAAAAAAAAAAAAAAAAAAAAAAAAAAAAAAAAAAAAAAAAAAAAAAAAAAAAAAAAAAAAAAAAAAAAAAAAAAAAAAAAAAAAAAAAAAAAAAAAAAAAAAAAAAAAAAAAAAAAAAAAAAAAAAAAAAAAAAAAAAAAAAAAAAAAAAAAAArJLLasMwEEX3hf6DmH0tO31QQuRsSiHb1v0ARR4/qCwJzfThv69ISevQYLrwcq6Yc8+ANtvPwYp3jNR7p6DIchDojK971yp4qR6v7kEQa1dr6x0qGJFgW15ebJ7Qak5L1PWBRKI4UtAxh7WUZDocNGU+oEsvjY+D5jTGVgZtXnWLcpXndzJOGVCeMMWuVhB39TWIagz4H7Zvmt7ggzdvAzo+UyE/cP+MzOk4SlgdW2QFkzBLRJDnRVZLitAfi2Myp1AsqsCjxanAYZ6rv12yntMu/rYfxu+wmHO4WdKh8Y4rvbcTj5/oKCFPPnr5BQAA//8DAFBLAwQUAAYACAAAACEAAjQ4wKIDAADcEQAAEQAAAHdvcmQvZG9jdW1lbnQueG1s7Jjdbts2FIDvB+wdBN0nkqzEdoTaxZo0QS5WGHN3XdAUJRGmSIGkrChF7/pqe68d6seyozaVFXTBsN1EosjznV+Sx3nz9iFl1o5IRQVf2N65a1uEYxFSHi/sPz/ens1tS2nEQ8QEJwu7JMp+u/z1lzdFEAqcp4RrCxBcBUWGF3aidRY4jsIJSZE6TymWQolIn2OROiKKKCZOIWToTFzPrd4yKTBRCvRdI75Dym5w+GEYLZSoAGEDvHBwgqQmDx3DOxly6Vw58z5oMgIEHk68Pso/GTV1jFU90MUoEFjVI12OI33Duek40qRPmo0j+X3SfBypV05pv8BFRjhMRkKmSMNQxk6K5DbPzgCcIU03lFFdAtOdthhE+XaERSC1J6R+eDJh5qQiJMwPW4pY2LnkQSN/tpc3pge1fPNoJeQQ/2uRm+ZwqDx3JGEQC8FVQrP9Dk/H0mAyaSG755zYpaxdV2TewO3yvePppg5lBxxifhP/lNWWP0/03AEZMYi9xBATjnW2lqRQhZ3iUaE5CK438ABpAZMeYIrpwJJuGXU0wR+QPOAochrmssWoMu22epHFL6uWOynyrKPRl9Huu71fmFv4BFZTdYc7Qb3MmHWCMjgSUhzcx1xItGFgEdSQBWVgVRkwfyErltl09hJahY0IS/PMrCKAViP8Y2G77uTWvXB9u/10QyKUM30wU0mspHnI5rHWJQN8sENsYa9ELPMNJZwS2zHT6rGd8iftl2t1/M1pYE7Hbi1YySfKG62nYItAL6+J1GVEt0hb+Vb89RU/gonI2uZS5WahrpdXGsarMekMVIYwRD+TRBG5I/YysJ5qOPbuyvdm76aVd3r5+fOTxZBkEb2XRkaXGYBVRhhba7gGa4ueo10LcJB8pJqRQdj3PPwx9MuXI5bJ2n+lkDayWvKdRGfysXzkiJdWyNArZn2t8xBu5g8o/T/rPz/rN0i/ZrLvlcpJ+Jv+ZzM9v3UnnrvP9FGcT0n/vyC/H6DNla95hsPVReH2R5qAKRsif1qmTVMgtubHUmUaCJoGsMoyh7NkYX+6E+8Q3tbgdi1o2q+sw1qViyJYr/bKf1QzlSPx2qQNOmjPuzK/zYoggffp3J/XGrP4d1S5KaDR9y68WcWicaK74UZoLdJuzEh0MJsQFBLQO3PnZhgJoQ+Gca6rYeVHEWDBTMk0BWHWVJ9Dge+k6aQCRjlZUY3BSn/aOl/7Xb3WLZbT/Vtm+TcAAAD//wMAUEsDBBQABgAIAAAAIQBB2vbl4gYAAOYgAAAVAAAAd29yZC90aGVtZS90aGVtZTEueG1s7FlLixtHEL4H8h+Guct6zeixWGukkeTXrr141w4+9kqtmV71TIvu1q6FMQT7lEsg4IQcYsgthxBiiCEml/wYg03i/IhU90iaaamV9dprMGFXsOrHV9VfV1VXl2YuX3kQU+cYc0FY0nLLl0qug5MBG5IkbLl3D/qFhusIiZIhoizBLXeGhXtl+/PPLqMtGeEYOyCfiC3UciMpJ1vFohjAMBKX2AQnMDdiPEYSujwsDjk6Ab0xLVZKpVoxRiRxnQTFoHaXydmJM0FjguXUuT0akQF2txeL9Cj8S6RQAwPK99USeC65p2XyIsNxWX2JmQgod44Rbbmw7JCdHOAH0nUoEhImWm5J/7nF7cvFpRCVG2Rzcn39N5ebCwzHFS3Hw8OloOf5Xq291K8BVK7jevVerVdb6tMANBjAhlMups56JfDm2BwobVp0d+vdatnA5/RX1/BtX30MvAalTW8N3+8HmQ1zoLTpr+H9TrPTNfVrUNqsreHrpXbXqxt4DYooScZr6JJfqwaL3S4hI0avWeFN3+vXK3N4hirmgiyVT+QpIRejI8b7gNM+RpIkjpxN8AgNAB4gSg45cXZIGEH8TVDCBAyXKqV+qQr/1cfTLe1YtIVRTjodGoi1IUXLEQNOJrLl3gCtbg7y+uXLV49fvHr8+6snT149/nW+9rrcNZSEebm3P33zz7Mvnb9/+/Ht02/teJHHv/nlqzd//Plf6qVB67vnb148f/3913/9/NQCb3N0mIcfkBgL5xY+ce6wGDZoWQAf8rNJHESI5CXaSShQgpSMBd2TkYG+NUMUWXAdbNrxHoesYQNenR4ZhPcjPpXEArwZxQZwlzHaYdy6p5tqrbwVpkloX5xP87g7CB3b1g5WvNybTiD8iU1lEGGD5h4Fl6MQJ3BA1BwbY2wRu0+IYdddMuBMsJF07hOng4jVJAfk0IimTOgaicEvMxtB8Ldhm917TodRm/ouPjaRcDYQtanE1DDjVTSVKLYyRjHNI3eQjGwk92d8YBhcSPB0iClzekMshE3mNp8ZdG9CmrG7fZfOYhPJJRnbkDuIsTyyy8ZBhOKJlTNJojz2uhhDiCJnj0krCWaeENUHP6Bko7vvQZI929m+C2nIHiBqZsptRwIz8zzO6Ahhm/I2j40U2+bEGh2daWiE9g7GFJ2gIcbO3es2PJsYNs9I34ggq1zDNtvcQGasqn6CBXZ0jWNxLBFGyO7jkG3gsztbSTwzlMSIb9J8a2yGTA+uutgar3QwNlIp4erQ2kncFrGxv41a9yJkhJXqC3u8zrjhv3c5YyBz9B4y+MwykNjf2TYHiBoLZAFzgKDKsKVbEDHcn4mo46TFpla5kXloMzcUV4qemCSnVkArtY//8WofqDBe//DMgj2fescO/JBKZ1MyWa1vNuFWq5qA8SH59IuaLpomexjuEQv0oqa5qGn+9zXNpvN8UclcVDIXlYxd5CNUMlnxop8ELZ73aC3xaQ9/RoTSfTmjeEfo6kdAChj2YVB3tOzykdMkguZ8VQMXcqTbDmfyCyKj/QhNYLWyXiEUc9WhcCZMQP2kh6261QSdxrtsmI6Wy4unnCCAZDYO9ddiHKo1mY7W6tnjvKV63Qv109cFASV7FhK5xUwSVQuJ+mLwFBJ6Z+fComlh0VDqN7LQX3OvwB3lIPW83PdSRhB1ENlD5adUfuHdc/f0JmOa265YttdUXM/H0waJXLiZJHJhGMEdsjp8zr5uZi416ClTrNOoNz6Gr1UuWckNNDF7zgmcuaoPagZo0nJH8MsJmvEE9AmVsBANk5Y7kHNDv09mmXAhu0hEKUxPpfuPicTcoSSGWM+7gSYZt3Klrvb4iZJrlj49y+mvvJPxaIQHcsNI1oW5VIl19gPBqsOmQHo/Gp44h3TK7yAwlF8vKwMOiZBLaw4JzwV3ZsWVdDU/isbbl+yIIjqJ0PxGySfzFK7bSzq5fWimq7sy+/PNHIbKSR98654upCZySXPDBaJuTXv++HiXfI5VlvcNVmnqXs11zUWu23RLfPiFkKOWLWZQU4wt1LJRk9o5FgS55ZahuemOOO/bYDVq1QWxKC91b+1tNzs8gsjvQtE6pVJoqvDjhaNg8YIyzQR6dJFdHkhnyknLfVjy215Q8YNCqeH3Cl7VKxUafrtaaPt+tdzzy6Vup/IIjCKjuOyna/fhNz+dzV/q6/G1F/vxouK+NGBxkek6uKiF9Yv9csV4sZ/Wyc6BmncdApZ5WKv0m9Vmp1ZoVtv9gtftNArNoNYpdGtBvdvvBn6j2X/kOsca7LWrgVfrNQq1chAUvFpJ0W80C3WvUml79Xaj57UfzW0NO198L8yreW3/CwAA//8DAFBLAwQUAAYACAAAACEA9TEwlvADAADqCgAAEQAAAHdvcmQvc2V0dGluZ3MueG1stFZbb9s2FH4fsP9g6HmOJVl2Yq1OEcf1kiJei9rDgL1RImUT4Q0kZccd9t93SImRvRSF0yEvNnm+c+Phd3j07v0TZ70d0YZKMY2SizjqEVFKTMVmGv2xXvSvop6xSGDEpCDT6EBM9P7655/e7XNDrAU10wMXwuS8nEZba1U+GJhySzgyF1IRAWAlNUcWtnoz4Eg/1qpfSq6QpQVl1B4GaRyPo9aNnEa1Fnnros9pqaWRlXUmuawqWpL2L1joc+I2JnNZ1pwI6yMONGGQgxRmS5UJ3viPegNwG5zsvneIHWdBb5/EZxx3LzV+tjgnPWegtCyJMXBBnIUEqegCZy8cPce+gNjtEb0rME9ivzrOfPQ6B+kLB+OS4tf5GLc+BmB55MeQ17kZBTfmwMlTcGTYOaVtoAdaaKQb4rZ15WV+vxFSo4JBOlDfHpSo57Nzvy7ja2iar1Ly3j5XRJfAnGk0iaOBk8N1yWplkQXt3CjCmO/AkhEkGg1MKlQzu0bFykoFWjsEGV/GVw28PagtEZ7Pf0GnBjxLRw1ebpFGpSV6pVAJvm+lsFqyoIfl79LeQldqIE1r4Xu0W62afgcLgTic8aSHlxJDQ+7zWtPzL8MZ+OhJSPKbgSS8T5pisna1XdkDIwtIfkW/khuBP9bGUvDoT/4/MvheAlBXiPwJ2LA+KLIgyNZQpjcK5m9iwahaUq2lvhcYiPJmwWhVEQ0BKDBvCfSiWu59ne8IwjAW3ihubcifoAzNOFwDLR9n0lrJ7zoO/3hc31CDY/rCcMMmLL5IaZ9V43QRZ/GwydSh5yBXizhN2rY9RSbD5HI2buO3UXnuBsNnHVaOuj3eWNwiXmiKeks3OgZOo9CPMyoCXhB4esgxsqqLAPb7DWA4YmwBRQyAT43nmBo1J5VfsyXSm85vq6G/KYV35uOzL/dIEf2blrVq0L1GqqFkUEmyrLWkwj5QHuSmLlbBSsBjeQTVAn/aaV+nrjz73MIV+9Z+QJ4qXlex/ueHlkpMrxwNyBIp1bCp2CTTiNHN1iaOABZ2GL4w/KbYpC2WeixtML9BpTsZaLeLTpYG2ZHeMMiGnSwLsqyTjYJs1MnGQTZ2MniliYan/RGIHZZOXknG5J7guw5/IWqKYLZIkXkzC4BeshG0w8H0djl5grFCMLXw4aYo5ugJ7ihOPS1bbYYOsrYnug5zyurUA0YWta08ODH2FP9PLm5GlRTouDrwohstvzSJM2rgGVAwhazUAfvVY8nIjyfrnwK42C+kmiFDcIthWd5jN04bm7/jm8XNZD5M+1ezyWU/u0yy/mSWDvvjIbTth5ts/mGY/dN2YfhIvf4XAAD//wMAUEsDBBQABgAIAAAAIQBIyRYA1wEAAIsFAAASAAAAd29yZC9mb250VGFibGUueG1svJJva9swEMbfD/YdhN43lp0/bU2dkmUJDMZelO4DKIpsi1mS0Slx8+13kp1szBQaWmaDkJ67+0n3cA+PL7ohR+lAWVPQdMIokUbYvTJVQX8+b2/uKAHPzZ431siCniTQx+XnTw9dXlrjgWC9gVyLgtbet3mSgKil5jCxrTQYLK3T3OPRVYnm7tehvRFWt9yrnWqUPyUZYws6YNxbKLYslZBfrThoaXysT5xskGgN1KqFM617C62zbt86KyQA9qybnqe5MhdMOhuBtBLOgi39BJsZXhRRWJ6yuNPNH8D8OkA2AiyE2l/HWAyMBCv/4oC8DjM/Y+Ck5QslWuTfKmMd3zVIQmsIdkciOKzhsuUwG6TLDdeYteaN2jkVAy03FmSKsSNvCsoytmVzXMM/Y9Ow0iQkipo7kAESEzebXi65Vs3prEKnAPpAq7yoz/qROxVe2IdAVRg4wI4hhzGWrbZb2itpQWeorNYXJcNH9V86KNOLwoIiIqfP6KtE5Fxy8M6kd2DkxLPSEsgP2ZEnq7l5xZGMLdCJOfoRnJle5YiL3Pc5skbl9m42HTly//GODLNBvquq9q9OSJiL/zUhq+jH5p8Jydjtl5Efsft3+jFsYPkbAAD//wMAUEsDBBQABgAIAAAAIQC91I2/JwEAAI8CAAAUAAAAd29yZC93ZWJTZXR0aW5ncy54bWyU0s1qAjEQAOB7oe8QctesUqUsrkIpll5Koe0DxOyshmYyIRO72qdv3Gp/8OJeQibJfMmEmS126MQHRLbkKzkaFlKAN1Rbv67k2+tycCsFJ+1r7chDJffAcjG/vpq1ZQurF0gpn2SRFc8lmkpuUgqlUmw2gJqHFMDnzYYi6pTDuFao4/s2DAxh0MmurLNpr8ZFMZVHJl6iUNNYA/dktgg+dfkqgssied7YwCetvURrKdYhkgHmXA+6bw+19T/M6OYMQmsiMTVpmIs5vqijcvqo6GbofoFJP2B8BkyNrfsZ06OhcuYfh6EfMzkxvEfYSYGmfFx7inrlspS/RuTqRAcfxsNl89whFJJF+wlLineRWoaoDsvaOWqfnx5yoP610fwLAAD//wMAUEsDBBQABgAIAAAAIQA1Hw/A3AEAANwDAAAQAAgBZG9jUHJvcHMvYXBwLnhtbCCiBAEooAABAAAAAAAAAAAAAAAAAAAAAAAAAAAAAAAAAAAAAAAAAAAAAAAAAAAAAAAAAAAAAAAAAAAAAAAAAAAAAAAAAAAAAAAAAAAAAAAAAAAAAAAAAAAAAAAAAAAAAAAAAAAAAAAAAAAAAAAAAAAAAAAAAAAAAAAAAAAAAAAAAAAAAAAAAAAAAAAAAAAAAAAAAAAAAAAAAAAAAAAAAAAAAAAAAAAAAAAAAAAAAAAAAAAAAAAAAAAAAAAAAAAAAAAAAAAAAAAAAAAAAAAAAAAAAAAAAAAAAAAAAAAAAAAAAAAAAAAAAAAAAAAAAAAAAAAAAAAAAAAAAAAAAAAAAAAAAAAAAAAAAJxTTW8TMRC9I/EfVr433kQoKpXjCqVCPQCNlG17Nt7ZxMJrW/Ykajjy3/hfjHebxQFO7Om95/Hsmw+L25feVkeIyXi3YvNZzSpw2rfG7Vbssfl4dc2qhMq1ynoHK3aCxG7l2zdiE32AiAZSRSlcWrE9YrjhPOk99CrN6NjRSedjr5Bo3HHfdUbDndeHHhzyRV0vObwguBbaqzAlZGPGmyP+b9LW6+wvPTWnQPmkaKAPViHIL/mmnbUee8EnVTQelW1MD3JB8kTERu0gybngIxDPPrbErwUfkVjvVVQaqYFyXr8XvODiQwjWaIXUWvnZ6OiT77B6GPxW+b7gZYigGragD9HgSdaCl1R8Mm40MgIyFtUuqrB/dTcxsdXKwpqql52yCQT/LYh7UHmyG2WyvyPeHEGjj1Uy32m2C1Z9VQlyz1bsqKJRDtkYNpIB25AwyuaEh58/BJ+EAZZxJTbvsssRXAYOZDBB+NJeY9BCeuioOPyH23npdvAwei3slM7O//gj69r3QTlqMJ8QdfhbegyNv8ur8drES7EY+7PB/TYonaezWJYLUJyILanQ0kSnoUyCuKcKos356a7bQXuO+fsgr9TT+FjlfDmr6Rt26KzRJkyvSP4CAAD//wMAUEsDBBQABgAIAAAAIQAVbB1IfwEAAAUDAAARAAgBZG9jUHJvcHMvY29yZS54bWwgogQBKKAAAQAAAAAAAAAAAAAAAAAAAAAAAAAAAAAAAAAAAAAAAAAAAAAAAAAAAAAAAAAAAAAAAAAAAAAAAAAAAAAAAAAAAAAAAAAAAAAAAAAAAAAAAAAAAAAAAAAAAAAAAAAAAAAAAAAAAAAAAAAAAAAAAAAAAAAAAAAAAAAAAAAAAAAAAAAAAAAAAAAAAAAAAAAAAAAAAAAAAAAAAAAAAAAAAAAAAAAAAAAAAAAAAAAAAAAAAAAAAAAAAAAAAAAAAAAAAAAAAAAAAAAAAAAAAAAAAAAAAAAAAAAAAAAAAAAAAAAAAAAAAAAAAAAAAAAAAAAAAAAAAAAAAAAAAAAAAAAAAAAAAACMkk1P4zAQhu9I/IfI98ROSgtEaUCAOC0SEkWL9ua1h2Iaf8ieEvrv10nadCNYaW8znmfeGb92dfWpm+QDfFDWLEmeMZKAEVYqs16S59V9ekGSgNxI3lgDS7KDQK7q05NKuFJYD4/eOvCoICRRyYRSuCV5Q3QlpUG8geYhi4SJxVfrNceY+jV1XGz4GmjB2IJqQC45ctoJpm5UJHtJKUZJt/VNLyAFhQY0GAw0z3J6ZBG8Dt829JW/SK1w5+Bb9FAc6c+gRrBt26yd9WjcP6cvDz+e+qumynReCSB1JUWJChuoK3oMYxS2v99B4HA8JjEWHjhaXxeXOZufX9vZYp4F3MpsqzeZa3r+wHTub2DXWi9DVJpkEZMQhFcO45sOcyYHkW54wIf4yK8K5M3u3yO/ol23hw/V/Ze66IkxrfbmD2uCTKJp5WDxofJzdnu3uid1wYpFyvKUFat8XhZFydivbtNJ/1FQ7xf4T8VFeXYxVTwIDGZNP279BwAA//8DAFBLAwQUAAYACAAAACEAuFvXs7QLAACqcgAADwAAAHdvcmQvc3R5bGVzLnhtbLyd23LbOBKG77dq34Glq9kLR/I5SY0zZTvx2jVx4omczTVEQhbWIKHlIbby9AuApES5CYoN9vgmsUT1h8OPH0Tz+Psfz7EMfvI0Eyo5G+2/mYwCnoQqEsnD2ej7/dXe21GQ5SyJmFQJPxuteDb648M///H70/ssX0meBRqQZO/j8Gy0yPPl+/E4Cxc8ZtkbteSJ3jhXacxy/TF9GMcsfSyWe6GKlywXMyFFvhofTCYnowqT9qGo+VyE/KMKi5gnuY0fp1xqokqyhVhmNe2pD+1JpdEyVSHPMt3oWJa8mIlkjdk/AqBYhKnK1Dx/oxtT1ciidPj+xP4Vyw3gGAc4AICTUEQ4xknFGOvIBifjOMxxjclWMX8eBXH4/uYhUSmbSU3SXRPo1gUWbP41hX3QgyNS4Uc+Z4XMM/MxvUurj9Un+9+VSvIseHrPslCIe10ZTYyFhl+fJ5kY6S2cZfl5JljrxoX5o3VLmOWNry9EJEZjU2L2S2/8yeTZ6OCg/ubS1GDrO8mSh/q7pdy7+9ysydmIJ3vfp+armeaejVi6Nz03geOqYeX/jeYuX36yBS9ZKGw5bJ5zPe73TyYGKoWx2cHxu/rDt8J0NCtyVRViAeX/a+wY9Li2gzbHtPSo3srnn1X4yKNprjecjWxZ+svvN3epUKn24dnonS1TfznlsbgWUcSTxg+ThYj4jwVPvmc82nz/15X1UvVFqIpE/314emxHgcyiT88hXxpn6q0JM5p8MQHS/LoQm8Jt+P9q2H6lRFv8gjMzPQX7LxG2+ijEgYnIGq1tZxYv2m5/hSro8LUKOnqtgo5fq6CT1yro9LUKevtaBVnM31mQSCL+XBoRFgOouzgON6I5DrOhOQ4voTkOq6A5DiegOY6BjuY4xjGa4ximCE6uQtcobAz2Q8do7+bu3kf4cXfvEvy4u/cAftzdE74fd/f87sfdPZ37cXfP3n7c3ZM1nlsutYIbbbMkH+yyuVJ5onIe5Px5OI0lmmVzNhqe2enxlKSRBJhyZqt2xINpIbOfd48Qa1L//XlusrpAzYO5eChSneoPrThPfnKpk+6ARZHmEQJTnhepo0d8xnTK5zzlScgpBzYd1GSCQVLEM4KxuWQPZCyeRMTdVxNJJoX1gNb588KYRBAM6piFqRpeNcXI5ofPIhveVwYSXBRSciLWF5ohZlnDcwOLGZ4aWMzwzMBihicGDc2ouqiiEfVURSPqsIpG1G/l+KTqt4pG1G8VjajfKtrwfrsXubRTfHPVsd//2N2lVOYo++B6TMVDwvQCYPjupjpmGtyxlD2kbLkIzFHpdmyzzdhyLlS0Cu4p9mlrEtW63g6RS91qkRTDO3SLRmWuNY/IXmsekcHWvOEWu9XLZLNAu6bJZ6bFLG81rSX1Mu2UyaJc0A53G8uHj7CNAa5EmpHZoB1LMIK/mOWskZNi5tvUcnjFNqzhtno5K5FWr0IS1FKq8JFmGr5eLXmq07LHwaQrJaV64hEdcZqnqhxrTcsfWEl6Wf5TvFywTNhcaQvRf1dfn58PbtlycIPuJBMJjW6f9mImZEC3gri+v/0c3KulSTNNx9AAL1Seq5iMWR0J/O0Hn/2LpoLnOglOVkStPSc6PGRhl4JgJ1OSVERE0stMkQiSfajl/clXM8XSiIZ2l/LykpicExGnLF6Wiw4Cb+l58UnPPwSrIcv7D0uFOS5EZap7EljjsGFWzP7Lw+FT3RcVkBwZ+lrk9vijXeraaDrc8GXCFm74EsGqqXcPZvwSNHYLN7yxWziqxl5KlmXCeQrVm0fV3JpH3d7hyV/FU1Kl80LSdWANJOvBGkjWhUoWcZJRttjyCBtsedTtJRwylkdwSM7y/p2KiEwMC6NSwsKoZLAwKg0sjFSA4VfoNGDDL9NpwIZfq1PCiJYADRjVOCPd/ROd5WnAqMaZhVGNMwujGmcWRjXODj8GfD7Xi2C6XUwDSTXmGki6HU2S83ipUpauiJCfJH9gBAdIS9pdqubmXgmVlBdxEyDNMWpJuNgucVQi/+AzsqoZFmW9CI6IMimVIjq2ttnh2Mjta9d2hdk7OQZX4U6ykC+UjHjqaJM7VufL0/K2jJfVt9Xoddjzs3hY5MF0sT7a38ScTHZG1gn7VtjuAtv6/KS+n6Ut7JZHoojrisKbKU4O+wfbEb0VfLQ7eLOS2Io87hkJyzzZHblZJW9FnvaMhGW+7RlpfboV2eWHjyx9bB0Ip13jZ53jOQbfadcoWge3Fts1kNaRbUPwtGsUbVklOA9Dc7YAqtPPM+74fuZxx2Nc5KZg7OSm9PaVG9FlsG/8pzB7dsykactbXz0B5n27iO41c/5VqPK4/dYJp/43dd3ohVOS8aCVc9j/xNXWLOPux97TjRvRe95xI3pPQG5Er5nIGY6aktyU3nOTG9F7knIj0LMV3CPgZisYj5utYLzPbAUpPrPVgFWAG9F7OeBGoI0KEWijDlgpuBEoo4JwL6NCCtqoEIE2KkSgjQoXYDijwnicUWG8j1EhxceokII2KkSgjQoRaKNCBNqoEIE2qufa3hnuZVRIQRsVItBGhQi0Ue16cYBRYTzOqDDex6iQ4mNUSEEbFSLQRoUItFEhAm1UiEAbFSJQRgXhXkaFFLRRIQJtVIhAG7W81dDfqDAeZ1QY72NUSPExKqSgjQoRaKNCBNqoEIE2KkSgjQoRKKOCcC+jQgraqBCBNipEoI1qTxYOMCqMxxkVxvsYFVJ8jAopaKNCBNqoEIE2KkSgjQoRaKNCBMqoINzLqJCCNipEoI0KEV3jszpF6brMfh9/1NN5xX7/U1dVpb41b+Vuog77o+pauVn970W4UOoxaL3x8NDmG/0gYiaFsoeoHafVm1x7SQTqxOfXy+47fJr0gQ9dqu6FsOdMAfyobyQ4pnLUNeSbkSDJO+oa6c1IsOo86pp9m5FgN3jUNelaX9YXpejdEQjummYawfuO8K7ZuhEOu7hrjm4Ewh7umpkbgbCDu+bjRuBxYCbnl9HHPfvpZH19KSB0DccG4dRN6BqWUKt6OobG6Cuam9BXPTehr4xuAkpPJwYvrBuFVtiN8pMa2gwrtb9R3QSs1JDgJTXA+EsNUd5SQ5Sf1HBixEoNCVip/SdnN8FLaoDxlxqivKWGKD+p4a4MKzUkYKWGBKzUA3fIToy/1BDlLTVE+UkNF3dYqSEBKzUkYKWGBC+pAcZfaojylhqi/KQGWTJaakjASg0JWKkhwUtqgPGXGqK8pYaoLqntUZQtqVEKN8Jxi7BGIG6H3AjETc6NQI9sqRHtmS01CJ7ZEtSq1hyXLTVFcxP6qucm9JXRTUDp6cTghXWj0Aq7UX5S47KlNqn9jeomYKXGZUtOqXHZUqfUuGypU2pctuSWGpcttUmNy5bapPafnN0EL6lx2VKn1LhsqVNqXLbklhqXLbVJjcuW2qTGZUttUg/cITsx/lLjsqVOqXHZkltqXLbUJjUuW2qTGpcttUmNy5acUuOypU6pcdlSp9S4bMktNS5bapMaly21SY3LltqkxmVLTqlx2VKn1LhsqVNqXLZ0q0MEwSOgpjFL84DueXHXLFvkbPjDCb8nKc+U/MmjAN3U8dPWO6tMGfYNc/r3uW6oeWx54x6jqHxsawW0P7yJ6icyJSv79ilTp6B6j1f10ilb9eosa1mmDYWFhQtdWlg9cspR2EcVr2TCwl+hbugjY49sKfICFO14wqytymbk1L+uune7izqrmpuh2VHNqX19XxqpJ1e3lKPbVaN3lV03MrbXUNdnJsuXm+k/bpJIA56qF3uVNY2eWYnS2y+5lLes/LVaun8q+Twvt+5P7MMFXmyflc/Jc8andkJ1AsbblSk/Vi9Yc/R3+eT86ky/o88v+C+pp422DrcXngzt654Dd12fO/WQFjPBE8FBlaqHRZa9yTT/qzF0OXTbR7ij8vX78zb+0t2fCTMO7PbJ5OBqcjSprhaoXgI4K8u9zMpW1W/Qq1pX/5V9+D8AAAD//wMAUEsBAi0AFAAGAAgAAAAhAN+k0mxaAQAAIAUAABMAAAAAAAAAAAAAAAAAAAAAAFtDb250ZW50X1R5cGVzXS54bWxQSwECLQAUAAYACAAAACEAHpEat+8AAABOAgAACwAAAAAAAAAAAAAAAACTAwAAX3JlbHMvLnJlbHNQSwECLQAUAAYACAAAACEA1mSzUfQAAAAxAwAAHAAAAAAAAAAAAAAAAACzBgAAd29yZC9fcmVscy9kb2N1bWVudC54bWwucmVsc1BLAQItABQABgAIAAAAIQACNDjAogMAANwRAAARAAAAAAAAAAAAAAAAAOkIAAB3b3JkL2RvY3VtZW50LnhtbFBLAQItABQABgAIAAAAIQBB2vbl4gYAAOYgAAAVAAAAAAAAAAAAAAAAALoMAAB3b3JkL3RoZW1lL3RoZW1lMS54bWxQSwECLQAUAAYACAAAACEA9TEwlvADAADqCgAAEQAAAAAAAAAAAAAAAADPEwAAd29yZC9zZXR0aW5ncy54bWxQSwECLQAUAAYACAAAACEASMkWANcBAACLBQAAEgAAAAAAAAAAAAAAAADuFwAAd29yZC9mb250VGFibGUueG1sUEsBAi0AFAAGAAgAAAAhAL3Ujb8nAQAAjwIAABQAAAAAAAAAAAAAAAAA9RkAAHdvcmQvd2ViU2V0dGluZ3MueG1sUEsBAi0AFAAGAAgAAAAhADUfD8DcAQAA3AMAABAAAAAAAAAAAAAAAAAAThsAAGRvY1Byb3BzL2FwcC54bWxQSwECLQAUAAYACAAAACEAFWwdSH8BAAAFAwAAEQAAAAAAAAAAAAAAAABgHgAAZG9jUHJvcHMvY29yZS54bWxQSwECLQAUAAYACAAAACEAuFvXs7QLAACqcgAADwAAAAAAAAAAAAAAAAAWIQAAd29yZC9zdHlsZXMueG1sUEsFBgAAAAALAAsAwQIAAPcsAAAAAA==', 0, CAST(N'2026-01-02T16:31:02.1331979' AS DateTime2), CAST(N'2026-01-02T16:56:24.5382971' AS DateTime2))
INSERT [dbo].[CertificateTemplate] ([CertificateTemplateId], [Name], [Description], [TemplateBody], [IsActive], [CreatedAt], [UpdatedAt]) VALUES (2, N'Certyfikat ukończenia kursu', N'Domyślny certyfikat generowany po ukończeniu kursu', N'UEsDBBQABgAIAAAAIQDfpNJsWgEAACAFAAATAAgCW0NvbnRlbnRfVHlwZXNdLnhtbCCiBAIooAACAAAAAAAAAAAAAAAAAAAAAAAAAAAAAAAAAAAAAAAAAAAAAAAAAAAAAAAAAAAAAAAAAAAAAAAAAAAAAAAAAAAAAAAAAAAAAAAAAAAAAAAAAAAAAAAAAAAAAAAAAAAAAAAAAAAAAAAAAAAAAAAAAAAAAAAAAAAAAAAAAAAAAAAAAAAAAAAAAAAAAAAAAAAAAAAAAAAAAAAAAAAAAAAAAAAAAAAAAAAAAAAAAAAAAAAAAAAAAAAAAAAAAAAAAAAAAAAAAAAAAAAAAAAAAAAAAAAAAAAAAAAAAAAAAAAAAAAAAAAAAAAAAAAAAAAAAAAAAAAAAAAAAAAAAAAAAAAAAAAAAAAAAAAAAAAAAAAAAAAAAAAAAAAAAAAAAAAAAAAAAAAAAAAAAAAAAAAAAAAAAAAAAAAAAAAAAAAAAAAAAAAAAAAAAAAAAAAAAAAAAAAAAAAAAAAAAAAAAAAAAAAAAAAAAAAAAAAAAAAAAAAAAAAAAAAAAAAAAAAAAAAAAAAAAAAAAAAAAAAAAAAAAAAAAAAAAAAAAAAAAAAAAAAAAAAAAAAAAAAAAAAAAAAAAAAAAAAAAAAAAAAAAAAAAAAAAAAAAAAAAAAAAAAAAAAAAAAAAAAAAAAAAAAAAAAAAAAAAAAAAAAAAAAAAAAAAAAAAAAAAAAAAAAAAAAAAAAAAAAAAAC0lMtuwjAQRfeV+g+Rt1Vi6KKqKgKLPpYtUukHGHsCVv2Sx7z+vhMCUVUBkQpsIiUz994zVsaD0dqabAkRtXcl6xc9loGTXmk3K9nX5C1/ZBkm4ZQw3kHJNoBsNLy9GUw2ATAjtcOSzVMKT5yjnIMVWPgAjiqVj1Ykeo0zHoT8FjPg973eA5feJXApT7UHGw5eoBILk7LXNX1uSCIYZNlz01hnlUyEYLQUiep86dSflHyXUJBy24NzHfCOGhg/mFBXjgfsdB90NFEryMYipndhqYuvfFRcebmwpCxO2xzg9FWlJbT62i1ELwGRztyaoq1Yod2e/ygHpo0BvDxF49sdDymR4BoAO+dOhBVMP69G8cu8E6Si3ImYGrg8RmvdCZFoA6F59s/m2NqciqTOcfQBaaPjP8ber2ytzmngADHp039dm0jWZ88H9W2gQB3I5tv7bfgDAAD//wMAUEsDBBQABgAIAAAAIQAekRq37wAAAE4CAAALAAgCX3JlbHMvLnJlbHMgogQCKKAAAgAAAAAAAAAAAAAAAAAAAAAAAAAAAAAAAAAAAAAAAAAAAAAAAAAAAAAAAAAAAAAAAAAAAAAAAAAAAAAAAAAAAAAAAAAAAAAAAAAAAAAAAAAAAAAAAAAAAAAAAAAAAAAAAAAAAAAAAAAAAAAAAAAAAAAAAAAAAAAAAAAAAAAAAAAAAAAAAAAAAAAAAAAAAAAAAAAAAAAAAAAAAAAAAAAAAAAAAAAAAAAAAAAAAAAAAAAAAAAAAAAAAAAAAAAAAAAAAAAAAAAAAAAAAAAAAAAAAAAAAAAAAAAAAAAAAAAAAAAAAAAAAAAAAAAAAAAAAAAAAAAAAAAAAAAAAAAAAAAAAAAAAAAAAAAAAAAAAAAAAAAAAAAAAAAAAAAAAAAAAAAAAAAAAAAAAAAAAAAAAAAAAAAAAAAAAAAAAAAAAAAAAAAAAAAAAAAAAAAAAAAAAAAAAAAAAAAAAAAAAAAAAAAAAAAAAAAAAAAAAAAAAAAAAAAAAAAAAAAAAAAAAAAAAAAAAAAAAAAAAAAAAAAAAAAAAAAAAAAAAAAAAAAAAAAAAAAAAAAAAAAAAAAAAAAAAAAAAAAAAAAAAAAAAAAAAAAAAAAAAAAAAAAAAAAAAAAAAAAAAAAAAAAAAAAAAAAAAAAAAAAAAAAAAAAAAAAAAAAAAAAAAAAAAAAAAAAAAAAAAAAArJLBasMwDEDvg/2D0b1R2sEYo04vY9DbGNkHCFtJTBPb2GrX/v082NgCXelhR8vS05PQenOcRnXglF3wGpZVDYq9Cdb5XsNb+7x4AJWFvKUxeNZw4gyb5vZm/cojSSnKg4tZFYrPGgaR+IiYzcAT5SpE9uWnC2kiKc/UYySzo55xVdf3mH4zoJkx1dZqSFt7B6o9Rb6GHbrOGX4KZj+xlzMtkI/C3rJdxFTqk7gyjWop9SwabDAvJZyRYqwKGvC80ep6o7+nxYmFLAmhCYkv+3xmXBJa/ueK5hk/Nu8hWbRf4W8bnF1B8wEAAP//AwBQSwMEFAAGAAgAAAAhANZks1H0AAAAMQMAABwACAF3b3JkL19yZWxzL2RvY3VtZW50LnhtbC5yZWxzIKIEASigAAEAAAAAAAAAAAAAAAAAAAAAAAAAAAAAAAAAAAAAAAAAAAAAAAAAAAAAAAAAAAAAAAAAAAAAAAAAAAAAAAAAAAAAAAAAAAAAAAAAAAAAAAAAAAAAAAAAAAAAAAAAAAAAAAAAAAAAAAAAAAAAAAAAAAAAAAAAAAAAAAAAAAAAAAAAAAAAAAAAAAAAAAAAAAAAAAAAAAAAAAAAAAAAAAAAAAAAAAAAAAAAAAAAAAAAAAAAAAAAAAAAAAAAAAAAAAAAAAAAAAAAAAAAAAAAAAAAAAAAAAAAAAAAAAAAAAAAAAAAAAAAAAAAAAAAAAAAAAAAAAAAAAAAAAAAAAAAAAAAAAAArJLLasMwEEX3hf6DmH0tO31QQuRsSiHb1v0ARR4/qCwJzfThv69ISevQYLrwcq6Yc8+ANtvPwYp3jNR7p6DIchDojK971yp4qR6v7kEQa1dr6x0qGJFgW15ebJ7Qak5L1PWBRKI4UtAxh7WUZDocNGU+oEsvjY+D5jTGVgZtXnWLcpXndzJOGVCeMMWuVhB39TWIagz4H7Zvmt7ggzdvAzo+UyE/cP+MzOk4SlgdW2QFkzBLRJDnRVZLitAfi2Myp1AsqsCjxanAYZ6rv12yntMu/rYfxu+wmHO4WdKh8Y4rvbcTj5/oKCFPPnr5BQAA//8DAFBLAwQUAAYACAAAACEA7bJLG6wDAAAGFQAAEQAAAHdvcmQvZG9jdW1lbnQueG1s7JjfbqM4FMbvV9p3QNy3QEjTDJpktJtOq17sKNrMXI+MMWDF2Mg2oXQ0d/tq+157zJ+QNDuzhKrSjLo3AWOf3/mO+Qw4b989ZMzaEamo4Avbu3Rti3AsIsqThf3p4+3F3LaURjxCTHCysCui7HfLX395WwaRwEVGuLYAwVVQ5nhhp1rngeMonJIMqcuMYimUiPUlFpkj4phi4pRCRs7E9dz6LJcCE6Ug3wrxHVJ2i8MPw2iRRCUEG+DUwSmSmjz0DO9syJXzxpmfgiYjQFDhxDtF+WejZo5RdQKajgKBqhPS1TjSvxQ3G0eanJKux5H8U9J8HOnETtmpwUVOOHTGQmZIQ1MmTobktsgvAJwjTUPKqK6A6c46DKJ8O0IRRO0JmR+dTbh2MhER5kcdRSzsQvKgjb/YxxvpQRPfHroIOaT+JuSmfTjUlTuSMJgLwVVK8/0Kz8bSoDPtILvvFbHLWDeuzL2By+Vbj6ebZip74BD57fxnrFH+faLnDrgjBrGPGCLhOGenJAMX9olHTc3B5HoDHyAdYHICmGE60NIdo5lNqAciDziKnIe56jCqyvqlXubJ89xyJ0WR9zT6PNp9v/ZL8xY+g9W67nAlqOeJ2aQoh0dChoP7hAuJQgaKwEMW2MCq74D5hbtimUVnL+FTIRRRZY65VQbwqRH9ubBdd3LrTl3f7i7dkBgVTB/01BFraQ6yPWx0xQAf7BBb2GuRyCKkhFNiO6ZbPXZd/qS7slLH15wW5vTsTsFaPkneZj0HWwZ6uSJSVzHdIm0VW/H3X/gRJCJrW0hVmIG6GV5nGJ/G3M5A5QjD7OeSKCJ3xF4G1tMMx9W5q6nvzw6rC8+eOsP/8uVJHvCHiN9Lk05XOWhSOWFso+EN2vBeSMhKwLSSj1QzMkjRex69qJ6vX49kGJvVYl6B80NZD/mGM3P5WD1yxCsrYujV2XSjiwg+YD6g7H+b/tA2vUH69bnzXqmCRL/pn8aa81t34rl7ax4Z4xy//gSG/AA7H/n6XuvwDUXhMxRpAhMQPlEVCrE1++xaB0DM3qF2A4fn68L+fCd+R3jb5OnGgm33I19SOZE/8ipSBOv1PuV/LaVafrIxqWGv6XlvzL8YZZDC+WzuzxsdefIHqosTsCX2pt51zaJJqvtmKLQWWd9mJD7oTQmKCOS9duemGQuhD5pJoetme9uwYKbsdp2YMfXlSOA7afYcAaOcrKnGoNKf1UFOV3d92mxGnP4PzOU/AAAA//8DAFBLAwQUAAYACAAAACEAQdr25eIGAADmIAAAFQAAAHdvcmQvdGhlbWUvdGhlbWUxLnhtbOxZS4sbRxC+B/IfhrnLes3osVhrpJHk1669eNcOPvZKrZle9UyL7tauhTEE+5RLIOCEHGLILYcQYoghJpf8GINN4vyIVPdImmmplfXaazBhV7Dqx1fVX1dVV5dmLl95EFPnGHNBWNJyy5dKroOTARuSJGy5dw/6hYbrCImSIaIswS13hoV7Zfvzzy6jLRnhGDsgn4gt1HIjKSdbxaIYwDASl9gEJzA3YjxGEro8LA45OgG9MS1WSqVaMUYkcZ0ExaB2l8nZiTNBY4Ll1Lk9GpEBdrcXi/Qo/EukUAMDyvfVEnguuadl8iLDcVl9iZkIKHeOEW25sOyQnRzgB9J1KBISJlpuSf+5xe3LxaUQlRtkc3J9/TeXmwsMxxUtx8PDpaDn+V6tvdSvAVSu43r1Xq1XW+rTADQYwIZTLqbOeiXw5tgcKG1adHfr3WrZwOf0V9fwbV99DLwGpU1vDd/vB5kNc6C06a/h/U6z0zX1a1DarK3h66V216sbeA2KKEnGa+iSX6sGi90uISNGr1nhTd/r1ytzeIYq5oIslU/kKSEXoyPG+4DTPkaSJI6cTfAIDQAeIEoOOXF2SBhB/E1QwgQMlyqlfqkK/9XH0y3tWLSFUU46HRqItSFFyxEDTiay5d4ArW4O8vrly1ePX7x6/PurJ09ePf51vva63DWUhHm5tz9988+zL52/f/vx7dNv7XiRx7/55as3f/z5X+qlQeu7529ePH/9/dd//fzUAm9zdJiHH5AYC+cWPnHusBg2aFkAH/KzSRxEiOQl2kkoUIKUjAXdk5GBvjVDFFlwHWza8R6HrGEDXp0eGYT3Iz6VxAK8GcUGcJcx2mHcuqebaq28FaZJaF+cT/O4Owgd29YOVrzcm04g/IlNZRBhg+YeBZejECdwQNQcG2NsEbtPiGHXXTLgTLCRdO4Tp4OI1SQH5NCIpkzoGonBLzMbQfC3YZvde06HUZv6Lj42kXA2ELWpxNQw41U0lSi2MkYxzSN3kIxsJPdnfGAYXEjwdIgpc3pDLIRN5jafGXRvQpqxu32XzmITySUZ25A7iLE8ssvGQYTiiZUzSaI89roYQ4giZ49JKwlmnhDVBz+gZKO770GSPdvZvgtpyB4gambKbUcCM/M8zugIYZvyNo+NFNvmxBodnWlohPYOxhSdoCHGzt3rNjybGDbPSN+IIKtcwzbb3EBmrKp+ggV2dI1jcSwRRsju45Bt4LM7W0k8M5TEiG/SfGtshkwPrrrYGq90MDZSKeHq0NpJ3Baxsb+NWvciZISV6gt7vM644b93OWMgc/QeMvjMMpDY39k2B4gaC2QBc4CgyrClWxAx3J+JqOOkxaZWuZF5aDM3FFeKnpgkp1ZAK7WP//FqH6gwXv/wzII9n3rHDvyQSmdTMlmtbzbhVquagPEh+fSLmi6aJnsY7hEL9KKmuahp/vc1zabzfFHJXFQyF5WMXeQjVDJZ8aKfBC2e92gt8WkPf0aE0n05o3hH6OpHQAoY9mFQd7Ts8pHTJILmfFUDF3Kk2w5n8gsio/0ITWC1sl4hFHPVoXAmTED9pIetutUEnca7bJiOlsuLp5wggGQ2DvXXYhyqNZmO1urZ47ylet0L9dPXBQElexYSucVMElULifpi8BQSemfnwqJpYdFQ6jey0F9zr8Ad5SD1vNz3UkYQdRDZQ+WnVH7h3XP39CZjmtuuWLbXVFzPx9MGiVy4mSRyYRjBHbI6fM6+bmYuNegpU6zTqDc+hq9VLlnJDTQxe84JnLmqD2oGaNJyR/DLCZrxBPQJlbAQDZOWO5BzQ79PZplwIbtIRClMT6X7j4nE3KEkhljPu4EmGbdypa72+ImSa5Y+Pcvpr7yT8WiEB3LDSNaFuVSJdfYDwarDpkB6PxqeOId0yu8gMJRfLysDDomQS2sOCc8Fd2bFlXQ1P4rG25fsiCI6idD8Rskn8xSu20s6uX1opqu7MvvzzRyGykkffOueLqQmcklzwwWibk17/vh4l3yOVZb3DVZp6l7Ndc1Frtt0S3z4hZCjli1mUFOMLdSyUZPaORYEueWWobnpjjjv22A1atUFsSgvdW/tbTc7PILI70LROqVSaKrw44WjYPGCMs0EenSRXR5IZ8pJy31Y8tteUPGDQqnh9wpe1SsVGn67Wmj7frXc88ulbqfyCIwio7jsp2v34Tc/nc1f6uvxtRf78aLivjRgcZHpOriohfWL/XLFeLGf1snOgZp3HQKWeVir9JvVZqdWaFbb/YLX7TQKzaDWKXRrQb3b7wZ+o9l/5DrHGuy1q4FX6zUKtXIQFLxaSdFvNAt1r1Jpe/V2o+e1H81tDTtffC/Mq3lt/wsAAP//AwBQSwMEFAAGAAgAAAAhAE70UEP6AwAABAsAABEAAAB3b3JkL3NldHRpbmdzLnhtbLRWbU8jNxD+Xqn/IdrPDfuaANsLJwKXwon0TheqSv3mXXsTC7/J9ibkTv3vHXvXbCj0BFfxBbzzzDwztp/x5N37e85GW6INlWIWpUdJNCKilpiK9Sz643YxPolGxiKBEZOCzKI9MdH7s59/ercrDbEW3MwIKIQpeT2LNtaqMo5NvSEcmSOpiACwkZojC596HXOk71o1riVXyNKKMmr3cZYk06inkbOo1aLsKcac1loa2VgXUsqmoTXp/4UI/ZK8XcilrFtOhPUZY00Y1CCF2VBlAhv/UTYAN4Fk+71NbDkLfrs0ecF2d1Ljh4iXlOcClJY1MQYuiLNQIBVD4uIJ0UPuI8jdb9FTQXia+NVh5ZPXEWRPCKY1xa/jmPYcMUQe8BjyOppJoDF7Tu4DkWEvOdoOuqGVRroTbn+uvC6v10JqVDEoB853BEc08tW5v67iM2iar1Ly0a5URNegnFl0mkSxs8N1yWZlkQXv0ijCmO/AmhEkOg9MGtQye4uqlZUKvLYIKj5OTjp4s1cbIrye/4JODXiRTTq83iCNakv0SqEauC+ksFqy4Ifl79JeQFdqEE0f4Xt0WK26focIgTjs8VEPLyWGhtyVraYvvwwX4LOnochnE0l4nzTF5Nad7cruGVlA8Sv6lZwL/LE1lgKj3/n/qOB7BcC5QuZPoIbbvSILgmwLx/RGyfxNLBhVS6q11NcCg1DeLBltGqIhAQXlLUFeVMudP+crgjCMhTfK2xryJzhDM+a3IMu7ubRW8qtBwz+e1zdUfChfGG7YhMUXKe2Da5ItkiLJu0odOiDJRZHn0+eQ/445WSRZ2jf0Y+Q0T4/nni1+qIeXbmR81mHlRD3iXcQF4pWmaLR0QyV2HpW+m1MR8IrAo0QOkVVbBXA87gDDEWMLON4A+NJ4ialRl6Txa7ZEej3w9h76WSu8QB8fuNzzRfRvWraqQ3caqU6swSUtij6SCntDebCbtlqFKAHP6AHUCvxpq/05DcezKy1cvm/6G+RF5H0VG3++6UXG9MoJhCyRUp3OqnU6ixhdb2zqpGHhC8NvD/9RrbMeyzyWdZj/QLXbGXj3i8GWBduBXx5s+WArgq0YbJNgmwy2abBNnQ3eb6Lh0b8DyYelszeSMbkj+GrAn5i6QzAbpMhlNyVAXrIz9GPDjLYluYeBQzC18JNOUczRPdxRknlZ9t4M7WVrH/k6zDmrxwwYWdQ3efwo2Ev8X7W46VVTkONqz6th6PzSFc6ogQdCwXyyUgfsV4+lEz+4rH8k4GK/kGaODME9hmV9jd2g7WK+JeeL89PLPBufzE+Px8VxWoxP51k+nubQth/Oi8sPefF334Xh5+vZPwAAAP//AwBQSwMEFAAGAAgAAAAhAEjJFgDXAQAAiwUAABIAAAB3b3JkL2ZvbnRUYWJsZS54bWy8km9r2zAQxt8P9h2E3jeWnT9tTZ2SZQkMxl6U7gMoimyLWZLRKXHz7XeSnWzMFBpaZoOQnrv7SfdwD48vuiFH6UBZU9B0wiiRRti9MlVBfz5vb+4oAc/NnjfWyIKeJNDH5edPD11eWuOBYL2BXIuC1t63eZKAqKXmMLGtNBgsrdPc49FViebu16G9EVa33KudapQ/JRljCzpg3FsotiyVkF+tOGhpfKxPnGyQaA3UqoUzrXsLrbNu3zorJAD2rJuep7kyF0w6G4G0Es6CLf0EmxleFFFYnrK4080fwPw6QDYCLITaX8dYDIwEK//igLwOMz9j4KTlCyVa5N8qYx3fNUhCawh2RyI4rOGy5TAbpMsN15i15o3aORUDLTcWZIqxI28KyjK2ZXNcwz9j07DSJCSKmjuQARITN5teLrlWzemsQqcA+kCrvKjP+pE7FV7Yh0BVGDjAjiGHMZattlvaK2lBZ6is1hclw0f1Xzoo04vCgiIip8/oq0TkXHLwzqR3YOTEs9ISyA/ZkSeruXnFkYwt0Ik5+hGcmV7liIvc9zmyRuX2bjYdOXL/8Y4Ms0G+q6r2r05ImIv/NSGr6MfmnwnJ2O2XkR+x+3f6MWxg+RsAAP//AwBQSwMEFAAGAAgAAAAhAL3Ujb8nAQAAjwIAABQAAAB3b3JkL3dlYlNldHRpbmdzLnhtbJTSzWoCMRAA4Huh7xBy16xSpSyuQimWXkqh7QPE7KyGZjIhE7vap2/can/w4l5CJsl8yYSZLXboxAdEtuQrORoWUoA3VFu/ruTb63JwKwUn7WvtyEMl98ByMb++mrVlC6sXSCmfZJEVzyWaSm5SCqVSbDaAmocUwOfNhiLqlMO4Vqjj+zYMDGHQya6ss2mvxkUxlUcmXqJQ01gD92S2CD51+SqCyyJ53tjAJ629RGsp1iGSAeZcD7pvD7X1P8zo5gxCayIxNWmYizm+qKNy+qjoZuh+gUk/YHwGTI2t+xnTo6Fy5h+HoR8zOTG8R9hJgaZ8XHuKeuWylL9G5OpEBx/Gw2Xz3CEUkkX7CUuKd5FahqgOy9o5ap+fHnKg/rXR/AsAAP//AwBQSwMEFAAGAAgAAAAhAIcY6EXdAQAA3AMAABAACAFkb2NQcm9wcy9hcHAueG1sIKIEASigAAEAAAAAAAAAAAAAAAAAAAAAAAAAAAAAAAAAAAAAAAAAAAAAAAAAAAAAAAAAAAAAAAAAAAAAAAAAAAAAAAAAAAAAAAAAAAAAAAAAAAAAAAAAAAAAAAAAAAAAAAAAAAAAAAAAAAAAAAAAAAAAAAAAAAAAAAAAAAAAAAAAAAAAAAAAAAAAAAAAAAAAAAAAAAAAAAAAAAAAAAAAAAAAAAAAAAAAAAAAAAAAAAAAAAAAAAAAAAAAAAAAAAAAAAAAAAAAAAAAAAAAAAAAAAAAAAAAAAAAAAAAAAAAAAAAAAAAAAAAAAAAAAAAAAAAAAAAAAAAAAAAAAAAAAAAAAAAAAAAAAAAnFPLbtswELwX6D8IvMeU3MJIDZpB4aDIoW0MWEnOLLWyiUokQa6NuMf+W/+rSylW6Lan6jQzXK5mHxQ3z31XHCFE4+yKVbOSFWC1a4zdrdhD/enqmhURlW1U5yys2Akiu5Fv34hNcB4CGogFpbBxxfaIfsl51HvoVZzRsaWT1oVeIdGw465tjYZbpw89WOTzslxweEawDTRXfkrIxozLI/5v0sbp5C8+1idP+aSoofedQpBf081u1jjsBZ9UUTtUXW16kO9InojYqB1EWQk+AvHkQkP8WvARifVeBaWRGiir8oPgGRcfve+MVkitlV+MDi66Fov7wW+R7guehwiqYQv6EAyeZCl4TsVnY0cjIyBjQe2C8vsXdxMTW606WFP1slVdBMFfBXEHKk12o0zyd8TlETS6UETzg2Y7Z8U3FSH1bMWOKhhlkY1hIxlw5yMGWZ/w8Oun4JMwwDwux+Z9cjmCy8CBDCYIX9qrDXYQ71sqDv/htsrdDh5Gr5md3Nn5H39kXbveK0sN5hOiDn+PD752t2k1Xpp4KWZjfzK433ql03Tmi3wBshOxJRUamug0lEkQd1RB6FJ+umt30Jxj/j5IK/U4PlZZLWYlfcMOnTXahOkVyd8AAAD//wMAUEsDBBQABgAIAAAAIQDr2LEHfwEAAAUDAAARAAgBZG9jUHJvcHMvY29yZS54bWwgogQBKKAAAQAAAAAAAAAAAAAAAAAAAAAAAAAAAAAAAAAAAAAAAAAAAAAAAAAAAAAAAAAAAAAAAAAAAAAAAAAAAAAAAAAAAAAAAAAAAAAAAAAAAAAAAAAAAAAAAAAAAAAAAAAAAAAAAAAAAAAAAAAAAAAAAAAAAAAAAAAAAAAAAAAAAAAAAAAAAAAAAAAAAAAAAAAAAAAAAAAAAAAAAAAAAAAAAAAAAAAAAAAAAAAAAAAAAAAAAAAAAAAAAAAAAAAAAAAAAAAAAAAAAAAAAAAAAAAAAAAAAAAAAAAAAAAAAAAAAAAAAAAAAAAAAAAAAAAAAAAAAAAAAAAAAAAAAAAAAAAAAAAAAACMkk1P4zAQhu9I/IfI98ROqhaI0rBaECeQkChixc1rD8Xb+EP2lNB/j5O06UZbpL3NeJ55Z/za1fWnbpIP8EFZsyR5xkgCRlipzHpJnld36SVJAnIjeWMNLMkOArmuz88q4UphPTx668CjgpBEJRNK4ZbkHdGVlAbxDpqHLBImFt+s1xxj6tfUcbHha6AFYwuqAbnkyGknmLpRkewlpRgl3dY3vYAUFBrQYDDQPMvpkUXwOpxs6Ct/kVrhzsFJ9FAc6c+gRrBt26yd9WjcP6e/Hu6f+qumynReCSB1JUWJChuoK3oMYxS2v/+AwOF4TGIsPHC0vi6ucja/+GFni3kWcCuzrd5krun5A9O5v4Fda70MUWmSRUxCEF45jG86zJkcRLrhAR/iI78pkD9334/8F+26PXyo7r/Us54Y02pv/rAmyCSaVg4WHyovs5vb1R2pC1YsUpanrFjl87IoSsZeu00n/UdBvV/gPxUvyvxyqngQGMyaftz6CwAA//8DAFBLAwQUAAYACAAAACEACGI3h7YLAAC5cgAADwAAAHdvcmQvc3R5bGVzLnhtbLydS3PbOBLH71u134Gl0+zBkfxOUuNM2U68dk2ceCJnc4ZIyMIaJLR8xFY+/QIgKVFugmKDPb4klqj+4dH9b6L5/P2P51gGP3maCZWcjfbfTEYBT0IVieThbPT9/mrv7SjIcpZETKqEn41WPBv98eGf//j96X2WryTPAg1IsvdxeDZa5Pny/XichQses+yNWvJEb5yrNGa5/pg+jGOWPhbLvVDFS5aLmZAiX40PJpOTUYVJ+1DUfC5C/lGFRcyT3NqPUy41USXZQiyzmvbUh/ak0miZqpBnmR50LEtezESyxuwfAVAswlRlap6/0YOpemRR2nx/Yv+K5QZwjAMcAMBJKCIc46RijLVlg5NxHOa4xmSrmD+Pgjh8f/OQqJTNpCbpqQn06AILNv+axj7o4IhU+JHPWSHzzHxM79LqY/XJ/nelkjwLnt6zLBTiXndGE2Oh4dfnSSZGegtnWX6eCda6cWH+aN0SZnnj6wsRidHYtJj90ht/Mnk2Ojiov7k0Pdj6TrLkof5uKffuPjd7cjbiyd73qflqprlnI5buTc+N4bgaWPl/Y7jLl59sw0sWCtsOm+dcx/3+ycRApTAyOzh+V3/4VpiJZkWuqkYsoPx/jR2DGddy0OKYlhrVW/n8swofeTTN9YazkW1Lf/n95i4VKtU6PBu9s23qL6c8FtciinjS+GGyEBH/seDJ94xHm+//urJaqr4IVZHovw9Pj20UyCz69BzypVGm3pow45MvxkCaXxdi07g1/18N26880Wa/4Mykp2D/JcJ2H4U4MBZZY7TtzOLF2O2vUA0dvlZDR6/V0PFrNXTyWg2dvlZDb1+rIYv5OxsSScSfSyHCZgB1F8ehRjTHITY0x6ElNMchFTTHoQQ0xxHoaI4jjtEcR5giOLkKXVHYCPZDR7R3c3fvI/y4u3cJftzdewA/7u6E78fdnd/9uLvTuR93d/b24+5O1nhuudQKbrTMknywyuZK5YnKeZDz5+E0lmiWrdloeGanx1OSQRJgysxW7YgH00JmP++OECtS//15bqq6QM2DuXgoUl3qD+04T35yqYvugEWR5hECU54XqWNGfGI65XOe8iTklIFNBzWVYJAU8YwgNpfsgYzFk4h4+moiSVJYB7SunxdGJIIgqGMWpmp41xQjyw+fRTZ8rgwkuCik5ESsLzQhZlnDawOLGV4aWMzwysBihhcGDZ9RTVFFI5qpikY0YRWNaN7K+KSat4pGNG8VjWjeKtrwebsXubQpvrnq2O9/7O5SKnOUfXA/puIhYXoBMHx3Ux0zDe5Yyh5StlwE5qh0O7Y5Zmw7FypaBfcU+7Q1iWpdb0PkUo9aJMXwCd2iUYlrzSOS15pHJLA1b7jEbvUy2SzQrmnqmWkxy1tFa0m9RDtlsigXtMPVxvLhEbYRwJVIMzIZtGMJIviLWc4ad1Jkvk0vh3dswxouq5dZibR7FZKgl1KFjzRp+Hq15Kkuyx4Hk66UlOqJR3TEaZ6qMtaakj+wLukl+U/xcsEyYWulLUT/XX19fj64ZcvBA7qTTCQ0fvu0FzMhA7oVxPX97efgXi1NmWkmhgZ4ofJcxWTM6kjgbz/47F80HTzXRXCyIhrtOdHhIQu7FAQ7mZKkIiKSXmaKRJDsQy3vT76aKZZGNLS7lJeXxOSciDhl8bJcdBBoS+fFJ51/CFZDlvcflgpzXIhKVPcksMZhw6yY/ZeHw1PdFxWQHBn6WuT2+KNd6lprOtzwZcIWbvgSwXpT7x5M/BIMdgs3fLBbOKrBXkqWZcJ5CtWbRzXcmkc93uHFX8VTUqXzQtJNYA0km8EaSDaFShZxklGO2PIIB2x51OMlDBnLIzgkZ3n/TkVE5gwLo/KEhVG5wcKofGBhpA4YfoVOAzb8Mp0GbPi1OiWMaAnQgFHFGenun+gsTwNGFWcWRhVnFkYVZxZGFWeHHwM+n+tFMN0upoGkirkGkm5Hk+Q8XqqUpSsi5CfJHxjBAdKSdpequblXQiXlRdwESHOMWhIutksclZN/8BlZ1wyLsl8ER0SZlEoRHVvb7HCs5fa1a7vM7J0cg7twJ1nIF0pGPHWMyW2r6+VpeVvGy+7bbvQ67PlZPCzyYLpYH+1vYk4mOy3rgn3LbHeDbXN+Ut/P0mZ2yyNRxHVH4c0UJ4f9jW1Ebxkf7TberCS2LI97WsI2T3ZbblbJW5anPS1hm297Wlqdbll26eEjSx9bA+G0K37WNZ4j+E67omht3NpsVyCtLdtC8LQrirakEpyHoTlbAL3TTzNu+37icdtjVOSmYOTkpvTWlRvRJbBv/Kcwe3ZM0rTtra+eAHnfLqJ7Zc6/ClUet9864dT/pq4bvXBKMh60cg77n7jayjLueeydbtyI3nnHjeidgNyIXpnIaY5KSW5K79zkRvROUm4EOlvBPQIuW0F7XLaC9j7ZClJ8stWAVYAb0Xs54EaghQoRaKEOWCm4ESihAnMvoUIKWqgQgRYqRKCFChdgOKFCe5xQob2PUCHFR6iQghYqRKCFChFooUIEWqgQgRaq59reae4lVEhBCxUi0EKFCLRQ7XpxgFChPU6o0N5HqJDiI1RIQQsVItBChQi0UCECLVSIQAsVIlBCBeZeQoUUtFAhAi1UiEALtbzV0F+o0B4nVGjvI1RI8REqpKCFChFooUIEWqgQgRYqRKCFChEooQJzL6FCClqoEIEWKkSghWpPFg4QKrTHCRXa+wgVUnyECilooUIEWqgQgRYqRKCFChFooUIESqjA3EuokIIWKkSghQoRXfFZnaJ0XWa/jz/q6bxiv/+pq6pT35q3cjdRh/1Rda/crP73Ilwo9Ri03nh4aOuNfhAxk0LZQ9SO0+pNrr0kAnXi8+tl9x0+TfrAhy5V90LYc6YAftTXEhxTOeoK+aYlKPKOuiK9aQlWnUdd2bdpCXaDR11J1+qyvihF746AcVeaaRjvO8y7snXDHE5xV45uGMIZ7srMDUM4wV35uGF4HJjk/NL6uOc8nayvLwWErnBsEE7dhK6whL6q0zEURl+nuQl9vecm9HWjm4DypxODd6wbhfawG+XnaigzrKv9heomYF0NCV6uBhh/V0OUt6shys/VMDFiXQ0JWFf7J2c3wcvVAOPvaojydjVE+bka7sqwroYErKshAevqgTtkJ8bf1RDl7WqI8nM1XNxhXQ0JWFdDAtbVkODlaoDxdzVEebsaovxcDapktKshAetqSMC6GhK8XA0w/q6GKG9XQ1SXq+1RlC1XozzcMMctwhqGuB1ywxCXnBuGHtVSw9qzWmoQPKsl6Kva57hqqek0N6Gv99yEvm50E1D+dGLwjnWj0B52o/xcjauW2lztL1Q3AetqXLXkdDWuWup0Na5a6nQ1rlpyuxpXLbW5GlcttbnaPzm7CV6uxlVLna7GVUudrsZVS25X46qlNlfjqqU2V+OqpTZXD9whOzH+rsZVS52uxlVLblfjqqU2V+OqpTZX46qlNlfjqiWnq3HVUqercdVSp6tx1ZLb1bhqqc3VuGqpzdW4aqnN1bhqyelqXLXU6WpctdTpaly1dKtNBMEjoKYxS/OA7nlx1yxb5Gz4wwm/JynPlPzJowA91PHT1jurTBv2DXP697keqHlseeMeo6h8bGsFtD+8ieonMiUr+/Yp06egeo9X9dIp2/XqLGvZpjWFjYUL3VpYPXLK0dhHFa9kwsJfoR7oI2OPbCnyAjTteMKs7comcupfV9O7mbPyd1sz1tnz3ERqR6+n9m1+aaSeXLNUBrurg+8q9e7qoe7PTJbvOtN/3CSRBjxV7/kqexo9sxKlt19yKW9Z+Wu1dP9U8nlebt2f2GcNvNg+Kx+b57RPbX51AsbbnSk/Vu9bc8x3+SD96sS/Y84v+C+ps0jbhNvrUIbOdc84XvfnTj2kxUzwRHDQperZkeVsMs3/avRdRnJ7wDs6X79ObyM3Pf2ZMHFgt08mB1eTo0l18UD1TsBZ2e5lVo6qfqFeNbr6r+zD/wEAAP//AwBQSwECLQAUAAYACAAAACEA36TSbFoBAAAgBQAAEwAAAAAAAAAAAAAAAAAAAAAAW0NvbnRlbnRfVHlwZXNdLnhtbFBLAQItABQABgAIAAAAIQAekRq37wAAAE4CAAALAAAAAAAAAAAAAAAAAJMDAABfcmVscy8ucmVsc1BLAQItABQABgAIAAAAIQDWZLNR9AAAADEDAAAcAAAAAAAAAAAAAAAAALMGAAB3b3JkL19yZWxzL2RvY3VtZW50LnhtbC5yZWxzUEsBAi0AFAAGAAgAAAAhAO2ySxusAwAABhUAABEAAAAAAAAAAAAAAAAA6QgAAHdvcmQvZG9jdW1lbnQueG1sUEsBAi0AFAAGAAgAAAAhAEHa9uXiBgAA5iAAABUAAAAAAAAAAAAAAAAAxAwAAHdvcmQvdGhlbWUvdGhlbWUxLnhtbFBLAQItABQABgAIAAAAIQBO9FBD+gMAAAQLAAARAAAAAAAAAAAAAAAAANkTAAB3b3JkL3NldHRpbmdzLnhtbFBLAQItABQABgAIAAAAIQBIyRYA1wEAAIsFAAASAAAAAAAAAAAAAAAAAAIYAAB3b3JkL2ZvbnRUYWJsZS54bWxQSwECLQAUAAYACAAAACEAvdSNvycBAACPAgAAFAAAAAAAAAAAAAAAAAAJGgAAd29yZC93ZWJTZXR0aW5ncy54bWxQSwECLQAUAAYACAAAACEAhxjoRd0BAADcAwAAEAAAAAAAAAAAAAAAAABiGwAAZG9jUHJvcHMvYXBwLnhtbFBLAQItABQABgAIAAAAIQDr2LEHfwEAAAUDAAARAAAAAAAAAAAAAAAAAHUeAABkb2NQcm9wcy9jb3JlLnhtbFBLAQItABQABgAIAAAAIQAIYjeHtgsAALlyAAAPAAAAAAAAAAAAAAAAACshAAB3b3JkL3N0eWxlcy54bWxQSwUGAAAAAAsACwDBAgAADi0AAAAA', 0, CAST(N'2026-01-02T16:58:18.4601297' AS DateTime2), CAST(N'2026-02-12T19:30:52.6317493' AS DateTime2))
INSERT [dbo].[CertificateTemplate] ([CertificateTemplateId], [Name], [Description], [TemplateBody], [IsActive], [CreatedAt], [UpdatedAt]) VALUES (3, N'Nowy certyfikat ukończenia kursu', N'Certyfikat generowany domyślnie po ukończeniu kursu', N'UEsDBBQABgAIAAAAIQAcQaguZgEAAFQFAAATAAgCW0NvbnRlbnRfVHlwZXNdLnhtbCCiBAIooAACAAAAAAAAAAAAAAAAAAAAAAAAAAAAAAAAAAAAAAAAAAAAAAAAAAAAAAAAAAAAAAAAAAAAAAAAAAAAAAAAAAAAAAAAAAAAAAAAAAAAAAAAAAAAAAAAAAAAAAAAAAAAAAAAAAAAAAAAAAAAAAAAAAAAAAAAAAAAAAAAAAAAAAAAAAAAAAAAAAAAAAAAAAAAAAAAAAAAAAAAAAAAAAAAAAAAAAAAAAAAAAAAAAAAAAAAAAAAAAAAAAAAAAAAAAAAAAAAAAAAAAAAAAAAAAAAAAAAAAAAAAAAAAAAAAAAAAAAAAAAAAAAAAAAAAAAAAAAAAAAAAAAAAAAAAAAAAAAAAAAAAAAAAAAAAAAAAAAAAAAAAAAAAAAAAAAAAAAAAAAAAAAAAAAAAAAAAAAAAAAAAAAAAAAAAAAAAAAAAAAAAAAAAAAAAAAAAAAAAAAAAAAAAAAAAAAAAAAAAAAAAAAAAAAAAAAAAAAAAAAAAAAAAAAAAAAAAAAAAAAAAAAAAAAAAAAAAAAAAAAAAAAAAAAAAAAAAAAAAAAAAAAAAAAAAAAAAAAAAAAAAAAAAAAAAAAAAAAAAAAAAAAAAAAAAAAAAAAAAAAAAAAAAAAAAAAAAAAAAAAAAAAAAAAAAAAAAAAAAAAAAAAAAAAAAAAAAAAAAAAAAAAAAAAAAAAAAAAAAAAAAC0lMtugzAQRfeV+g/I2wqcdFFVVUgWfSzbSE0/wLEH4tYv2c7r7ztAgqooBKlJNkgwc+89A3hGk41WyQp8kNbkZJgNSAKGWyFNmZOv2Vv6SJIQmRFMWQM52UIgk/HtzWi2dRASVJuQk0WM7onSwBegWcisA4OVwnrNIt76kjrGf1gJ9H4weKDcmggmprHyIOPRCxRsqWLyusHHDcm3g5Ikz01jlZUTqSuDukCPajyocKBhzinJWcQ6XRlxQJbuqDJU1j1hIV24w4aOhKrSHbDTfeDr9FJAMmU+vjONXXRtvaDC8qVGZXba5ginLQrJodVXbs5bDiHgd9IqayuaSbPn7+QIcasgXJ6i8e2PhxhRcA2AnXMvwhrmn1ej+GPeC1Jg7ozNFVweo7XuhYh4aqG5Ds/mqG1ORWLn1FsXcAv4f4y9P7KVOsWBHfgoT/91bSJanz0fVNtAgDiSTeudOP4FAAD//wMAUEsDBBQABgAIAAAAIQAekRq37wAAAE4CAAALAAgCX3JlbHMvLnJlbHMgogQCKKAAAgAAAAAAAAAAAAAAAAAAAAAAAAAAAAAAAAAAAAAAAAAAAAAAAAAAAAAAAAAAAAAAAAAAAAAAAAAAAAAAAAAAAAAAAAAAAAAAAAAAAAAAAAAAAAAAAAAAAAAAAAAAAAAAAAAAAAAAAAAAAAAAAAAAAAAAAAAAAAAAAAAAAAAAAAAAAAAAAAAAAAAAAAAAAAAAAAAAAAAAAAAAAAAAAAAAAAAAAAAAAAAAAAAAAAAAAAAAAAAAAAAAAAAAAAAAAAAAAAAAAAAAAAAAAAAAAAAAAAAAAAAAAAAAAAAAAAAAAAAAAAAAAAAAAAAAAAAAAAAAAAAAAAAAAAAAAAAAAAAAAAAAAAAAAAAAAAAAAAAAAAAAAAAAAAAAAAAAAAAAAAAAAAAAAAAAAAAAAAAAAAAAAAAAAAAAAAAAAAAAAAAAAAAAAAAAAAAAAAAAAAAAAAAAAAAAAAAAAAAAAAAAAAAAAAAAAAAAAAAAAAAAAAAAAAAAAAAAAAAAAAAAAAAAAAAAAAAAAAAAAAAAAAAAAAAAAAAAAAAAAAAAAAAAAAAAAAAAAAAAAAAAAAAAAAAAAAAAAAAAAAAAAAAAAAAAAAAAAAAAAAAAAAAAAAAAAAAAAAAAAAAAAAAAAAAAAAAAAAAAAAAAAAAAAAAAAAAAAAAAAAAAAAAAAAAAAAAAAAAAAAAArJLBasMwDEDvg/2D0b1R2sEYo04vY9DbGNkHCFtJTBPb2GrX/v082NgCXelhR8vS05PQenOcRnXglF3wGpZVDYq9Cdb5XsNb+7x4AJWFvKUxeNZw4gyb5vZm/cojSSnKg4tZFYrPGgaR+IiYzcAT5SpE9uWnC2kiKc/UYySzo55xVdf3mH4zoJkx1dZqSFt7B6o9Rb6GHbrOGX4KZj+xlzMtkI/C3rJdxFTqk7gyjWop9SwabDAvJZyRYqwKGvC80ep6o7+nxYmFLAmhCYkv+3xmXBJa/ueK5hk/Nu8hWbRf4W8bnF1B8wEAAP//AwBQSwMEFAAGAAgAAAAhAC2fZVoJAQAAtgMAABwACAF3b3JkL19yZWxzL2RvY3VtZW50LnhtbC5yZWxzIKIEASigAAEAAAAAAAAAAAAAAAAAAAAAAAAAAAAAAAAAAAAAAAAAAAAAAAAAAAAAAAAAAAAAAAAAAAAAAAAAAAAAAAAAAAAAAAAAAAAAAAAAAAAAAAAAAAAAAAAAAAAAAAAAAAAAAAAAAAAAAAAAAAAAAAAAAAAAAAAAAAAAAAAAAAAAAAAAAAAAAAAAAAAAAAAAAAAAAAAAAAAAAAAAAAAAAAAAAAAAAAAAAAAAAAAAAAAAAAAAAAAAAAAAAAAAAAAAAAAAAAAAAAAAAAAAAAAAAAAAAAAAAAAAAAAAAAAAAAAAAAAAAAAAAAAAAAAAAAAAAAAAAAAAAAAAAAAAAAAAAAAAAAAArJPLTsMwEEX3SPyDNXvipECFUJ1uEFK3ED7ATSaJIX7IHh75e0wraCqqqAsv51pz7vFiVusvPbAP9EFZI6DIcmBoatso0wl4qR6v7oAFkqaRgzUoYMQA6/LyYvWEg6S4FHrlAosUEwT0RO6e81D3qGXIrEMTX1rrtaQ4+o47Wb/JDvkiz5fcTxlQHjHZphHgN801sGp0eA7btq2q8cHW7xoNnajgn7h9RqL4uRCx0ndIAiZhFonAT4ssUoqEfxa/yZxCkVSBxgGnArt5rn6Zsp7iLh7ad+M+LOYcblM6tNZQJbfDxOMvmpO4SSmhdLyHg4DGRsl9WGSvDrsfCX50beU3AAAA//8DAFBLAwQUAAYACAAAACEAWMZS9HkGAACpIgAAEQAAAHdvcmQvZG9jdW1lbnQueG1s7Fpbb6M4FH5faf8D4j0DBHIpmnTUpk1VaWY2ms48r4xxEjaAkW2SpqN527+2/2uPbUhI6YWSZG/ahwZfP3/n+JzPDun7D/dJbKwI4xFNR6bzzjYNkmIaRul8ZH77OukMTYMLlIYopikZmRvCzQ/nP//0fu2HFOcJSYUBECn31xkemQshMt+yOF6QBPF3SYQZ5XQm3mGaWHQ2izCx1pSFVtd2bFXKGMWEc1hvjNIV4mYBh++boYUMrWGyBPQsvEBMkPsdhvNmkJ51Zg3rQN0WQGBh16lDuW+G6luSVQ3IawUErGpIvXZITxjXb4fUrSMN2iG5daRhO6RaOCX1AKcZSaFzRlmCBFTZ3EoQW+ZZB4AzJKIgiiOxAUy7X8KgKF22YASztgiJG74ZYWAlNCSxG5YodGTmLPWL+Z3tfEnd1/OLRzmDNbFfT7kqxEFZbjESgy9oyhdRts3wpC0adC5KkNVLRqySuBy3zpyG6fKcPF1pV+4Am9Av/J/EmvnLiI7dYEckxHZGEwr7a5ZMEojC3cKtXFNxrtNQQEqAbg2gj6OGIV1iaG+CPTCzgsPJ22B6JQzfJLtUX2fzw6LlhtE826FFh6Hd7nJ/LU/hN2AVUVfNBH4YmbsFykASEuzfzlPKUBADI4ghA8LAUDsgP2FXDJl05jlcFQIabuQzM9Y+XDXCLyPTti8HjjecmGXTFZmhPBb1nqlsGk8c79pVYNmUycdvGPpXKB6ZGJSBMNOSrUx38oey0+3qDv4w5vttVjHa2kLqD11O6ZRROivmNkeDe5FOayhmfpTGUUqMMOLiK5hhqtLltvRxW5IekdZlPrkX8lIl7z/dnmt7g55p4A1U+q7j9XtqfRg1mxEsrvXYWMFI15kGaLTryDmBrOrBcFObMkMmmGMaKUpgv34JGHownGIA/ry6YShbRHjCoFvagfx5peUjxUtenj4thE/LTUrHC5TOyQXPgLxkoxz38vqHrlqBukICGTmrJ+PrUFmERc4IoEHJz7a0oHQwWrqaRljaLCvgimKv7HKvpnq03q1yjJ6BJAG9OXXn7poYo+sFQSEvfb6Poqp7LII4yiZRHMsVZNlgPkkCAqzYbehBQMJ3AgHUMhalQrkYwvYjF0VJO/l7d3hh22fdy864Z487nj247lyceYPOwL4eeLY3dMbO+Iec7Xh+zmWQofgqi8odb3osVS45dhFpKjFV+FuKUPlUFC1tk+TKGf4C3rJUWTAi8EIWZ2B60W5VOpSfdq6RNQ7SYQTrT3C1GpkoF1Q5437GEvkEgsa92slNQUe7RyV337F7PbdIblC8gXtWEC6nZ4yLG0ITQxbA9cBIwaMV2KGHlkNkc0olL7VInO41WLpF8ZeMiyL8qb5KelTrOje1hCmB2yqbFDstnDVV7545l5eDrapPWUW9n5D6/eF/ndQHlC7lTf1OwBUfBhcJB7qvUu7XG3qJ8FLjlWOv03A7UoPWzb/secPh8ElLJ7Znb32gLC0Gn/hQ29+KK9eFQ0WtWcBGj864vlcHL9vyskFeBGKyf/CJ8zFhYjOLlggUYEn/+B0/kDRCxjJnPPflSJl9L8TOnov2CZ/Eo+xObGJSDpjSOcuDCCgrw2Djyx59kPrBziFFy1G2ZOj0+/1JdUuCR+C9fh1ct1W9//37nothOXmDuWZyObHJIKzhaIhjFfKFG05DZExhw8nXSMSkESNIrJPy+fHj9dg7ZeI+zrDXWT8bKwWZCvjbLqcBK6p72BVnP5l8B9kiPT99FAdvFqVmy7CHzUOK0o0Rxqit3rxwVv39etPcLWs/hqtf2UbSzre7RgE2PnPHF3sB1jznXlnzKBp1Yn53Ig9h3z7DLeAg6ToxzSaKVlB4klez6K6k5XFl7njB2UT9XvXn06L43JJHM1NuoLxzt1aqE+7l/0r1T1eqW85zEl6I/5hM/esV6fGax9Klw8PvqML1OU8IO3LsHZVgA1UdTuyuo771t73/HRiP3hNftcu2lvG4e3nyTEK3XvM4onhafvIFRDSLMBIEAjQ4NEJPS/YZdeQEi+mWyWtxqqya30lG65HpOGfyh+a1v4Byf+gONZVs/gkpm2kG7Z6jX7hF84V8T1xUAyoETXb1mMwqvfLtMYF1B7b6jjyjVFSq81yoanH2YxpLb/AMYaLHqOaQ4hsmfxby5RvFaSQwsHT75cs0bbcq6t+LrN3/mJz/CQAA//8DAFBLAwQKAAAAAAAAACEAOSJuYX03AgB9NwIAFgAAAHdvcmQvbWVkaWEvaW1hZ2UxLmpwZWf/2P/gABBKRklGAAEBAQDcANwAAP/bAEMAAgEBAQEBAgEBAQICAgICBAMCAgICBQQEAwQGBQYGBgUGBgYHCQgGBwkHBgYICwgJCgoKCgoGCAsMCwoMCQoKCv/bAEMBAgICAgICBQMDBQoHBgcKCgoKCgoKCgoKCgoKCgoKCgoKCgoKCgoKCgoKCgoKCgoKCgoKCgoKCgoKCgoKCgoKCv/AABEIAoECbwMBIgACEQEDEQH/xAAfAAABBQEBAQEBAQAAAAAAAAAAAQIDBAUGBwgJCgv/xAC1EAACAQMDAgQDBQUEBAAAAX0BAgMABBEFEiExQQYTUWEHInEUMoGRoQgjQrHBFVLR8CQzYnKCCQoWFxgZGiUmJygpKjQ1Njc4OTpDREVGR0hJSlNUVVZXWFlaY2RlZmdoaWpzdHV2d3h5eoOEhYaHiImKkpOUlZaXmJmaoqOkpaanqKmqsrO0tba3uLm6wsPExcbHyMnK0tPU1dbX2Nna4eLj5OXm5+jp6vHy8/T19vf4+fr/xAAfAQADAQEBAQEBAQEBAAAAAAAAAQIDBAUGBwgJCgv/xAC1EQACAQIEBAMEBwUEBAABAncAAQIDEQQFITEGEkFRB2FxEyIygQgUQpGhscEJIzNS8BVictEKFiQ04SXxFxgZGiYnKCkqNTY3ODk6Q0RFRkdISUpTVFVWV1hZWmNkZWZnaGlqc3R1dnd4eXqCg4SFhoeIiYqSk5SVlpeYmZqio6Slpqeoqaqys7S1tre4ubrCw8TFxsfIycrS09TV1tfY2dri4+Tl5ufo6ery8/T19vf4+fr/2gAMAwEAAhEDEQA/AP38ooooAKKKKACiiigAooooAKKKKACiiigAooooAKKKKACiiigAooooAKKKKACiiigAooooAKKKKACiiigAooooAKKKKACiiigAooooAKKKKACiiigAooooAKKKKACiiigAooooAKKKKACiiigAooooAKKKKACiiigAooooAKKKKACiiigAooooAKKKKACiiigAooooAKKKKACiiigAooooAKKKKACiiigAooooAKKKKACiiigAooooAKKKKACiiigAooooAKKKKACiiigAooooAKKKKACiiigAormfij8TtI+GOi291dQtealqd2LPQdHhYedqN0VZxFGD6Ijux6KiMx4Fea/8M+eO/ijrKeLv2gfjV4okhaNhH4G8K6w2maTbK2DiR7YR3N04AwTJKU5OEGa8HMs+o4Gt9Xpw56iV2rpRintzSe17OySlJ72tqdlHCe0p+0qS5Y7LS7fovLq20vO57hmivF7n9kD4BwwH/hGtI1rQbzaRDq2h+J723uoiRjcJBKcn/eDD1FZ+n69+0p+z06W2uzXnxW8Iox/4mMNvHH4gsI+MCRECx3qqP4lCSHuHNeXh+LFGpbGUlFfzQk6iX+JOEJJeajJLq0bfUaNWP7ipd9pJRb9HzSXybT7XPeKK5H4W/Hn4R/Ge0kn+HXjmxv5rc7b7TfM8u8s37pPbviSJvZlFaHxD+KXw4+Evhubxf8TvHOlaDpkH+svNUvkhTPZRuI3MegUZJPABNfVU8ZhamH9vCpFwtfmTVrd77HFKjWjU9m4vm7Wd/uN6vMPjd+1f8O/gzqMfhC30zVvFniy4j32fg3wnZ/a9QkU9HcZCQJ/tysi89a4P/hb/AO0D+09Oknwgs774b+APN/0jxjr2mqur6tDx/wAeNrKCLdG5AmlUtjlUBIYb3hLwl8P/AIR6dcaN8MdF+ytdTGbUtUuJGmvb+UnLSzzyEySuT3Yn0GBxXwueccUcKuXCK6/na0f+CN05L+87R7c2qPXw2V+9++1f8qe3+J62/wAKu+/Kc5q37W/7Zdh5Or2f/BOTV7jSm+a4VviNpi6lGnYi1AKM3+z5wx6mur+AX7cPwi+OeuS+Ab7T9a8FeM7eVo7jwV420/7DqB2qrb4gSY7hMMPnidx1HY4gudavlJYXTZz/AHq5v4h+Fvh58YPD/wDwiPxd0D7dbrIJbDUrWZoL7TZ1+5Pb3CESQyKeQykH6jIr5PC+IuOpYhe1lzR7SS/BxjG3zUl37npTyfD1KduS3nFu/wB0m7/Jo+kKK+SvD37U/wAUP2Pkh8P/ALVGtX3jT4exqVsfi9YaWXuNNjGdq6xBAp2hUAzdouwkEuqnJP034D+JHw9+KXhm38afDTx1o/iDR7xN1rqmi6lFdW8o9VkjYqfwNfq2T57l2d4f2uHlr1i90/Nfk1dPoz53F4HEYOXvK66NbP8Ayfk7NdUbVFeS/tDftu/s6fs1D+yfHPjhb7xJMoOm+B/DcZ1DXL4nO3yrKHdKVJB/eMFQd2FfO/i3xx+33+1PH/avi7xXJ+zb8O2YGPS9LaG+8ZavGQP9ZMQ0OmA88Rh5eh3LytY5xxJlWS026805JX5U1f59vVmmFy3E4qzSsn1d/wAFu/kfcRYDqaM1+d/iX9mP9jnUQf8AhM/h/wCLPHF03+s1vxt4+1HUL1jjBdXlmPlk/wCwFrN0Pwn8W/2bZE8ef8E+/jL4puodN/e6v8CfiF4mm1bTdbt1B3R6dc3jSTWE/wDEqo4RiMEY4r4nBeK+T4nF+yq0pQXR3T+9afhc9ipwviI0+aMvvVl96bt6tJd7H6RUV5b+x7+1n8NP2zvgrafGL4ayzQ7bqXT9e0W+XZd6LqUOBPZXCdUlQkcHqrKwyGBPqVfqFKrTrU1Ug7pq6fkz5qpTnSqOE1ZrRhRRRWhAUUUUAFFFFABRRRQAUUUUAFFFFABRRRQAUUUUAFFFFABRRRQAUUUUAFFFFABRRRQAUUUUAFFFFABRRRQAUUUUAFFFFABRRRQAUUUUAFFFFABRRRQAUUUUAFFFFABRRRQAUUUUAFFFFADLm5t7O3ku7ydIoo1LSSSMFVFHUknoK8ysv2mtO8cTyD4HeBdT8ZWcMjRya5ZsttprspwVhuJcLcYP8UQZPRieK4261CX9rz4n6xpBvD/wrHwbqDabdQoDt8S6ogBmDH+K2hJEe3GHkVycqFr2S0FjpljDpulWcdvb28axwwQxhVRQMBVA4AA7V8Fj+JMRiqs44Sfs6UW1zpKU5tO0uRSvGMU01zSjLmadkklJ+t9VpYVJVY802k+W7Sinqua2rbVnZNW6tu6XF33x4+Knht/tXi39mHxF9hx89x4f1O01CaPnqYd6Oygc/IGb0U1vfDb9oX4M/Fq5m0zwN4+s7jUrYE3mi3W611C2wduZLWcJNGM8ZZAD2JrcS4bbtf8AlXO+PPhX8LfidJFP4/8AAunalcW+Da3k1uBcQEcgxyrh055+UiscNnuY4fVVlUXaqlFv/t+nGKXp7KXqiZRwdTSVNxfeLbX/AIDJtv8A8CR3Vcz8Wfi94E+CvhGbxl491YwW6ssVrawRGW4vZ2OEggiXLSyMeAqj1JwASPMrn9li6trhU8C/tK/Efw/YqxP9nW+uLcx59muEkcD/AIFWz4A/Zx8D+B/EUfjrxFr+seLPEUalYNc8UagbiS3H/TJMCOH6ooJ7muvEcUY6dBxo0VCf80pxlBeaUXzyt0TUL9ZLcIYXAxkpTqOS7JNN+V3ovVc1uzD4U+FfGfiXXpPjl8YrD7PrV1C8Xh3QpNrf8I/YybSY8j/lvJtUyN7BBwOfQGk2JnNVr/V7W3QvNcqv+8wrGuPGWnSP5FpO1xJ08u3jaRv/AB0GvicRmWHw91z3k9W21zSk95Pu3otNEkopJJJdHs62KnzcumySWiXZeX5u7erZsXE6+tVftbxHcjbay/tHjC/O3T/B96V/v3Dxwr/48279KV/DHxDuxnOl23+/dSSEfgEA/WvP5sxrS5qVCp5Plkl8m0l+JtGjSjpKcfvT/BO/4HO/Ev4E/s9/F+6XUfi18E/DPiK8Vdq32paVHJcKvoJMbwPxrA8E/ss/se/CrXF8TfDz9lrwPpuqxyb49Vj0CBrlG4+ZZWUup4HQivQh8PfE8ozeeLbdf7wgsT/Nm/pQfhgJeLrxddn/AK5xov8AQ1jLB525X+rRTfV+yvfu3dyv+J0RxNCMeR13bsnO33bGXrfie9vt6yzfKf4R0rnby+QAncP++q7J/g/4cc4ude1OT1/0oL/IVF/wpTwHnMlzqLn/AGtRavNxOS59iJOc+W/nNt/hFnRRx2W0Y2V/lH/go8+u9RXH36zLy8iOTur02X4G/DR/9dFfH/uJSf41TuvgD8LXHytqS/7uqP8A1rya3DubWu5U/Tmf/wAgd1PNsv8A733L/M83sPFl9oU3mWko2nho25Vh6V5L40/Y9/YI8cavJ4h8W/sTfDubUJpWluL3T9FWxkncnJaQ2+zzMnruzmvo6/8A2bfhrcD93rWtQ+8erH+orF1H9lPw5Nn+zPijr9ueo8zyZR+q1w/2fnuF1puL9JL/ANuSOqGPyuUr80l8mv8A0lnmPwv0r4Q/s96HN4e/Zx+BnhTwJb3DA3A8O6PFbvMR0Lso3OfqTUOteINU1i4a81XUJZ5GOS0j5rudT/ZM8Ur8+ifF60kP8Meo6Owz9Wjf+lctrn7Nnx905N+n23h/WP8AZsdZaFz+EyAf+PV4+Lwudf8AL2k3/hal87QbPQw+Iytu8Kiv3d0/vlb8zlLybevzVnsyQXKXkXyyxNuR1bkGrGteEPjD4ZVj4l+DviSBV+9Na2i3kY/G3Z+Pwrl5fHWhRTtaXl79mm3YMN5G0Lj/AIDIAa8ecp03aacX5pp/ietTjGorwakvJp/kVNd8QeK/2VPixL+398A/Dl3qEc8cdr8evAujqM+INOQnytXhiH3r623uSQN0sbMpOea/Q/4P/GD4bfHv4a6P8XfhF4ws9e8O67Zrc6bqVjKGSRD1B7o6nKsjAMjKysAQQPgrQ/GV9oGpR674f1BVkT+6wZXXuCOhBrndB+Hngjwv43vviH+zd8d/GXwP17VbhrnW9N8O20V/4f1K6bkzyWE+URmPLNHsLdzX6xwL4jf2LR+pY+8qS+F9Y+Wr1Xbt000Xy+ecO/XJe1paS++/k0tb9mr9mup+nlcX8af2jfgF+zl4Xbxp8e/jP4Z8HaWrbBeeItahtFkfBPlp5jAyOQDhFBY44Br4Tvr/APao8T28lp8Yv+CtGp3GlyR7fsfw7+Fttot5IvQq1xI8+3P95FBHUGuZ8G/Cz9k74O+KW8f/AA2+Ci+IfGMn3viB8Rr2TXNXY5yCJrovsx22hcDgV99mfixkOFp/7MnUfTojwcLwrjK0vf0+TX/pVvwTPqj/AIen/DPxLbR6x8Ff2ZPjl8QtImXdb654b+Gc1razD+8h1N7RpFx0dVKHPDGoND/4K6fsz2Piuz8HftBeB/iR8F7jUbgW+m6h8XPBM2l6Xcynog1FGls0Jxx5kyZPAySAfANb+LHxD8SXL3Wq+LrxmftHMVUfQDgVFp3xN16zsbjRPFMVv4k0K8jaLU/D+vQrdWt3CwwyMkgKnIJ7V8TT8ZM29vedCDhfZXTt63fTyPclwbh/ZaN83r/wP0R+k8UsU8SzQSK6MuVZWyCPUGnV8LfsGfG7TP2cfjvYfsWalrkn/Cu/HGlzap8C7q+uC32Ca3G6+8Nl3O4mJD58CnP7kSLn92Afumv3XJc4wefZbDGYZ+7L70+qfmmfC47B1cDiHSqdPxQUUUV6pxhRRRQAUUUUAFFFFABRRRQAUUUUAFFFFABRRRQAUUUUAFFFFABRRRQAUUUUAFFFFABRRRQAUUUUAFFFFABRRRQAUUUUAFFFFABRRRQAUUUUAFFVtZ1nSfDukXXiDX9Tt7Gxsbd7i9vLqZY4reFFLPI7MQFVVBJYnAAya+TvD37d/wAfP2t9Vupf2FfhvoNv4DtZDGfi98RPPGn3rKSHNlZRGOW6X0kMkaHryOvn5hmmCyumpYiVr7JJtvvZLXTq9l1OrDYOvir8i0W7bsl8/wAlu+h9dUV86+Go/wBq0yPeap+2h4Tupy/NqnwxC2i8DgEXgk6+rnrWo/jD9uvRLRpLLSfhP4wIz5ZttSvtHdvT5XW5X/x6vDo8Z5RW2Ul/4DL8ISlL8DqqZTWh9uP/AJMvxlFL8T3avJf2wPjjP8Jfh9b+FvCAN1408aXX9j+D9MhyZZLhxh58DkRwoTIzdBgDILCqMfxM/bN1Gzt7aP4EeDdNuZoQLi7uvGzXENs5Xk7EgVpQD2ypIHUVU+E/wAXwX48vPjb8WPHM3jX4gahb/Zm1y4txDa6Ta7t32SwtwSLeLOCxJZ3IBdzxjhzviijUwc6GDcoykrc8ouPKno3FSScpW+FJNXs5NI0wuCjh6qqV2pJaqKalzPs2rpLvd3tok2dZ8FvhhpXwV+FWi/DLRx+70u0VZ5D96edjulkJ7lnLEnvmun8/acYrM1HxBZ2cbTT3KqF+8zNVC31rXdc58NaLJMjcLdTHy4vrkjJ/AGvzn67S544fDpuySUVeTstForvTv950OjWrN1anV3bemr1OiN7FH956o3fizS7aUwLMZZf+eMKl2/IUyy8DXV1+/wDFutNP3+y2ZMUQ9ic7m/MD2pnjr4ifB/4D+D5/G/xJ8Z+H/COg2mBcavrmoQ2VrGT0DSysq5PbnJPrXtYfK83xMb1WqUfP3pfcnyr/AMCv3Rzylhabsryflovvev4fMmWXxbqig6foqWsbdJL6baf++VyfzxUkHg+/mG7XPFE0mesdnGIVHtnlj+Yr4Z+PX/ByP/wT4+GjSWHwdvfEnxUvkHyt4N0kpYsd21h9sujHESOp27hjpmvjH43/APBy/wDtv+P3uNK+Anwd8B/DmykMkceqa8Z9f1LafuSxorQW8b+qv5y59a9qhwzgr81VTqNfzOy+SXLF/O/5kfWKu0Uo/K7+/V/dY/by18JeFrR8rpyyP/emYyH8zmvNvjL+3p+xL+zbFJH8Zf2n/Afhl4ZvKltLzxBbiZJP7piRi4PsVr+cj43ftm/tnftLxTW/7Sn7X3xD8XWtzGqXGix6yuj6U+DlT9h0tLeInPd959Sa8zGl+GvCkUniC60rTNJWbBk1C4jit/MPYtK+Cx+pJr3MPldDCq1KMY/4Y2v91v1MJSlU1nJv1f8Aw5+9PxR/4OQv+CangM31p4P8S+MfHN7Z422vhHwXdSJc/wDXO4uBFAfqXArwD4hf8HTxe4C/BD/gn3ruoWrZBvPHXxCs9HkT0Pk2sN6W/wC+hX5cfD7wV8UfjcEf4JfCfxh44jNx5DXXhPwreX8CP6NMkflD8Xr3v4d/8EfP+CnHxIVl0/8AZG1jR49u6O48U6zY6er59jK7D8VrR08LHScr902vT1Wvno+pXs9L8v5/8MexeL/+DlD/AIKUa1qUn/CKfCr4F+G9PcYhjuNP1nWLqL/gf2m1jY/8AxXm/ib/AILk/wDBWXXb83Vt+114b0WErj7Hofwj0/aD67rqadq9D8H/APBuD/wUQ8T6Wt54n8U/DHwxdN/y66h4ivL7Z9fs1qoP4NXpvhX/AINdPinqOmK/xE/bW8M6XeEfvF8O/Dm5u41+jXOoLn8UrndTKaMkrpdNbv773+/8Svet0/D9D5B8S/8ABWz/AIKdeJ42h1j9vDxbCzfxaLoukWPbt5doSPzridR/4KEf8FCpnMj/APBRH41KxP8Ayy8YQRj8ltRX6TeGP+DWz4V2W0fED9uz4h6k+fmOg+FdC05SPQCW2uCPqSa3G/4NdP2MbjCXv7V/x8bH/PHX/D8Q/wDHdIrGOZZPQlZJLzSj+n+Q2qkla9/v/U/Kt/8AgoR/wUN+bb/wUO+Nec5+fxojf+0Kji/4KPf8FGtPfzIv+ChvxhYq33ZvE1vIv5NbGv1V/wCIW79iNCxX9qv9oL03N4n0Fv8A3EVmat/wa4/slMjDR/2ufjRC3XN/N4euB/6a1qaueZHHdJ/9ur9bDjTqvZ2+8/NXQP8AgsT/AMFRvBrb9J/bj8X3Lf8AUa03TL9fylta3tK/4L9f8Fd9EuhPP+1ToeqQp/y66t8KdLKt9XgMbY+lfZGvf8Gpuj3F9JceGv8AgoTq8dvnMdtrHwxsJmH1e3uIM/gory/xp/wayftWwak0fgL9qv4a31j/AAyaxoGqWcx/COSZQa545nwjUlaTppvf3dfvt+TNJU8Ve+rt/Wz/AMjhfDn/AAdEf8FG9Bv4U8YfB/4IeIdPRv8ASPJ0vV9OupR7Ot3LGp99hHtXsvw5/wCDtbwzLfeT8bP2AfEWj2aKA194L+IVtqsjt3It7q2tsD/toTXzz8Qf+Da7/gph4YvjD4Ysvh94ktVXLXVj4y+zZ+kdzAh/WvCfiD/wR0/4Ke/DkX0+v/sV+Lrq0sQS99oP2bUUlUd0WCVnb8FzUSyvgjGxTXJe2/O0/ubtf1V+xXtMdT019Lf5H7A/Cj/g5c/4Jh/ENrW38SfEjxZ4FvbpsCz8Y+Dp4lh95Li1aeFR77q+nPhp+2t+xh+1BZwn4Z/H/wCHPjSO6byobe31y0nllb+6sUhEhP0Wv5UfiL4H8e/CfUIdI+LfgLxD4PvbrJgs/FuhXOmSSY6kC4RM/hXNSWNvNcR6va26mSMZivISNy+6yLyPwNceK8OsrxVNywteUU/Scf0/M0p5pWpyXPFN/cf1x+Kv2bv2e9ekY6l8NV0qZv8Al50e4ls3B9flO0/lXnPi79irVrfdefCb4ypJH1XS/F1pn8BcQ4I/4EjV/N/8Df8Agor+31+zEYP+FB/th+OtDt7UYi0i41b+1NN6Yy1nfCaFjj/Z47V9rfs/f8HU/wC1D4PaDRf2ov2dfB/jazjKRya54Rmk0PUSo+/I8RMttK57Kqwrmvg828Kc2ppyoRhVX933Jfdon97PdwfE0qbSc5L195fje34H6QeKfhz8ZvARaTxp8MNQWGPltQ0lhfW2P726L5gP95RXNWnjDRdSdo7HUo5HU4aMN8y+xHUVS/Zk/wCDiL/gm/8AHl7ew1n4q6h8NNZuGVE074gWJtozIxwEF1EXgPqSSqgdTX1dqfhT9nv9ofwtB421Dwn4b8V6XeLmx8VeH7uNg4zjdHeWjYOD/tHmvzPMuH8wyuo4YiEqb/vp2fpJKz+SZ9Phc8oV0nZS/wAL1+5/5nzOupRyHG/mpI7pGHL8V6J4u/Yl1GwLX/wX+KrXEf8ABoni1QxH+yl1GAf++1P1ryPxtb+NPhNdLYfFjwfe6HubbHfTr5lnMf8AYnX5PwJBrxpQqU/iX6o9ilWw+I0py17PR/c/00L3jTwbrPxY+HNx4D8Iaktn4t0bU4PE3wz1gnB03xBZN5sBzz+7lwYZB3SU1+gH7E/7VXhf9sj9nnRfjPoFqbK+k32XibRZOJdJ1WA7Lq0kXqrJIDjPVSp6EGvzx0nxGFeHUtPu9rxuHhmRuhHQg1a0W5+OPwn+MWoftS/sN+PNC0fxR4jWNfiV8LPGczp4e8XyRLtjv4ZU+awv9nymVco427lOCG/UPDXjajw9ipYXGStRqa3/AJZaK78mtH266Xa+Z4myWeOpKpSXvL+v6/4J+rlFfCum/wDBUv8AbVexOj6r/wAEwNU/tpIiZL20+J2kNo+7Ha4Z1k2+5iz7Vyuuft9/8FVdfnZrb4efs3/Da1C5B8SeOr/xBO2R/csUhAI7jJHv3r92rcdcKUKfO8VFryd3r5HwNPI8yqS5VD+vlc/RSivy7uP2l/8AgpJearDrGof8FK/hvYSBvm0TRPgiZtPJ9GlnuTOV9wymvU/h5/wVT+MXwP1bStO/b88HeEH8I6xfxWFn8ZfhndTHR7W4kYrGupWlwWm08MdoEpd48k5KAc82WeInCebYxYWhX996Lmi4pt7JNqzflc2xXDuaYWl7ScNPLc+8aKbBPDdQJc20qyRyKGjkRshlPQg9xTq+3PDCiiigAooooAKKKKACiiigAooooAKKKKACiiigAooooAKKKKACiiigAooooAKKKKACiiigAooooAKKKKACiiigAooooAKKKCcDJoA+Ev8AgqRr/iT9qz9oj4d/8ErfBfii403RPFtrL4n+Ml5p85Sf/hG7RxiyyOVW5m2o395QQcruB9nnt/Dmm6PY+BPB+kQ6foOiwra6Zptqm2GKNAFUBRx0HWvnn9kfxbp/x8/aY/aA/bwsHSXSdc8QReBPh/qO4OLrSdK3JLPCw4MUtw0kikdQwr3a3uo0QZav5z40zyWYZtUjF+6rx/7dT2Xa7V33sr7I+9y/C+ww8YtbWf8A281dt+aVku2vdm1YOseFBAA/Ste11R4sKszLj0auWbVobaPzJZFUKM7mbpTvDi+L/iLctB4GskNsvE2sXWVtoz6Kesrey8epFfK0cRKVRUqScpPZJXb/AOAur2W7djqqUY8rnNpJbt6L+vzOruvFcGmwG7v9SSGJOWeSQAD8au6b/wAJv4u2yaDp/wBks2PN9fKV3D1RPvN+grQ8I/Cbw54ckj1LWpm1jUI+VurxBtRvVI/ur9eSPWvl39v7/gu9+xF+wpc3PgN/ENz8RPiHGpC+AvArR3E1s2Dhr26Yi3sU3bQQ7GXDgrE4yR9tlPDOMxjTxU2v7kN/+3p7eqjfupHg4jH0YaUI383t8l+r+4+tdI+HehadKt/rMsmp3S8rJeHKIf8AZj+6Prgn3r58/bW/4LJfsE/sKas3gb4rfFtdY8Zrt2+APBUI1TWEBAIaaGNttqu1g26d4wV5Ga/Er9s//guP+37+2ZPc6HB8Qz8MfCFxuX/hFvh/dSRTyRk/duNQOJpDjGfL8tc7sZBr5C02y0Xw5bfZrKOGzjmYny44/wB5cPyeigvM556bmJ9a/S8tySjgaPs4QUIvdR3fm3rd+bcr+R49WpKtLmnLmf4L0X6Kx+nP7UP/AAcs/thfFlbnQf2YfAuifCvTJI2SPVtUCa1rC5HDKpxaxMDgjIlGOoNfAXxR8afEn9orx0vxH/aB+JPiT4i+IV3fZ9T8ZapJqDWu5txW3hc+TbJu6JFGijtX0r+x5/wQ8/4KEftd/Z/ESfDiH4Y+D5tjjxR8TIpbe5u4z1e00tB9pk42sDcG3RgflJr9Jf2Zv+Da/wDYv+FdvDqv7RvirXvitqSLuuLXU5zp+kE7RuH2O3I3rkZAld/fNdssRgsLbl1fS2rXp+Tt8yLSWj0/r+tz8U/ht4R8bfGTxifh/wDB7wT4h8ceIlUGbQPBejTareQLkLumWBWW3QEjLzMijua+zvgR/wAG9f8AwUf+L1mmq/EPQ/Cfwuhk37YfFGtDUr1CDwWgsC0YBHP+uJ+lfqZ8Xf8Agon/AMEnP+CY/hJfhprXxf8AAPgqOzUPa+A/AunLcXhZgcEWGnRu67ypHmOqrn7zDrXwD+0t/wAHcs4imtP2Rv2RpLS0yPK8R/FrVktC46NixtHdlI/hLzDPdRWccRia38OOl/6Xb8mh/L7/AOv8z3D4P/8ABsZ8AdHtkuf2gv2lfG3iS43RO1n4T8jQ7dWX7y+YiyXLI3/XVTivoTQP2A/+CNf/AAT20aP4neI/gl8H/BX2e9Eq+OfiZe2013FcY4ZdR1iSSVG44CyDnoK/G+4/by/4OB/+Cj179n+EJ+LF/o99I9lLbfCnwX/Y2mKWOQJNSmCLFgEfvPtA45Jrtvg//wAGvf8AwUb/AGgtdX4m/tT/ABB8F+CL6/t83l14q1q48YeIUkBG0S7WFv0ydy3T46Y9M5UKlRfvKiS6re3TVdL6q99Nd9SleOt7fh+P/AP0n+K3/Bxx/wAEivhQ15pWgftD3Hji/wBPk8uTTfhz4ZvNTV/+uc6xpayL7rKR7189fEX/AIOyfgLp98bT4Qfsb/ELXLfYSt7rWoWWlhPTdHulb+tbPwu/4NQf2W9Fngu/jN+078RPFa/Z9t1p+n/ZdLt2kxyyGKNpUHtvP1r6J+Gf/Bv9/wAEnvhfFaEfsrWPia6sn3Q6h401S61OQn/aWWTy2+hSuWtHL96jbdu+m3ze/m9e6Bci2/r8kfm/40/4O4P2h7mW6tfDf7P3wt0PDn7K2p+MLi6mVe2+JRGC3rivKYP+Dkr/AIK2/G69uPD/AMKdR8IyXDnbFH4H+Et/qVzHngYJMyk+ny4Nfvt8PP2Pf2Tvg9eJqfwo/Zj+Hvhm8jXat5oPgqxtJsf78cQb9a9CeaVRsSRlA6AcCuSpjMrpX5aWumur28rr8HqXF7dfu/4J/OVd/t4/8HNPiL9/ptx+0dJC65U6P+zAVXHsx0rP61E/7SP/AAc4eIh5bw/tbB2xhl+Ci2a/pZJj8a/ovnnlzxLJ/wB/DVOa7uE5ErH6sa463EWDjH3sPGT7uK/W7/E2p0ZN7tejsfzvN8S/+Dn2NFaL/hrAMxzlvAcR/Tyap3H7S3/B0X4UkZILL9q1pNud0nwXjvl/9InFf0RT30p4J/U1Rur+6VsiZxx/DIa86XFWFhvhKb/7dX+R1fVJzVuaX/gR/PQv/BSn/g5b+HtsdS8d6V8bvs8PMjeLv2ZjHFj/AGmj05P51mWP/B0N/wAFN/Bupx6L4uk+F9zJbSYvLfWPAF3YXLY6gkTRhT/wH8K/odn1bUUGFv51/wB2Zv8AGs7VdWvNStmstRlFzDIuGiuo1kVvYhga4anFWU1JuVfBxl5LT/NfgjaOX1uVKMref9L9T8S/CH/B3D8ajeQWHjH9lHwHqcIA+0y6D44njmPqVSRXUfia9u8Bf8HYP7JGq3H2f4x/syfEjwwBgLc6TJZ6tvb2VWiYD9a+7PHf7Gv7HPxGNxJ48/ZH+F+sS3SkXN1feAdPad89T5oiD59wc189fEz/AIIK/wDBKj4jW32SD9mBfC+ZC7T+DvEl7YsxPsZHTHttxXDPM+CcVG1bCyhp9l3f4/16GqwmYw+CafqbPgD/AILvf8Ekf2kNMXwLrf7VWg6W2qQGO88O/FXR5tOg8sjmOZ7yJrTB9PMIpvjL/gkJ/wAEev2v9CX4jeCf2Zvh/NDeW7JY+LPgrq40+Jc9ZE/smUWzt/tPG3vXyn8Y/wDg1f8A2bfENvcN8D/2pfGnhWWZh5Nr4i0m21myhXvnYYZm/M18l/Ej/g3I/wCCpn7MfidvHv7Jfjjw34wuo2ZLS/8Ahv40k8Pa5HDjl2ivDbBc4+5FNIScdadHA8P1J82V5pOhJ7Kd/wAZXSS1t167rUUvrcFatQUl5f1rsfWnx2/4NXPgzrv2i/8A2cf2q/EmhzMqi30/xtpUWpxK2fmZp4PKlJ9PlOK+If2jf+DeX/gpx8EIrzV/Bnwq034oaXbiR/P+H+rLPeeUg+8bGfy52ZuyRCUn3qbTv+Cn/wDwXZ/4J93dv4f+Ouo+PoLWGPbBpfxk8EyXMbxIfmZLqRA7A9PM81vavqf9mn/g7K8Car5Wj/tg/su6hpnzY/4SP4a3q3kadApazu3R8dSzJMfZTXuRq+I2VQU6MqeMprtZtr8G/k3r3Od08ore7JOmz8dvGnhHxd4B8VXnw++InhDVvD2u2b+VqHh/xBpc1jfWzYzskt51VwcdiOlb3wF/aT/aJ/ZN8UyeN/2ZPjl4o8B6mzR/an8NavLbw3YQkqlxAD5VwgJJ2SIy8niv6UvD37SH/BKz/gq/4NTwna+Pvhl8Xbb7O4XQPE9msGsWSEgNst71Yry3ycDfFwccEivl39rL/g2M/ZH+JqXOsfsyeP8AXvhbrDElNNvlbVtI3FuhikK3EKgfKNjtjOSrYxW+G8TMprf7HneGlQe0lKPNH5pq69LO3czlkuI/iYaal6OzPmP9lH/g6V/aC8F3Fr4e/bG+Duj+N9PXYkviLwqq6VqQUDBd4ebeZifmO0R56ACv1T/Yy/4KmfsUft8WD+GfgD8X9N1TVLi3ZtQ+HPiq3S01by+d3+hzEi5XaMloDIAGGcE4r+f39s3/AII2f8FAv2IPP1z4l/BeTxF4TjbEfjzwDM2q6Ww45lCKLi05YL+/ijy2dpYDNfKyzTWt7DqenXkkNxazCS3ureQrJDIpyrKynKsGAIIIIIrTHeH3CPEtH61lVRU5PrTacfnHp6Jx80FLN8wwcvZ11zLs/wBGf1i+PP2L/hfr00upfCDUpvAupNITJpqRmbTJH7gwMd0P/ACAPSvG/iT4F+LfwNVbn4p+CZF0rdtj8TaTm508+7uvzQH/AHwB71+SH7Fn/Bw7+3P+zALPwv8AF3VI/i34TttqfY/F1041SGMEZEOoKDIWwGAEwkXLZOcAV+yn7BP/AAWK/Ys/bz06PRvhP8UF0TxZNHjUPhr412Wuo8g5EO4+Tfp8rHMLMwXaXRCwFfjfEfh9n2QXqVafPT/nhqv+3lvH5pLzZ9jl3E1GtaPNr2lv8pf53OBsdXk1S3W5tddeaGUZQpcEqw+oPNOl0+0f5/sy7v723mvoT4nfsbfDjxzcT618NLlfBOvOxZlt4C2nXEn/AE0gBHl5PUpj6V89+M9G+IHwf1pfCXxn8LnSLpm22epQyebp+oD+9BPjBz/cfa47ivhJU6kdd13PqsPiaNf3YOz7Pf5dH8vnYZ9kXPC1s+HbzQ30zUvBHjXRIdU8N+IrNrDxBpNyu6K6tnG1lI+hyD1Bwe1Z1sVlOA38NT/Z/kOAMUoS5XdM1nFSjZnun/BGz4+eL/Afivx1/wAEu/jJ4iuNU1T4Qrb3nw116+fdJrXg26RXsCWP32tldbct6RgHlCT98V+N/jr4on9mv9pH4E/t43l2bfTPCfiEeA/iVeEhVj8Pao5WC5mY9I7e5IYn+Fc+tfsgrBl3Ketf2B4f59LiDhulVqO9SHuy9V1+a1t0ufjfEWA+o5jJJWUtV+oUUUV9seCFFFFABRRRQAUUUUAFFFFABRRRQAUUUUAFFFFABRRRQAUUUUAFFFFABRRRQAUUUUAFFFFABRRRQAUUVxv7QHx/+E37L/wl1j43fG3xdBovh3Q7fzby8myzOxOEijQfNJI7EKqKCWJAFKUoxjdjjGUpWS1Oyor86PHH7R37fv7YNtD438OfFiP9mT4X3kO/SLb+wYNV8Z63EwyJ5FlzBpyMDlUG6UDDMQTtXk7r9nTwVr1t5Xjv/goh+1hrE5TEk3/CzLezjY9yIobXCj2OcV+fY7xL4bwdd04z57dVa3y7+p9DQ4bxtWHNJ28rNv8Ay/E/UJ3SMbncKP8AaNfI3/BQH9rbUfF+kXn7EH7HHjBNQ+K/jG1FrqGsaNPHND4J0qSTy7nUryT5licReasUZxI8nIxtLD5vtf2Mv2IjKtx4yu/jJ45kUY2+KfjJqsiv9VheIfyr0jwdY/Cn4VeFJPh58BvhBoXgbQ7iXzLyDRof9IvnxjfPMxMkrf7TsSfWvk848W8LUwc4YCDU2rJvp52tbbu9+jPTwvC86daMptuz7JL8236WXqdf4G8I/DT4K/D3w/8AAv4M2C2vhPwfp66fpK/xTMv35mPcs2WJ7k1pt4sEU8NhbQSXV3cNstbO3XdJK3oAP59BXK+AdI8Z/FvU30b4a2cX2a1k8q+1y6z9ksyOq5H+scf3F79SK978E/DzwH8EtDudc/tFWnhtmm1rxNq0qIwjVdzMWOFhiUAnAwAOpPWvyHC0cZmc/aaxi/tb38ordvzvZdXfR/Q4qth8BHkfvT7frJ9L/e+1tSl4H+Bk9+i698X51kkLBrfw9bSfuYh285usjf7PCj361yv7cP8AwU3/AGQf+Cc/guPVv2gPH8dneSWu7Q/BegwrcatqOAdqQWwIwDjb5khSMHqwAOPzf/4Kcf8ABzFbaFJqXwN/4Jti21TUcSW2o/FvVIBLZWLZ2n+zbduLqThsTSDyl+UhZMnb+O3jLxv4v+I3jC/+IvxQ8aal4j8Qag3m6t4i8Q6g9xdXLdS0kshJA68DCjsAK/beGeDp0aKnUXs4Pdfbl5yf5dF0jY+JzDHzxFS83fstkvRf031Z9zft+f8ABe79s79uS4vvCHgfVLr4SfDmbfFb+GfDeqE6rqMJBXff36BWUsDnyINqrwC7ldx+KtJsHl1C30fRNOuJ77Urrba2dpC81xe3DH+FFBeVyT2BJzX0x/wTv/4I7ftj/wDBQp7Xxj4S0yHwV8PpnUt8QPFVrKIbiHK5axthte8bYSVbKQkgAuQTX7dfsm/8E5f+Cd3/AASG+FV18Wrx9Lt9R0yx/wCKl+L/AMRLyJr6XJXKrK4EdrGWVdtvAq5IUfO3J+txGZ5ZlFqFJc09uWO/zf8AXy0OGNOpU1ei/r+v8z8v/wBhf/g3a/bS/aWn0/xl+0TcJ8HfBMu2WRNQhS58S6hHwcQ2fMVkDyPMuGZxwRCRX6tfBX9gn/gl9/wSn8FyfFuTQfDfh2XT4WkvviL8QNVS4vyVXLMLm5P7s8FtkIUDJ2qBxXwv+3//AMHXXgfwlDqHgX/gnn4At/El5Dujk+IvjKKSDSbY9N9tagrLdt1IaRo4/unDjK18Q/Bf9hX/AILCf8FufF8Pxv8AibrWuaxpN7N5tr48+KFw9losEbDcG0+yiQBoeQVFvEFw3Dda53HMMXH2mLn7KHbq/l1/4PXpXu7LX+u5+j37Z3/B1r+zT8LFv/CX7Fnwj1T4qa3EzxL4m1eY6T4ctzhl84SsGuLwI4Q7EjjR0JKzAgZ/P/VP2wP+C5f/AAWL1ibw58P7nxxrmj3Um19F+Gdm2g+H7VWc7RLesy7lVlK75J3bHUV+nn7D3/Bs7+wv+zd9n8ZftGC4+NXi6PDCTxRarBolkeflg0yNij8HG65aY5AZdh4r9GPDPhnw34Q0S38O+FNAstN0+1TZb2On2qQwxL6KiAKB9BUxxeX4fSlHmfd/19z37ky93+v6/wAj8Qf2Ov8Ag0s+JuuQr4p/be/aIsPCcczb28JfCyEXV5IrKG/0nU7tNiyByyssUEgI5EvNfpD+zH/wRA/4Jn/sqXMOteBf2a9L1rWoeRr3jSRtYutxXazA3JZUz1wqqAegFfV4IxtAp2T2NKePqVev9fl9yRnzS6f1+oy2trWyhjtrOFY44lCRxxrhVUcAADgAelP3HqaazcZNGc8qa5KmIk92TygzH+9Ub5B5ahmO7AqN25+9Xn1qzsXGI2RmB4qvKxqSRs96gmY54rya9RnTTiV53PQGqU53DirM5G7gVwH7RvxdsPgL8D/FPxiv4vO/4R/SXntbZfvXV4xEdrbrwfmluHijA7l68StPmlZv+urPQo05VJKMVq7Jer2JND+MXwx8V+P9a+Ffh/xpZXXiLQIVm1TSY3PmxRk4LDIAcKxCttJ2FgGwTitW8kKtX5x/8FBIfiX+wn8Sv2eP2i/DgkuvEXhHwpqVx4zWP5v7bja4t31i1fA+YOt1LInGQ8MZGNtfoD4U8b+FviV4L0f4jeB9Xjv9F17S7fUdHvoWytxazIHjcH3U/nXlV/aRjK+8W0126r7112uexUw0KfJOm7xktH5p2f5XX/AuWrmZtzYNZ9xO/XFWbp855rOuHJO0HNePVqG1OJHcXDdmqjPcOGxmpJ3yetU52OetcdSodUIkM91IoIDVQup3cbZGzU07HnmqU7tjNcc5M6IwRV1ac6rpU2hatFHfWFwu240+/hWeCVfRo5AVI9iK+TP2lP8AgjL/AME3P2mftV74r/Z3tfDOsXRdm8RfD26/si6WRv8AloY1V7eQjsHiIr6suyy5Oaz7rOeG+tXhc0zDL6nPhqsoPybRU8Jh68bTgmfi/wDtO/8ABr58bfCF5J4x/Yl/aI0nxlHbyedZ+HfGUY0TWYWDDYsN0jNazuOu9mt+nC5rybwt/wAFIP8Agt3/AMEnddh8FfG208TT6LbyLGnh/wCK+lS6hp86bmwsF3u3qCcnMU2SAD0FfvVcySjo5xWX4n0zRvGGhT+EfGmiWGtaRdKVutH1qyju7SdSMYeGZWRuCe2fevr8P4h4qtRWHzehDEw/vJKXyaVr+dr+Z5VTh+EZc+Gm4P8AA+Mf2Lf+DnL9jL43/ZvDf7R+hap8HPE0zeW15cXB1LQLjOBkXcaLNb5O4lZomRRgea1exftJf8ElP+CZ3/BRHw3/AMLLi8Habp13qcamx+Inwnvre3djhSCwjDWtz8uAVkQNhjypOa+dv2xv+Den9ib9oB7rxf8As7zXXwb8USqzfY9LD33h28kJJJe0kJmtM5UZgkMagcQ5r8+vFfwL/wCCwX/BEHxa/wAS/hz4k1nS/DMc7eZ4m8ITDVPDt9HkqBd28itEoYHO2eNSCwwdwGO/A5Xw/mVZV+GcdLCYjpTm2k32Utbr5zfdHFXq47Dx5MfRVSH8y3/r8DQ/bt/4IF/tvfsaz33irwVpJ+K/gO3UyR+KvCOnMLq3jAyTeafueW3I/vIZY+Rh8kgfEVvNc6fex3dtLNb3NrMGiljcxyQyKeoIwyMCPYgiv3J/YQ/4OffgR8YHs/Bf7bHhC3+GviKTbF/wlnh6OWXQrp8gbnjJaayzkk8yJ8vVcgV77+2b/wAEfv8Agn//AMFJ/BMfxa8O2mneGfE2sQ/adF+LHw58p4dSBDf8fcKH7PfoTjLfJOuwASAZU/VYXxAzrh+vHB8U4ZxvoqsVeL82lo/Pltb+U8+WT4fGQ9pl87/3Xv8AI/M7/gnt/wAHHn7Tn7MF3YfDr9qy3vvit4AiVYPtMlwi+INKjH8UFy/FyFGB5M55AAEicmv24/Zn/bG/ZK/4KCfCObXPgp440fx54dnhxrGhX9vsurLPG25tJP3kDA9GGVPBViCDX84n7fH/AASb/a6/4J+ajJqfxR8HJrXg5ptll4+8Nq9xpsoJIUTcb7WQ4+5KB1GCc14R8IvjP8W/2efHtj8VPgX8RdW8K+I9MmWaz1bRbwwyKR2bHyyIRkFWBVgSCCCa6854B4b4uw31/JqkYTlqnDWEn/eitn3tZrqmzPC5vjcun7LEJtLo916P+vU/qC+Jf7HfiDwbC/ib9neabWtLjBe68H31xm8tU7m0mP8ArlH/ADyfDY6MeleX6L4itNVEsa+ZHNBIY7i1njKSwuOqup5Uj0NeF/8ABLr/AIOT/hf8dJNM+DX7dp0/wR44fbBZ+OrSIQ6LrMgHDXCj/jwnY5yR+5YkY8vOB+h/xs/Zu8AfHyOLxbp2pR6B4uW3V9O8Uafh4b6IjKpcop2XETDBEg+YdVbHB/n/ADzhrNMhxboYym4S6dYy84vb+tbbH6BlueUcXTu3zLv9peq6rz373PnDWPBHgL4v+DNe+CPxXi3eFfGmjT6RrRVQzQLKv7u4XP8AHFIEkB9Vr1z/AIJP/wDBRW58A2Fj/wAE1P2/PF0Oi/F7wHZrYaD4k1e6C2XjrSIxttb+1uHwskhiCh0J35XJy26vHfE2i+N/hf4oXwJ8VtB/svUpMmymWTfa6ig/jt5ej/7pww7ineM/Dfwf+M/g9fhx+0d8HdG8c6DDJvs4tR8yG805/wC/a3ULLNA3+6wr1+C+NMZwhjJJwcqc7c0et11XS9tGtL6a6CzvJaecUVKL16NWP1uinhnRZYZVdWGVZWBBHrTq/FqP9h79itITbaB8d/2kPDNv/wAs9P0f4rSPHAOyI01u7YHbLGrOjfsjeBfC0/274U/8FPP2uvDN4q/upLr4hWd7Ap/2o2tELj23Cv2el4wcO1PipzXqv8rnxU+D8dHaV/l/wT9nKK/NH4Q/tPf8FFv2XrZtd17436f+094Ls0L6lpFx4Xg0TxdZ26jJltXt2+z37KM5ikVZHONsg6H73/Z1/aK+EP7Vfwg0f45fA7xdDrXh7Wod9tcRgq8Tg4eGVD80UqNlWRsFSK+6yHifJuJKMqmBq83L8S1TV9rp2dnZ2drM8HH5ZjMtny1o77PodvRRRX0B54UUUUAFFFFABRRRQAUUUUAFFFFABRRRQAUUUUAFFFFABRRRQAUUUUAFFFFABRRRQAV+bf7dPj2y/bA/4KiaL+yHr0An+HP7P/hu28e+PbWWPMWpa1Pn7DZyAjDLHE8MwHRjK3dK/SSvyP8AgJr1348+Mf7Y37Qct59pm8R/tBp4PtbjcDtsdJ0+MRop9MSgcf3BXwPiRmVTL+GaihvOy+V1f8D6DhvDqtmF3029Xpf5K7PVPFfjPWviBrsnifXLnc0x/cQr92BOygduMVXhlwFBrLhmCxBN1GoeINM0XT21HUbtY4Yly7N/L3J7Acmv5NlUvLmk9z9WjTUYqMV8jUvdWtNOtZL67uVhhhjLSSM2FRRySTXbfBj4B+I/jFBb+L/HAvNF8ITKHt4dxivNZTsR/FDCf73DMORgEE2vgP8AszXPihbX4ofHfTmisty3Gh+D5kwXAOUnvB69GWHt/FzwOP8A+CqP/BXn4J/8E0vh7HP4lSHxN8Rdctmbwh8P7W6CySqOBdXWOba0Uj7xAaTG1B1I+gyfI8RmWIhDkc5y2h+suy8tO700fh5lm0cPFxou1t5dvKPd+ey6a6r2j9qv9sz9lz/gnv8AAxvib8cvF2n+FPDdgrW2h6LYQA3Wp3AXK2llbL808p46fKu7LsoyR/PV/wAFNv8AgtV+0n/wUv1e58Bma68EfCOG6V7PwBp93h9VZDlJtTmTBuSGAZYf9UrKrbSyhq+dP2r/ANsP9oP9t74w3Hxw/aX8fTa1rEitFptrGpjstIti2fs1pAPlij9cfMxGWJNejf8ABOv/AIJn/tPf8FHfiQPC/wAHfDcmm+FdPuFXxb8RNWhK6Zo8eMlFOQbq6IwEt48tllLlE3OP6OyXhfLeG8L9cx8k6iV238MbbKK7rp8rLS5+e18VVxVTkpp6/e/P+v1sea/B74W/En44eP8AS/g38FPAOpeKPFWsuV0nw7olv5k8wAyz7RxHEoBLSsQiAZJGK/bn/gmN/wAG3/ws+DU2m/Gf9vKLTPiB4ujeO40/wJGvnaDpUwHHnhh/xMZVOcBx5IIyFY8j6F+Av7Of/BPj/giJ+zFq3jXVfEOm+G7G3t1fxl8SPEqhtU1yY42w7kUyOCwUR2cIIBwQpJLH8kv+Ckn/AAcPftR/t9eI5P2aP2F/DXifwb4P1i5/s61t9FheXxN4q8x9qJ/o4LwLINv+jwksd5VnYdfOlnWb8VVpUssXs8OtJVHpfvb/ACXz0Nfq9HBxTqu8ux+lv/BTP/g4m/ZW/YevNS+C3wQhtfih8TNPaS0utI0e9VdJ0K4QlWhvLmPIEiMCrW8WXUjDbSCK/I/QPCH/AAVp/wCDg341L401WS+8UaNo900KapdsdP8ABvhMMBvit15jaYhY9yoJbhsIXOAGH1V/wTM/4NkrPR7bT/ij/wAFJLjy5NyzW/wj0HUVPlqGyE1K8hJDbgBuggY/KxDPuyF/ZT4ceGPBHwz8G6b8Ofhr4U03QdA0e2FvpOi6PZrb2tpGP4UjQAD3PUnkkk15lbPMi4fTpYC1ats5vVedvP0/FM6aeCxGIjeouVdj4v8A+CeP/BuT+x3+ydd6b8UP2hFh+MHj6zKy202vWY/sPSpRghrawbKySBs4ln3sPlKqhXNfpBZMiKqIiqqrtRQMBR6Adh7Vz2mSlsZ5rbtHG2vDlnWMzKpz1pX8un3FVMPGjGyNSOTOMmrETen51RjkbjmrUL5PFejQrHn1IlqPJNSAjHSoY5AOa5/4r/EvT/hd4TbX5dNm1C8uJ1tNH0e1dVm1G8fPlwIW4GcFmY8Iiu54U16qxFOnRdSbskm2+yWr/rd9DGFKpVqKEVdvRHTH0zTWJz1ryb9kr9rbwP8AtaeC73xF4b0u80fVtF1A2HiTw3qTI1xplztDqC0ZKSI6MrpIpwynsQQPWCTjkU44iniKUatOScZJNNbNPZoqth6uGrSpVVaS0aEdxnOOahkPOBUj8mopGwOa5KkpS2JiiJzxjGKryMDXE/FD9qT9m74NzfZviz8fPB/hudgTHb614kt7eaTHZY2fex9gpNeZr/wUe+Bniuya5+CvgH4rfEdg5SNfBPwl1h7eRv8AZvLyC3tMf7RmC+9eXW53pby8/u3069up6VHB4ipHmjB272dvv2PeJ5VBwzfrXzT8aYW/ae/bg8B/s1xSyS+E/hisPxC+IUUTfu7rUFcpoVjJg8gTiS+KnIJtYsjkGt6T4p/tzfEaB4fAv7GVl4Jjmx9n1L4qePrPzEUj75stIN0WP+w1xGfUiuq/Yz/Zn1H9nbwfq13468XL4m8deMdal1rx54qWz8hdRvX+VVjjyfLgiiCxRR5O1EHJOTXJT/c4i1Ra9E0/8l/w1zr0wlJ1OZc1rJJp79dG0rK++qdux4v/AMFXdJeTXvhzrb2K3EMcOsQTLImVbeLYkH6gMPxrxv8A4JR/GLVPg7471z/gnf44vWl0i2s7jxX8Eb6b70uhSzE3ulE9WezuGYrnP7qXsFAr6G/4KkAp4d8E3DR/I2tXluzejPbBh/6Aa+Px+zt8UPjFc+GPGnwM8R2fh/x54A8Q/wBseD9f1QMbRWZTHc2dwEy3kTptV8A4IBAJFfD5jjlgeKK8KnwVFFS8nyRafyej30b62Pq8tw/1vhumno1zW8veZ+il243kjpWbdMSSc14xrv7RP7Ynw/tbe6+I3/BOjxJrdr5Y+3ap8JPG2na0m/HzGO1uvstxtznAwTjjNY95/wAFIP2ftEsHv/ir4E+M3w9WM4b/AITb4G69Gg/7a2lvcR/juxW0sPXnZxV79nf8Dip059Ff0s/yue43Lc5NUZ2I/hrzH4cft2/sYfGGa1svh3+1P4HvLy8k22+k3mtDTr8tnGDaXywzA57FM16hKHWTay9s57EY4NcFanWoy5akWn5o3iUZT14qrICVJA71dm3fNkVUkDsMqO9ccjeJn3QwrErWfcYIyvT+dc/8StS8WeNfiP4b/Zq+FPiU6b4g12yuNb8TatZ+W9xoPh+F/JFwqvlVmuLpvJhLA5EU7AERnHF/scfHbXvjl8LdU8O/EceV8Qvhv4guPCnxCt2jCG4urZ2SHUlUADy7uFFm+X5Q5kUdKKmFrRo+1a00+5319P8ANd0awnHp/Xb8n/TO+uuuTWfdHnNa11E+eVrNvIyuTivOkdMTIviGGQKh0/VL3SZJJrG5MbMpWTgMsi91dSCrqe6sCD3FWble+azrjaFOazZry8ysz4g/bc/4IQfsf/tQreeOfgbHa/CHxpPukkGjWe7Qb+T/AKaWa/8AHoT3a3wnH+rySa/Pnw94y/4Kwf8ABAj4qRxpJqGn+E9buWMdncM+peD/ABVjG4of9V54VF+ZTHcxrjO0Ng/upcyoAfmrJ8W6P4M8f+C9Q+GnxK8I6b4i8NawgTV/D+s2ontLoDoWQ9HBAKyLh1IBDCvucm48x+DofUsxisVhno4T1aX92T7dE726cu54eO4eo1pe1w75J91s/VHlP/BPH/gt1+yF/wAFELWL4HfECw0/wd481q3NndeBfFTRXWleI964eC2kmHl3AfLL9nmUORwNx6eE/wDBSz/g2y8CfEIap8Vv+CfUVr4R8QbpJ7z4X6hcmPTbubOXSxlkJ+xuTuxA58oHCqY1wB8+/wDBQX/g33EkWofFf/gno91qCxq1xe/CnUrjzLxVVdzHTJmx9qxgkW7/AL7nCGQ4FVf+Cb//AAcS/HX9l/XIPgB/wUOtPEPjDwtp8n2JtevImfxHoBUhdsomKteRryGjkIlAJIY42n6jA5bUop5vwTiG0tamHluvKzevl1/lk3ovDr1fe+rZtTs+k1/mfnH8UPhb8RPg5491b4UfF/wNqXhvxJod0bfV9D1mzaC4tpB2ZGHIPVWGVYEFSQQa+2P+CUv/AAXf+P37AMln8Gvi8+oePvhH9pUQ6LdTF7/w6p4d9PlbJEfQm2YmMlcoEZmLfsN+1n+xT+wx/wAFjvgDo/j5fEGm62s1iR4I+LPg+RWvLNGXIgk3YaWNTjdaTgPGcgeWS2fwH/4KBf8ABNH9qD/gnP8AEdfCfxr8L/bPD+oMx8M+OtHjaTStZjBPCv8A8sZxj57eTbIvBwVZGb7nJ+J+HfEDByyzMqShXW9OWjuusG9brtpJap3V2eTiMDjMoqKtRleHSS2+Z/TZ8HPjd+y5/wAFCf2dbfx54A1/TfHXgPWmMXnRZWfTrxQC0Mi8SWd3HlTtODgqylkZWPj/AMX/AIDeMv2fv+Jy15c6/wCDWkCxa+0e6fTcnCx3m0fd6ATYwTjdgmv53/2Ev+ChP7Sf/BPD4sD4n/s/eJtttdtGviTwvfkvp2uQIf8AVzxg/ewTtkXDoTkHqD/SJ/wTJ/4Kj/s9f8FLvhRceKPha/8AZuv6bAsHjf4f6xKklzYb1xux0ubSTkLKB1BVwp6/kXGvh7jeHZOtTvUw3Sf2odlNfrs/J6H1WS8QqpaL0l1j0fp2f9WZ56sfmxq642kArjvUv2UdQleg/tAfs23XwgtpviT8KrOS88ICTdq2hx5efQ8n/WxDq9tnqvVOoBXOOE0+8tb+Bbi1lWSORdyOhBDD1r8xlCVGXLL/AIc+0pVqeIp88NvyfZ+f9LQTTtS1vw1qMOv+HtQmtLy1cSQzQtggj19q2P2E/iWP2Y/+CqNx8NdPuEsfAH7THhKTxJp+kxqEt7DxfZkreeWOBGLiJHZh3k8vHLHOfIibvmryv9rHxNH8KvEH7NP7SLymOHwL+0La6bqUy5ytlfospUgc7S1qR+NfdeHuaVct4mouLspXi/NPW33pHi8QYWGKy+Sktf6/U/aiihWDDcpor+vj8bCiiigAooooAKKKKACiiigAooooAKKKKACiiigAooooAKKKKACiiigAooooAKK534jfF/4UfB/SF174s/E7w/4XsZH2R3niLWYLKJ2/uhpmUE+wr5f8f/8ABbr9jSwW8039nyLxd8atatZTD/ZXwp8L3GpIZQ2CjXRVbdMDJy0gBA4J4rnxGMwuFp89aaiu7djajh69eVqcW/RH1F8VviR4Y+D3w0174qeNNRjtNJ8P6TPf39xLIFVI4kLnk8dsfWvyA/YBN9afsSxePdQtpLcfFL4v+KPG1nDccSyWcsqWttKQedrrExBPUDI4Nb/7YPjH9u3/AIKQyw+H/wBrGwt/2c/2cre5judV8DtqMdz4u8Y7GDLbyeUSIUYjG0bUXeWbzmVClzUviDolzZRTadoVvoOg6Hp8dlo2mRt+60+xiUJDAo/2VAz3ZiTyTX8/+KvFmX5lRp4LCT5rO7a27W+Z+gcK5RiKEnVqLf8ApfPr5fM3tU8TWGjWb32o3HlxrgdCWYnooA5ZieAByT0r3j9mj9mqewmtfjJ8ctH/AOJmCJvDXhe5AKacv8NxOvRpz1CnIT61i/smfs63qXNp8f8A4y6D5cxUS+DfDl4uWtUPS9uEPSVhyiH7g5PzHA8J/wCC3f8AwWs0D/gnp4Hm+Enwdms9Z+NfiSyP9m28kgkh8L27jH9oXK/xS/8APKE4BPzN8o2t+b5BkWMzLHQo0Y81WVrLpFfzP038t2etm2aQp05Qg7RXxS7+S8uja32Xnrf8FlP+C2Xw7/4J3eErj4bfDi6svE3xq1q2zpPh9m8yDQomB/0+/I+7j/lnb/ekbGdqhjX85PxK+K/xB+NPxC1n4w/GDxnf+IvFGvXTXOsa3qk3mTTyH3P3VAwqqMKoAAAAFZHjHx54u+IPivUvH/xD8T3uua5rF091q2salcGSe7mY5Z3Y8nnt0A4r9L/+CH//AAQ11D9qO60f9r79sfwvLZfC23kF14Z8J6ghjk8YSKflllXhk09WGTnBuCNq/JuJ/pHAZfknh7kssTiZ3m/il1k/5Y9bfnu9NvzyrVr5piFCmtOi/V/1p+Jyf/BHr/gh98Rf2+tUsPjj8eV1Lwr8GYW81bmJTDf+KyDxb2ZYfurcn/WXWD8uVjyW3p+u37af7f8A+xJ/wRO/Zm03wbpvhWxt7q309oPh78KvDOyO41CUD/WSHnyIM/NLdSZYjIUSOVU+Z/8ABXP/AILf/CT/AIJh6AvwP+EPhvSfE/xYk0tU0nwupEem+GITGPImvY4sHAG1ktFKF1wSyKQT+Tf7EH/BOf8Aaz/4LH/GXUP2rf2rviZrFj4NvNRaXxF8QNWj33utSbubLS4SAnA+XeAsEC9ASFRvj5SxXE0P7Xz2fsMFDWEL2c+3m2++76abejGMMLL6vhVz1Ho32MXWvE//AAUm/wCDg/8AatkJT7fFZyb4bMzSW/hjwXZZxuY8hThvvYaaVm4zkCv2k/4Jxf8ABLr9lb/gmroC3Pw+s5PFHxAurNY9e+JGsWarczPt/eJZxZP2K3ySFUEyFQu92Oa9A+CHwm+Dv7M/ww0v4I/AHwBZ+GvDGkwqlrp9p8zyvzma4kxuuJ3JLNI5JJY4wMCunGuH7Y0Y68bvm6cV8VxFx3WzKH1TAx9jho6KK0bS/mt+X3tvU97AZDGj+8re9N/cj0Gx1vfN0blq6LSLwna7NgA8lmxXB+DLLXfFusx6D4X077VeSLuI3YjhTP35G/hX9T0Ga+gPA/wn0Pwx5d1fOdS1BOWu5lwkR9Ik6L9TlvU15OS5djc1lzU9IXs5O9r9kt5PyWi+01dF5licPgY2n8T6Lf59l/STMzR7DU3iW4SzkWM4HmyKVXnpjPX8K1LSb+6+7axVsdiDzWF+078cLD4K+Cob2WNZdR1q6ax0eAv83mLDLM0g4OdqozH2WqvwxubtPAeixaipS6Gl2xu13btsxhUuM9/nLc96+ixUaGW4yOGhJyfLzNtW3bS+9K+73+7x4xq4rC+3krJuy87b/jodxC7Ptw1XINxPFcX47+LHw3+EHh4+Kvih4+0fw/p65/0rWNQSBWx2XccsfZQSa4eD9tnwv4hSZPhD8HviH42ePb5c2j+Epra1lz6XF75MePfp7162E56vw6/NX+7fY4pYWtUV4xdu/T79vxPdI5Mdvb61414a1Nfjz+0rqviWyn87w78MfN0aylVv3Vxrkqj7aV9TbwlICezyyr1VgKOr69+3D8VNJ1Lw34X+Gnhz4Xx3luY7XxRrfiQaxqFluyDJHY20QgMirype4Kh8blcAg+mfBv4T+DvgN8LdI+FXgO0kj03Q7FYYWnk3zXDYy88znmSaRy0jyHlndieTXd7WNRcnRO7bTW2ys0nvrfyVr3dp9nHB05Sck5yVkk1Kye7bV1qvdSvfV3tZX/ML4TfGfxD+wd+1DJ8XrsSXXhe31C48MfFyxs42kkOlpO62urRpkbpLOfBk4J+yzTkAlFr9YdK1XT9b0+DV9JvYri1uYVlt7iGQMksbDKspHUEEEEdRX5haj4V1Txt+1p8QNDt9Fjmhj8XXcc0Ui743DtyrLjkMGII7g19HfA/4X/tp/su6BH4K+Cur+CPGHgG3Vn0Twn441K90/UtDUnP2O31CCG4WW1U58tJoS8YO3zCoUL8fwnn1PD055ZiG7Qb5JWukr6xfXTdb9rLr9PxLl8MVyYqLSm0rpu1/0v62066H1o6tuyBUN1B58bQydGUr8rEEZ968HX9qj9qPQ9Pin8a/8E//ABTcTbitwfB/jLStSiQ54K+bJBKyn3jB9q1vgd+3J8JPjt8UdS+Bun6R4g0Pxpo+krqWqeHPEGl+VLb2xl8oOXRnj5fjG7JwcdDX2qxWHvGVOad9Vv09Uv8AM+SlgcVGLly3S3s07fc3p57HxL8SPiD8SP8Agip8YFg179n3QvH/AMLfFd+//CJfET7HHBrljcyMXbSb+9KMZJgdzxTSsBMvy5DoQfsz9nX/AIKI/s4ftEeHrfUtO1268PahJhJtH8URfZZo5D/CHJMUo9GRyDXoXx1+CPwz/aP+FGufBP4w+G4tW8O+ILNrfUbOT5SR1V0bqkiMA6uOVZQR0r8OP2qP2eP2nP8Aglx8cNM8JS+MNTuvD+pXTJ4L8bbEmsNftQcixvreQGNb1FGGQgCVR5kZBLBfIxzzDCxdfL2uX7VN3aXnHqk/K6Td+Wx7+DWAzqPs8VdVukk/i9Vtf7r9z99I3tbhVeIfK4yrDowPcEdadHF5RzX4uaB/wUn+Mc9jp954Z8f6h4ZbK27aJ4YJEUsoGMxxSGTr2UA46dq+uf2Wv2jP+ClfiyG3vdU8FQappMuPLm8aWIsJtn97fEoY8esdfPU+LMJzp16E4y8rS/G8fy+RpiOE8VRpuUa0Lebcf81+J63/AMFJfDV74i8DeC47Ibj/AMJwit9Gsrj+qj86ufs6/CJfDXg+3N3ZxiR/mby06+30H6muQ8S/tu/Cb41/tAD9jxIbZvF2h2j6lNeQyGTT2v4l2tZRSkAtOqOz7cDhWHUEV5J+1Dpv/BQGWzuLn4ceMv7c0eM4h8OaPcLpk0ceBwNqj7QevDSL9K+aznEYWpnUsSk5Rajbom7JO97Wsevl1DFf2XHCuSg1du/ZttWt39UfXHjP4ofDH4dw/wDFZeNtL0/aPlimuQZD7BFyx/KvCvip/wAFPvgx8OrC9u/Deh6zrC2EJkub24mXT7KIdiXfc5z2wmT2r8zvHv7SHxF8OX93oPizQde0XVbdiL2xvrM29wnPctkkf7W7B6815X4c8PftH/8ABRL44af+zr8GNO8vaq3t+00jnTPDllnadU1CTrLITkRxnLSNhEUDc1bYGlm2YV7Q5acestHZer0/D8bJ9csqy3B0efESc/wX4a/ie8fEn9tb9rD/AIK+ftCQ/s0fs7+AvA+j2ccJm8SeJL3wVb6hH4d07ODdXF5dRs5kbkRwxrG0jcAgZNfpZ8EvhXoXwF+C/hX4HeG9f1TVrHwnocOnQatrc3mXd7syWmlPQMzMx2j5UGFHAFYP7KP7KHwc/Yq+DNn8EvgtpTLbowuNd127Vftuv3xGJLy6Yfedj91M7Y1wqgAc3PG/7Qnwu8D+LpPh7c6hq2seJII4ZLnw74V8OXeqXkCTLuiaRYEKxB1+Zd7Lkc9K7sZWWKccNhYuUY9X8Un3fl2XT1uzg5ubVR5YraK6eb8/M7CUkis3X/Eeg+E9C1DxN4q1OOw0vS7OW81O+mYBbe3jUtJIT6BQf5Vg6H4n/aI8aO3/AAhv7GHjGODzzGt54y8SabocbL/f8oG4uNv/AAEH2qvrH7Ev7SH7RHimz0b9qDxp4J8P/DG3uobzU/AfgJLu7vfEMkT+ZHa3+o3YX/RRIFZ44YkMm0KWC5zlTyXHyqqNWPItLt6WX+fl99iZYvC04tyqL5NN/cnf77LzN3/gnr8P9Y1rwXrn7Wvj7QpbPxN8YNUiv4bO8z5ml+HLfdFo+n4IGzbAWuHXAPnXcuc9a/PTQfi7f/s1fti61+0f4iu/L8J6v4y1Xw38TGXJ+z6a2pTC11Fl7m1kKFvSIv6V+yClbCWCxhiRY0ZVjVFCqqjoAB0AHGPSvyef4Qax8Tfjd4q8BaZpEN7Dq3ibUpLyC8H7kQS3EplEnByuCR71Gd4yjh60HBe7qrf3bJW9eq3s7djbh9fWnXdXqo/Le33JI+xdRTyJWgLBtv8AHGwZXHUMpHUEcgjqDmsm73HdtrzH4TfAb9sv9nvwJB8N/BGu+Cvif4Z0mPyvDum+L7280TWNPtwPltFvokninjQfKnmxhgoALHArU1Tx98c/C8Yn+If7F/xC0+NVzcXPhu/07xFbp7g28kUxH1izXg+x9peVJqS6dH/4C7P8PS61PQvGEuWTX3/0zpL0OTxWXLHPeXsem2dtJNc3DEQW8KFnkb0A7/0rn/Cfx9+E/wAQ9dk8IaD4x8nXI1ZpPDutWE2n6gFUZZhb3CqzADqVyBTfid4o8cfDvR4/jF8MdMbUte8E3A1uz0WNfm1iCEH7XYL1w81sZkTg/Ps4rnUJOtGnO8btbq2731OqKly6b20/S5a8Vi98LXIs/E+mXemyNwovrZogx9mb5T+BNZlxMCu5e9fbfw8134cfHz4TaT4u8Mz2eteGtd0qC901p4FkiubOaMMjFGyAcHBHUEEdRXkfxq/YctY7aTXvgTfLpt2ql28M6hIWsLr2hkOXtW9OWj7FR1r0MRkuLp0+en7y7bP/ACdvl5I8zD51hqlT2dZcj/D59V+Pm0fO8tyI38zJyGB+mK+fP29P+CeP7Nv/AAUJ0OSTx/at4Z8exx7dL+JGl2SvcBguFS+iBH22HgZORKoGVY42n2ObxHc2+r6h4Y1vR7nTdW0m4+z6tpV8uye1kxkBh3Vh8yuuVYcg1C2pp56jvn5RnrXHgcwx2U4xV8NN06kdmtGvJ9Gu6aafVHq4jA4fGUfZ1YqSf9af5n4yfDH42f8ABRz/AIIFftDt4ZvY1Gj6nMJr3Qprhrrw74stkbHnQPgcleBKoSVNwDAEba/b39l79r39hz/gs1+zNqvhmw0ux1mxvLMReOvhj4kZf7Q0iRl4fA5ZAcmK8ixyvOxgVHmvxo+GPwl/aO+G958Gfj54Bt/Enhm8LP8AZZGEdxZTYwLm0nwWt51HRl4bo6suRX5C/tL/ALIv7WX/AAR4+Nel/tI/s5fEjU5vDSaljwz8QNMj2vA2ciy1GEZVJCOCjAxSgHbkZA/UqOKyfxFUY1GsNmcbOE46RqNbeakrbX5lvFySaXxmIweM4fu4r2mHe6eriv66/kdt/wAFfP8AgiX8Q/8AgnjrD/GH4P3l/wCLfg9qNwFh1WeMG+8OzMeLW+CDayE/6u4XCv8AdZUYDd8e/AL4/wDxl/Zb+LGl/G74B+PL7w74m0iXda6hYzFd6nG6KReksT4w0bAqw9wCP6HP+CXH/BWz4D/8FWvhPP8ADH4i+F9G0r4jJo7W/jj4e30azadrsG3EtxZxy5823cfM1u254SSNzqqyH86v+C0X/BCu8/ZUi1T9q/8AY70W91D4X7jceJvDCs1xc+ENx5kU8tLYZP3zloR98lcNX2nC3GlaeJlw9xNDlxC91OSXLUXRPo21s9peu/h47LYxprG4F3hvpvE/Uf8A4I7f8FmvhZ/wUr8Cf8I3rC2Phv4t6Ha/8VP4NaQCPUoQMG/sAxzLAf8AlpFy8LHkFGVj6X+0X+zcvw6eb4v/AAi0+STQZJGl8SeHIFLHTCeTdWwHJiJ+/H/D1XjIr+VD4YfFL4jfBL4haT8WvhB4wvdA8SaBfLd6Pq+mzbJraZTwwPQg9CpyGBIIIJFf0vf8EYP+C0Pw8/4KT+AI/CPjBbLw78YdB0/PijwypC2+rxqMNqNiD1ibrJActExP3k2sfi+PvD3+x74vBJvDN3a3dNvr5x/4Z9GerkefVPaKM3723ZSXZ+fZ/pdGhYvBqlrHdWdzHLFIoaOSNsq6noR7Vx/7Wfwa1T43/sS/FPwb4cthNr/h+z0/xh4bjydz3Wl3QuHRPVntxOg92Fe6ftG/Amz+D13cfF74b2LR+EbuYSa9pMCbl0aZj81xGOq27E5ZeiEkjA6YvgfxPP4V1y18T6ZHHcRj/XRt8yTwsMMh9VZSR9DX5LhKtbLcwhU6wakn0dtU15f8Mz7ipKGOwbdPr06prWz/AF8tVofbn7HPx58M/tOfsueA/jt4T1hL618SeGLO7a4Qj/XGJRKpx0YSBgR2Ir0qvyv+AV5+1j/wTZ8ba/c/sc/DmL4zfAHxNrE2s3PwxtdTS28TeB7yY7pl08SkR3NqzZYQk8HkGP5jJ9B6R/wXX/Yf0y/h0T49xeOfhLfSKPOj+JXga90+3ik6FPtOxoWIPGVcj3r+wch4qyfOMHTlCtHmaV03rfb8/l2uj8jx2U4vD15KMG1f+rrofZtFcL8F/wBpz9nf9ozTP7X+BHxu8L+LoBGHc6BrUNyyKehZUYsv4gV3VfTxlGcbxdzy5RlF2asFFFFUSFFFFABRRRQAUUUUAFFFFABRRRQAUUUUAFFFFABRRRQAV+df7VP/AAUJ+PH7V3xM8Ufs0/8ABPP4i6f4N8G+CpTZ/Fb9oS6t0uYdOuCBu03SUOVnuwCQ0n8B4XBww+pv+Ckfxtvv2c/2C/i58adKkRb7QfAmoTab5jEBrowskK8dzIyAe5r86/hT4AtvgZ+yR8LfgD4egS3srbwja63r3k/e1LWL2Nbie6lbOXYl8ZJOMYHAFfm/iPxZiOG8vhDDfxKl7Psl1PpuG8qp5hXcqiul/V/Py83r2MPT/wBnT9irwx4s/wCE/wBX+E2t/HLxx8v2z4ifH3xBPrRuJB0dLGZjAFH8IKZUYAOAK9C179oP406tpi+HbHxx/YOlIgSLSfCenw6bbxqBwo8pQ2Mf7Vcrc+ZGGxxWe7zyTbS/FfzHjs4zPMKjniK0pX7t29PTyP1Khl2Dw692C076/nt8rCXsMbSHVNTvri7m6vdahdNM/wBdzkmvYf2Mv2fF+KN/a/Hr4jaav/CIabc+Z4X0y4XnWrpDxdOp/wCXdGHyA/fYZ6AZ4f4C/A3U/wBpjx7caReF7fwT4cljbxZqCnBu5CMpp8R7sw5kYfcTA4LCvZ/+Ci37fXwk/wCCbn7LV58cfGWnWsjWyLpfgTwjFII/7Tv9n7q3QDkRRqN8jAfKg9TVZXgcRjsVCnSjzTm0ox7vv6f0zjzbHww9OUE7ae8+y7Lzf4LXqmvO/wDgs5/wV/8ADn/BNb4SxjQIrHWPi14ttJD4J8PXQ3Q2cfK/2ldoCD5KN9yPjzWGMhQTX8zHxB+JfxA+LHjvWPin8U/F99r/AIl8QX0l9rWsalN5k13O5yzE9AOwUYVQAAAABW1+0f8AtK/GX9sD45a/+0R8e/F02teKPEV4Zbq4kYiO2jHEdtAvSOGNcKiDgAdyST9qf8ENf+CPNx+3T44P7Rf7QmkXFt8IfC+pbFtWUxt4rv0wxs4z/wA+ycedIOuRGpyTt/qDKcsynw7yCeNx0k6lrzl1k3tCN/P72rvRK35fWrYjNsWqVJadF283/X5ne/8ABDP/AIIe6l+1Ve6V+2H+2H4bktfhfazrc+FfCt0rRy+L5EbiWQcFNPDDk9ZyNq/Jlj90f8Fqf+C3HhX/AIJ4eGJv2ef2cbzS9Q+Ml5YIq2sUMctr4Lt3jHlTTxYMf2jy9rQ2zDCrsd12FVZf+C0X/BZHwh/wTY+HVt8CPgRHp918Xda0dBo+l2sKfYvB+m7RHFdToPlEhUAW9sBwq73Cr5Yk/LH/AIJh/wDBOPxF+2545vP2zP2yJdU1DwPNr007f2pcyLeeO9VL+ZOBKfnNsrt+/uAeWJjQ7t2z4X2j4gvxLxH7mDh/BpfzPoktL3t5c2r0ij1I0ZUJfUMEuarL4pdv8ku5sf8ABLL/AIJY+Kf26fFcn7aH7ampa9ffD+81ia7Y6nqU39peP7/zSZybhm837MZNyzXQO923IjB8sn7TWniLTtJ0210jRtI07SdK020W30/TNNtVtrOwtkGEiiiXCxxqowAAOmTzzXArr4+y2tlZWlrY2On2cVnpmm6fapb2tjaxKEit4IkAWKKNQFVFAAAr1z9jj4QJ8fviHe3vim2aTwv4WkhN9Gw+XUb5hvS1/wCuaLteT1yq9N1fnueZ9m3G2bxj8MdoQv7sI9W+7srydru1krWR9dgstweQ4GVWpq0ryfV+S+ei9dT0v4Cfs7eI/izp0HjHxtPdaT4em2va28LmO81JM5DZ6wREdxh2B4Kjk/Pt98WLTwzr3jWxWKSZfDvxB1rQtPsIvmlmFvetDBEO7OwKKO5BH1r9KEjjSNYo12qMDao/QV+M3wX8V3vxN/4Klap4UsXabTpv2lvFGozRxtuU2unMzFz/ALPnxpz613Z5w7g8HltGFD4+bWb3el3p27JbW7tt8mR5pUx1evUrL3YpNRWytf8AF9/0sj9X/wBnj4fXPw68E2uk6vHC2t3MKXHiK5jGQboqN0an+5H9xR6LnqTXd3WoWdhbyXFzcxw28EbSTTSyBVRQMsxJ4AA5JPAFeT/G79qn4Efsj/Ci8+K/7RPxa0jwtotrG0txfatdBZLh8E+VBEMyXEp6LFGrOx4AJr8zvjd/wUY+NX/BUPxnD8HvhtompfDz4KyTL/atneK39veLot3CXSxFv7PsmHLRk+ZKPlJC7hX1GDzTAZXlcZN2hFfO26iu7fV9229Ls+cp5Xjs4xzlbd6u2i7v5dF6LTQ+l7z4rwfts/tLTfFa2ct8PvCtnLpHgNWUqdS8yRWvdVOcHZOYoreDv5MUrjAnr6a8KaiZUXc/8Pavnf4P6T4X8HaHb6HpNhDZQ28aLHGLdoQAoCgANjgAYA7CvaPCGsW4AVH7V8BDNKuYY+eJqvWT+5LRL5I+pxmFp0aMaNNWjFWX6v1b1fmcn+2v+yb44/aAsNA+L37PfxSm8F/FjwEtw/hLWJI1msNQhmC+dp1/A6sskEu0YcDfE3zr3FfKvwr/AOC5H7Qvwg+IWpfBH9tP9n/7P4m8PPHDrtrZSra3Ntv/ANXMEcmOaCQfMk0bBHHoQQP0Q0jUBIihW4r53/4Kf/sIfC79r34MXPxDu7yHw7498C6NdXfhbxtHDl4IEQyy2VyBjzrSTZyhzsb50wc5+qoyjiqajGThNbSTaXpJLRrom07b97+NRqUYS9liYKcNtd43fR72v0udP8M/+CtX7H3j1YE17xXqfhWSfG1vEWlPHbk/9d498YHuzKK+i/DHjDwh4/0SPxB4E8WabrWnzL+7vtHv47mFvo8ZINflf+wl/wAE9LH4tfCTw78VvilLci41rT47tdPjk2wwxuMhQuM9OefWuo/b8+L3gD/gnZ4B0nwR8EtKtYPGviQ5hs7KQW629gpCyTy7McufkTPUknoDXjYXifHe0dN0VU1tdS5b233Ul+CO7F8O5bOoqdCo4y7W5kvya+9nu2g+IfgR+z58TPE3j74seOrO11rxL4lvLy00e3he7unXOFKxQK7Y2JnJwOT0rH+Kn/BYP4N+AopLHwf4WnkmRSRca7IIAR/swRl5WOexC++K4X4f6t8L/wBonwjpviWCO31jw34mtRIpkXEkcm3DQyEYZZEb5TyDXyP/AMFHv2HtB/Zv8A6t+0P8NG8RX+kafbtJqnhxtQEwih67omf5gobAIOcAk9q+ay3MK06zoR/dylK17Jycm7Wu9E+m33HuVMrwdaalXvKy2vaNl5LX8WdF8dv+Ckv7Y37b3jHT/wBm/wDZx1jV5tc8SSS2+l6P4dm/s+ORQB5ks8kRLRW0SsGlleQ7RhQpdlU/o9/wTm/YG8H/ALB3wffQZNb/AOEk8deIGS78e+NJoyJNUvNv3I9xLJbR8rGhJOMs2WY1wX/BI3/gn1oX7HvwVh+InjWaz1b4k+NtLtrjxBq1sn7nTrRlEsOl2hPIhj3hmbgyylnPRQPr1mCd6/TcFhqOXUmrudWXxTk3KT8k3qkuv3aJWPjc2zD6xJ0KCUaSeyVk33dv66kpkrxz9vD4c/AX4pfslePfDn7SumLceELfw5dahqM6YW4sWt42lS6t36x3EbKGRgQQ3HQkH1p5G7NXyt/wWG1TWrr9iXVfhx4euJI7zx94n0PwoskKlmEd9fxRykD2jDk+2a3hiJRqJp2td/gefg6PPiIK9rta9tVqcR/wS1/Yi+GXwv8A2cfAXxm8S+EDffETxJ4N07Udd17W40mureae3WUwxDaFtwA43CNVJbOSa9B/4KK/tWQ/sefs7XXiPQJY5PF3iBn03wfbyHIjuChL3jjvHAn7w/3n8tf4hXtum3Ph/wAE+C1vtW1O207TdL08PdXl1IscNtBGnLsSQFVVXJzwAK/DL/gov+29qn7X/wAb77x9o9xLH4Vs1aw8H20g2n7Cr5+0EH7rTMN/rtCjtXxdGlB+/b3pa+Sv+nZeWmx9RhY1cxxjdRtwjvf8F/n5epx/wb+MniTwx8e/Dtro/iC4F5JqQv7fWJ5i05vkEkiys3dmkLbs/eDkV+znwX+LPhr4+/De3+JPhmRY7jcLfxBpe4FrC9C5Zcf3GB3KehB9Qa/nyXXNTXXYdbs7uSO5tJUksp1/5ZspyDX35/wTq/bRtvButr4p1XUfKhuNlh4w0w/eEWcpdKP4gjEtkdAWFcWc4OVGMaiWm0vJ9H89n/wx9FUp/WItx+Jbea6r9V5+Vz6Y/wCCpvwI8FfFL9mrXPF3iLSWbUPD0KXNjqNofLuIfnVSu8DLRnPzI2VI7CuX/wCCFGgeC9A/YQ/tzw54eht9Y1Px1rkXirVpGMlzqd1bXRijeVzzhIfLVE+6g6AZr6i+M3g/Tvid8FPE3haEx3MOteHZxayRvuWXMe+MgjqDgYNfKv8AwRZ1b7H+z98Q/hz5LxN4Y+MmsQyK/wD08w29yv6E1jltaccvr0ot7xl8tU/xa/A87EWqUIN9JW/DT8T7CkuiXyGr59/bU/ZK+JfxqntPjl+yp8VbrwL8Y/DdgINJ1O31GS1sfENojF103UhGcOgJbypXDGIuw5UkV7tNN2NRw3DxTZR+amjipUanNZPumrprqmuqZhyy3Ts+h8R/ssf8Fxvjv8Otf1L4O/trfDbWoPFHhe8Wy8R6fcW8KXtlN1JZMAOjKQySKzI6kMpIINfbXwz/AOCpH7FnxTktdPi+O+jaTqF0P3Om65KbSUH0/eYGfxr5h/4Ko/sk+DPjd8Cde/aX0zVbPw746+GfhubUV8STQlo9R0e3Bln0+6CgmRdm4xNjMb8DgkVx/wCxj/wSV8OazpekfFv40+KH1iS+06C50/Sre1MEUSSxq4EgbLM+GGR2rtxGKpYaKrYecrSvaDvKzVtE307e9otLd6eBy/GU3OtHkkt3Gyv8rW/A/Tqy1nRfEFrFregaza31uxDRzWd0kqn6FSa+Z/BHgnwX8H/FniXxX4z8R6Ro4vtauJVutW1KGBmi8wlfvMDjHYCvLv2p/jv8DP2F9T0P4X+EUhs768kjN/Dp/As7YnaZZNvP3iAM9cH0p/xM8GeC/ix4ahn8WaVa6rFeWqT298yK0gyuQ6SYyDz1FfNZlmE68oOrTtZvW+j2v0/C/wAzsy3Lfq9OXJU92aXSzt9533xH/wCCgH7KHwo02bUrv4j/ANrCHgtoto0kJPp5zhUb/gJY18T/ALVX/BwfqejLPoH7OHwqvkuJGW3sb7UJN8ks7ttjWOBF3SszEBUAG48V4V+3t+zH8RPg94G1j4+fDjxTdeItB0W387UtN1CYLfafEXCmRM/LMi5ycYYDnBANe4/8E9v2DPDXwR0nQ/2kvixdWvib4jarpsOo6Lcbd1j4ZhuIQ6/ZVPEl0Y3G64YZUkiML1r3MJRymOBWNxEueN2lCLcW5JJtPqkrq7btZ6KWxpUw8KNTkhG8u8tUl+X4XOo/ZQ+Cf7UviLxVB+1x/wAFBfiReaz8RJNPltfCfg2RYxB4Qs58GUy7Bg3ki4VlGREvyklice8XeoXdsy3VvMVkjbcjL1BHINQ318yjezn8T1rH1LxJa2cLSXl/DEv96aVVH6mvDxmKliqzqNKK2SirRiuyXRfi222222+qjR5YqN7/ANf1p0Nz9gX9oKz/AGZ/jxJ+yV8QtTisPBfjnUri/wDg7qFw+2C11GQmW+8OMzHCMzFrm2UkBlMiIPlxX6AbrW5txHICu1sfN1Rvevyb+N2g+Evir8P9S8G+L/Aet6xpd55bNPpWjXjvbTRtuhuYZooz5c0b4ZJFOQfYkGh+y5/wXT1v9mjxJD8Af25LvUPEnhnT7kWGn/Fa1tm/tSxjHCJrViR5mQMA3EYIIBYjk4+zyXMZY7D8ji5Tikmv5lorrvLo1u3qr3tH5zOslqe09vS67+T/AK/rv9o/8FI/2b7zxj8P5vj78NdDafxp4I02Wb7Jbj95rmlKPMuLBsffdQDLBnlXBUYDsD89/wDBO9/hh+0f8bz4f1/T7bXtA1j4c3Oo2hkyBJE725jmRgQ0b7XyHUhl7EGvvzwR8W/h38VvBWm/E34ZeNtJ8SaHfQrNp+taJfJc21zGR2dCQTjseR0Nfl1/wTxubX9mD/gtX4u/Y3tLtY9N0+PxTZeFbdRhRp9wttrFlAvtFDJJGMdoq1eAw+MzCnOMbuLV1ZO8fNbOzdu1jPA4yvDLa1CTacYtxezVt13Vt/VnrP7Wf7NXjX9mGQ+Jrea41nwXNcLFHrzKGl05nOFjvAoAAJwqzYCk4DYJGfF9Yl8PeKtA1PwX438N2OuaDrVk9lrmhalHvtr63bqjjqCOqupDIwDKQQDX60eINO0fxT4dvtF1rS7e+029tXivLG6jDxXELrho2U9QQTX5O/tefCTUP2Tvj9H8MoLiebwz4j02TVfAeoTfMZLeOQJc2Lses1szxe7RTRnkhseJmGVxpSdbC3SWrSbuv70XvZPzut7nq5Tmn16HscRbn79JLzXf8100Z+SP7dH7BHxV/wCCeHxJsf2of2VfGmur4Nt9Zjn8P+JLG5aPUvC95ndHbXLpjnIxHOMLKByFbK1+un/BGf8A4LLeFv8Ago14YX4OfGg6fpvxl03TXOpaZ5Ecdr4ttkjPn3VvDgJ5mzc01so2ld7quzcq8O2oaXrmg33hrxTo9pq2j6tavZ6xo+oR+Zb31u2N0Ui+h4IIwykBlIIBH5Z/t1fsafET/gnz8Y9C/ae/Zm17VbXwe2vx3fhPXLW5P2rw3qUZEq2k0i4IYY3RSHAlQH+JWA+8y3MMD4gYGOU5s1HGRX7mtonK32ZefdfaWqtJa+FmOW1shq/W8JrRfxx3tf8AT8vTb6P/AOC53/BEs/ss3Gofti/sj+HGk+F99d+Z4o8M2oLP4SnlbiSMdTYOxwp/5YkhD8u0j84vhF8Yvib8APifofxo+DXjC88P+KPDeoR32j6pZSbXgmQ5GezIw+VkYFXUlWBBIr+jb/gkv/wVJ+Fv/BVT4Fap4P8AiLp2jRfEbR9L8j4heCbtE8nWLGUeW9/BC3+utnJ2TIuTC7puwJI2b8mf+C2n/BIHVv8Agn58Qk+M/wAGoJtS+D/i3UHTTZGy03hq+OXOnXB7oRloZujqCjYZfm+14J4sxX1mfDXECtiIe7Fy2qRts3s21s/tLz3+dzTL6Xs1jcFrTe9vsv8Ar7j9wv8AgkH/AMFX/hf/AMFPPgQ2umwsNN8eaHax2/xF8Flg0alxt+1Qo2S1pMc4BzsYlDngnQ+NfwoX9m7Xob/SYZW8CaveeXp122WXR53OVtJT1EZORGx46Ke1fzD/ALHn7Wvxl/Yb/aC0H9pP4D6/9j1zRZj51rKxNtqdoxAms7hQfnhkUYIPQ4YYZQR/VN+xJ+2r8AP+Cl37Jtn8VfB1sk+g+JLZ9O8WeFb5w02lXqgedaSepUkPHIPvKVYYOQPz/wAQuB/7DxHtqCbw82+V/wDPuT+y/wC6+j/NrX2chziUpWlq+q/mS6rzXT7tEzgWtnWRbyzvJ7WZeVltpijA/Uc1vWvxn+KtlY/2Xe+KRqluF2/Z9csYrxGXup3r8345rD8UeD9Z+Cvjz/hVfiOaS4s57c3HhbV5MkX1qDgxs3/PaPIDDqQQe9Oay84ZB/GvyunUxFGVk3Frs7fkfaVKdCvFNpST1V1f8zzX4hfsrfsP/GvVv7U8a/AKP4b+KluFfT/iR8FbhtCv7WYHIleKDEchyMnKseuMHmvRP2cP+ChXx7/YR/aG8I/sbf8ABRX4qQ+MvA/j+Nofg/8AHS4tRbzXM8e0HTtV5wLgblHnHLMSC5bJYVNV0YvEwI/hryr/AIKOfDiP49/8EvPHuganJ/xOPhjrml+LvDt4x+eDyrhYZSG5IJgmlGR3xmv0TgnjLNMtzSFGpNypydmn063+Wrff1PDzjKMLiKF0vLvvZK19tbLe1uh+xlFeHf8ABNb43337RX7Cnwx+LWsXKy6hqHhW3i1Rlct/pUI8mUEnknfG2T65r3Gv6np1I1Kamtmr/eflc4unNxfTQKKKKskKKKKACiiigAooooAKKKKACiiigAooooAKKKKAPjT/AIOB3nT/AIJFfF4QSlGe10lGYHHytq9kGH0IJGO9fMWpz/aPDHgtkLbf+FfaH97v/wAS+CvqH/gv7LBB/wAEjvi/cXLbUjsdMcn6arZkfrXy1eBY/CHgODfll+Gmgl/UH7BF1/Kv598al/tOFfk/zP0Tgn+FJeb/ACiY1+CZmXNUrDw14y+IfjDS/hT8MrRJfEGuzeVbyy/6qwtxzNeTekcSZbHVm2qOWq54i1XTtA0241nU7hYre1haWaRv4VAz/n1r6M/Ys+DOqfDTwDP8UPGmlPb+LPG0aSm1mX97p2m9YLbH8LsD5jj1YDtX4fRipSu9l/Vj7fE4j6vRut3ovXv6Lf8ADqddqGofBP8AYv8A2e7y51jXo9J8F+B9Hl1DX9butu+YqMy3D5I3SyNwozyzKor+Xz/gp9/wUY+JH/BS79p6++M/iwTaf4Z0xW0/wD4Xa4LRaRpockZ7GaU4klfGWbA+6qgfZ/8Awcx/8FO9R+LvxRT/AIJ9/BrxUv8Awhvg+6W4+IM9myldY1xeUt2cElobVeNgwDMzlg2yMr+Z3wJ+B/xM/aT+Lnh/4FfB7w6+qeI/Euox2mm2qZ2hmPMjn+CNFyzMeAoJr+mPDXhWnk+XvOcfZVJxur/YhbfXZtavsuurR+UZ1mEsVW9hTd0nr/eff7z3P/glX/wTh8Z/8FJP2lLX4bpfXmj+CdFC3vj7xRaQbmsrEHiGEt8puZj+7j3ZC5LkMEKn93P+Cgv7b37P3/BHT9ijT4vAPhTTbe+tdNXRPhD8PUk+W4mQAfaJsfMbeEEyzScGWQqm4NJkXPgD8HP2Vv8Agi5+wXJYeIfE/wBm8N+D9P8A7U8eeLpIEW88Sas4+doo88tJJ+4toMsUQJuZjvc/gr8Zfil+0p/wW5/b6n1+Sxj086mxXTdPWd5LDwloELdXkI5WNDl5MAyytwoLqg+dniv+IjZ5PG4qXJleEu7vRTa1u/Vav+WNluz0I0pZPho0aSviKumnRPp6mx+xX+yn8Xf+Cpv7RviL9oj9o3xTqUvhO11Q6h8QPFcrfvtSunO6PTLTPHmuOMD5YYgWPRVb9ctP1bSNF0qx0LR7C30zSdJsYrLR9MtfkgsbWMbY4Yx2A/NmJJySa4P4c+DPh78D/hho3wT+E+nfY/DXh21MNipXbJeTHHnXk3rNKw3EkkgbVBwor6w/4Ji/swJ8a/FLftA/EPSWbwn4c1B4PDdrcKNmr6lEf3lzg/eggb5F7NKG7R8/E8QZzi+NM4jTpLkoQ0px2UI7czX8z006K0V3f1mX4HD8O5dKtWd5vWT6t9Ir+u7Z5JpfiS2kkaKVzmG4MNxE4KtG6thlYHlSOcg8ivvv/gnHp9tp37KvhHxF5YWbxLbXWu3hP8clzMWT8otg9sV8R/8ABUvSB8Dv21NS1bTkWOx8eeExr0MOMD7db7re6YDGPmX7O5Hrk96+wP2A9fP/AAxD8HSsxZv+Fe6buY9STAmf1zXHgaH9g5hWU3e1kntdcyd122M83qLMsppThopu/p7ruvk/yPVP2qv2gdF/Zv8A2e/GPxw1ieNYfC/h26vo1kbiWZYz5Mf/AAOUov41+BP7Mf7Ufjn9la9m+L2hW1nqPj680WexsLrVEaW2tL++uBcX94Yl+e6k8w+XHGuAx6nBr6o/4Luf8FBtI+K3i23/AGF/hbdG50Xw3qUOofFTVIXHl3V/H89posZ/i2MRPOR0IjTOd4Hkv7A3xx/Yw/Zm8QH4yfHs6j4g+IEPy6Hp1v4ZuLuz0CEjcHRUQrNcMCPmJAQcDnJr3M2xEpUYxqQcrvmtFNvy21Wm97K1t7o58jwccPhJya+Lpe11/V/l0vofSH7Hn/BHf4iftS69aftWf8FV/F2tazqN7L9s0XwXqF2TerGeUe7YfLZqRgi1gC7RjexbIH6dfDT4a/Cn4MeHl8MfC34faR4fsV/5ddLs0jMh9XKjLN7sSa/O+b/gv3+x9DdMkeh/FfULot8zQ/DW8ZC/cZyB+ZxXM+O/+C1X7Sfxijk8D/sj/AH/AIQmS4OxvHnxQmilltlzy1rpNs7NNJg5UyyogI+YEVjhc3xGHlzVaDppLRySjZdbc1v/AAGO/aT35cZl+YZhJRUrr+VaRXyX5tN+iPvz9r/9rj9nj9lvwGvij9oe5s5jdFk0Hwxb6et9qms3GOIbW2wWkcnHOAq9WYAE187/AAA+KnxW+MGr3nxT+IPgGz8Fw6gqJofgnTrwXH9lWoJObmYAJJcMT8wjHlpjapbBJ+a/gz8Ermfx1cfGf4ueOdX8dePL6Hyr3xZ4quBNdBC24xQIoEVnACeIYVGQBuZsV9UfDt/saKB8q44z3rws2zz+1KkYR1Sd+Z7t+TsrL5K+mid7+lg8qp5bQabvJ/cvRfr+h7x4a1NjCvzVxH7e3jK48I/sO/FbxNaE+ba+AdS2DPVngMQH5yCtjQNYRFRRIOnrXn3/AAUClvdf/ZE8SeFNPi8xtcutL0uVc4HlXGq2ccmfbaTn2rty3ERjUi57LV/LU8+pRcsRGy6r8zeHxN+G/wCyB+yfD8TviZd/ZdH8L+FbU3Cx/wCsmdLdESCMfxSO+EUep9K/CX9pz9qD4i/tR/HDWfjZ8SLkQ32pXAEFhDL+7sLcZEVsn+yi4Ge5ye9fQ3/BWr9vnWf2yP2k7H9j/wDZa0nVfEmheFb5raw0fw/atcXHiPV0O151Rf8Al3h+4jthN29icYruv2KP+DdTxr8Qkh+Iv/BQn4g3mgWM0e+2+GfgfUlF6xJ4N/qOGCccmG3G7JGZBgqfSyvKVRw6rYlqF9r72fZdW/u2V07o6Y4mng7znrOXTsu3l5/8A+ff2J/2xtf/AGd/GH9lXF+114T1a4RtYsGbLWMw6XcI/R1/iU56gV+iv7YcFj+0R+wF4s1rwVfx3kF9oD/vrR9/oj4I7YcGvKv2wv8Ag3D8Lf2aPGf/AATy8fzeH763hP2r4feOdWnvbC+wow1rqD7ri0mJByJfOicsP9UBk/MX7N/7Qv7Sf/BOLxpqn7NP7Zvwv1vQPCviyxuLPUNH16PbtZ1Kfa7Gdcw3IXILCNgxTBK5xXBnHDkqj+v4FqbjZtLd21Ta76ejXW534TNKOKtHaXZ9j9of+CdfxMT4xfsKfB/4k/almm1T4c6Sb5x2uo7dYZ1+qyxOp9xXsz7uh6V8bf8ABB3xJb6l+wDD4Is71rqz8E/EnxXoOm3z/wDLzaJq09xC/wBNlwo/CvsqYgGvq6sozlzR8vy1/E+FxdP2WMnDzf3X0/AhkPHJr5Y/4KLjUNc+I37OfgCwlwuqfG6O6u4x/HFZaXeXH/ozy6+pJtwr5W/4KO+A/wBorVdZ+GHxQ/Zr+Fsni7xB4V1vWIrexGqxWaWM99pcltBfyyScCKGTlsAt8wwDXHJVJUqkYaycWlstWrddNL3NsDyrExcnZa7+jt+J8af8FxP+CgS6hc3X7Evws8Rw/wBn6SiP8StWW5CQmTAKaeX9BkNIPXC+or47/ZP/AGD/ANrH9uzWYofgR4LW08N+Yo1b4peNFlttFtEH8NrEB5uoS7R8qRAR527pFU5r9Gv2Nf8Aggz8IfhvqCfF79uXxLa/Fnx7dXn9oSaOsMkfhzS7psMzLDIxk1CYPk/aLg4zjbEmK+8fLs9PsY9PsbeKCC3jWO3t7eMJHEgHCqq4CgdgAAK5YxweXU1FPnn/AOSp/m7dFt0d+vu/X+WHssOrLu9352/ryPgPw/8A8G8n7GVj8Mm8N+OviB4613xjIu6T4gW+sfYZoJMEAW9mmbdIhn/VuHJ43MTzXxV+1F/wTR/bH/YNv7jxlbW//Cw/BEGTD438JWLi4tof7mpWAzJbt1/eRGaEjBJjJ2j9wL24UfdP1rNnvGiJaOba3TKmuGtmlSpeNZKUe1rWXaNtvTbumPD1sRRlzKTb8+p+b/8AwSq/4KV+E/Fui2/7OPxO8U20LTL5XhXVri4Hlkn/AJdWcnAIz8vPQ47V6f8AsIWa+A/2sf2m/g3HZfZ1g8TeHfEyRnst5YzW7Y9t1utS/tt/8Eff2cf2oJL/AOIXwqnt/hl8QrjEsmsaXpok0jV5Bg7dRsUK7t2Nv2iBo5kyGy+3aeH/AOCbP7Pn7aXwN/aG8dX37VOg+ZbSfDu10Oz8VW+uR30GtS22q+dblJMLMVjt5JFHnKHC8HOK8qeFwNKNXEYeppKNnBuzT5oO6/mWj21W9ktvTlXjiKbVrSun626r5H2hOw7VVaXa+4NzRPcR5wrVTlmG7APPevGlIFE8f/4KO+Lrjwt/wT/+LpsY/Ou9f8MQ+GNPtx96S41a9t9PQAdz+/J/4DXs3xu+NPgH9j39nm4+JfjPUY4bXQdKitbODcN1zcqgSONR3JZa8d/a38MWnjvTPhb4P1m9jg0q4+OGiahrEkzbYzbaZbXmphWPoZLaM88YWvzc/bm/bH+Mf/BVf9oxvhV+yN4C1/xZ4T8GztDpNppEP+jyzFiJdRu52xDDk5Cb2yqcgEk16mDwNTMvZ0oaKHNOctlGMmkrt6Jtwdr6dejIlGMdZ/C399ktP68zyT4+/tJeMfjX8RNd8f8Aiu+mk1DXLoyy7nJESZJSMeyg/nX0h/wTV/buj0O4g/Z0+MWv7bK5fd4d1K8k4gZusRLHO3P5Z4qT4B/8EVdSmkt/En7ZfxoZYdoc+APhrL5bSdDtvNWkUse6lLaNRjpJ3rP/AGrv+CNC2bN44/Ya8UzRxw/PJ8M/GmtNJtI6f2dqbjenT/VXG7nOJOgr0sV/qzi6X1CVVLtJJ8qa0XvO2vnbkt9s7o4jERlzqDt/XT+n5H1V+0J4Ci8SeBvE3gye28y08QeHr23VWXI8xoXx/wCPY/Om/sheK28X/sd/CvxJMx3z/D/TUkyejRReSwPvmM185fsg/t9ahp2r3n7IP7YVnfeF/Funw7NFk8SQm3mkYDaIJN3BLA4WRSUf1Br1v9gLWmuf2MvDlk75XR9a1/SI/ZbfV7lVH/fLLXydTL8ZluEq0cRG1pwafSSlGprF7NPlWvkdtSpTrShKDvuvy3PWNY1VoFb99/8AWrD+FH7cPhf9j74yMv7QPhLT7r4d+KbhCvjw6StxN4QvsKii6+UkWEhAPmrzC5JYbDuWv4hv1ZDseuF8TJ9tikhIVldWWRWUMrL3BB4I9QetZYHFfVcQqnLf52evZ9H2evmmrodbCxxVGVKTtc/WTwp8Q9L8U6Na61pfiKOazvIVltL7T5kuLS4Qjhkdcgg+xrz39p79ir9lX9rLw9caR+0D8INH1t7iPYutCyWK8hHbZcxgSLjsCSPavyl+G3xJ/aj/AGMtWk1j9jj4l2+j6fNMZtQ+Hfiize+8M6iSSSURXE2myknPmQHYSBuj65+hPC//AAX90OzWPTfjz+yp8Q/B+seX/pNx4T8nxDpUj9D5UkZjlAPXDxgj1r7GnjpYiipU5Oo152kv+3b6vreF13d9D5GrkuLweI5qei7r/O1187+lj5/+OH7F/wC2J/wRd8d3Hx5/Yn+JN/rHwxvLhpdW0u5haa0gJP8AqtStUJUow4W8h2sDw4GBu8J+J/8AwUHbVf8AgoR4B/4KY+EvAV9od14fuNEuvHHh+O6S4328MUtlqYglGBPHJYyFo2IDEgAgEV94az/wXg/ZHvLeaa70H4lQxSIVubW4+GM4SVCPmVx5hUqRwc8V+cv7UOs/sl/EH4i3fib9iXXriz03V2ee88D63oc+n/YpjlpPsom4MTHP7sHC5wOMV2ZdjMbLFKeKoTUldc/K0nF7qTta9tpPtv39aNGNSDVTlu1b1+X+Wj7H9FFj4z0LWtHj1Lw3qcN5p2qafHdaXfWz7o7iF03xup7hkZSD3zXxT/wWpsrC6/ZZ0P4qlVF54D+I2l3FvNtG4W+oA2VxHnrtO9WI9UU9hXlf/BD/APbmi8cfCKP9ib4ias8HjLwHZvN4Nhvm/eaxoIPCRsfvy2pJRk5Pl7W6A477/gs1rIj/AOCe/jZrhDsfXPDrQtnv/akRH9a8utUqUc7hhZbSaXrGT/I4cLhfY+/1i1+aX4r9T490nXxcWYCSlmWNpHVc8RrgF+OigkZPTmtTVNM8LeOfBOp/D3x/odvrHh7XrM2utaTdcpcRZyCP7kinDJIOUYAj0Pv3/BAv4M6N8U9E+JX7R3jLTLfVNJuLxvAmh2N7GJI5Y4AJ9Sk2kYw0s0UIIPS3bpXnf7Y37PF9+yX8bX8F20sk3hPXlku/BOoSuWYwLjzLKRj1lgJAz1aMq3JDGuPGZVXwVpRl7ys3bRx2afe60d90/ke9h8yw+KxE8PbbvtLuv+B1V+zPx7+Mfwo+P/8AwSN/a50H4y/BPxfdf2fb6g1/4D8XpGVS+gH+ss7lQcCRVYxzRE4YHcMqwNfvd+yV+1D+yt/wWc/YcvJNf8L2t9Ya1Y/2R8TPAd1IPtGi34Gco3Uxk4mt7hcf3TtdHQfGnxU+F/w+/aD+F2p/BT4s2ck2g6woYXEGPO066UEQ3sBIOJIyeR0dCyNkHj87P2Y/2hP2jf8AgiP+3pLJqNpNc2lrJHaeK9EjbbbeJtDlIdZIsnB3IRJFJn5HA54YV+hU5LxFylQ5uTM8MrwktHUivS1ne17aRk01ZSaXyGMwv+r2L5ormw1R2a/lfb/Ly9NcX/gp5/wTp+I//BNv9pW/+EXiWWXVPCuo7r7wH4s8vbHq+nE/Lux9y4iJ8uWPjDqWGUZGPXf8Eef+CoHi7/gmj+0pb+INTludQ+G3iiWKz+IPhuFt2+33ALfQBiFFzBncvTeu6NiA2R+4v7ZH7Mf7Pf8AwWa/YEs4vh74u0+6XxBpY134TeN5oyo07UNpCpcYG+NGYG3uY8ExnLbWMYB/md+Kfwx8e/BT4i658Ifir4YudF8R+HNQksdZ0u7XElvOhwy+47hhwVIIyDmv0DhDP8LxzkNXLszj+/guSrFqzfRSS6O617SXTQ+azLB1MqxcatB+49Yv9D+xPxN4e8AftS/BuzTwz4ntLq11Syi1bwX4mtTuRHdN0M6HrscYDL3BIPIrwPwjql9dJdeHvEuntY65o921nrWnSH5oLhTg/VGHzK3RlINfmv8A8Gyf/BWW48F+JIf+CcHx+8QJ/YeqzNN8KdbvJiGsL9m3SaS5PBhn5eI5Xy5VZfmEo8v9dv2tPhxdTWcP7R3g7TWbVvD9qIfFVrAvzajpaknzMD70sBJYHrt3D0r8E4s4axOQZlPCzV3HWMv54f5r9Gux9rkeZQxFNJ7Sf/gMv8pfnZ7NnCXdqsi7cf8A1q4b9qOS30n9hv49XMu1A3w2mjOehZp4lX68mu/03ULLWLCHUtPuo5oLiNZYZo2yrqRkEH3FeSf8FK5JdG/4Jv8Axc1GP5PtDeG7Jm9Vl1+yV1/EcfjXg5RH2mZUYrrJL79D2cV7tFp91+aPpj/g3xkmm/4Jb+DZJn3bvEXiQx4bIVP7avNo9sDjHavtavjn/ggb4K1TwN/wSt+Gtpq8bLLqbapqyqy4/d3epXNwn/jsgr7Gr+1cvjy4Cku0Y/kj8cxj5sZUf95/mFFFFdhzBRRRQAUUUUAFFFFABRRRQAUUUUAFFFFABRXP/E34rfDL4LeDbz4ifF74gaL4Y0HToTLf6xr2pRWltAo7tJIwUfnyeBXxN49/4LC/ET9orTLzQv8Aglp+zbrHjeElov8AhcHj61k0HwbZjGDNHPchJr7af4Ik5I64Oa8/MM0y/K6Lq4qooJd3b+vI6MPhMRipWpxv59PvMv8A4OMvigmufsp+Fv2DvBLxX3jb4+eP9J0PTdHhkJuUsILlLu4vAo/gRoIUYnAxKfQ48z8fwWEXi6bS9Kn86z0e0ttKtZM5DR2sKwKfx2Z/GuZ8G+B4/h38Tta+PXxB+Ks3xU+O3iCxkstU+KF5FtsfDdnJw2n6LAeIIwpZTIAGIJ5OWzL4lupPDvh9V0mza5upGS2020Xl7i4dgsaD3LEfqa/l3xG4rwvEmYQ+ra04XSfe/wDX9Xsv1XhvKamX4f393+tr/ku3p36X9nP4a2Pxv+Nvla3aLceG/BZh1HXI2UGO5ujza2rdjyPNZf7qrnrTf+C03/BTiD/gnT+y1feNvDk0F18SvGzT6T8PrSRlP2OZoz52qOpBDJbqwKqRh5WQdAxH0L8Hvhl4e/Zs+DNv4M1vxBZ2cltFNrXjvxFfTrHCLkp5lzcSyMQqxQou0EkBUjHNfzE/8Fb/APgoLqf/AAUY/bH1v4vadNdR+C9JzpPw9066LK0GlxudsrIThZZ2zM+OhcLztydPDnhWPEOdL2sb0KVpT839mPz/ACTsedxJmjpU24PWWkfTq/n+Vkz5p1LU9S1e8uNa1zUZry8u7hp7y8upS8k8rEs8jseWYkkkk5JNfvd/wbp/8Exx+zj8Iov2wvi/4bz8RPiNYrH4V026t/3ug6G5yH5+5cXfDHgMkAUZHmOo/Nv/AIIgf8E52/b6/ar/ALT8d6P5nw1+HK2+q+NppFBS9kZyLTTAD1a4dHJ4wIoZiTnAb9Sv+C+v/BR6L9iL9miH4HfC/W4LX4kfE/S5rfT4LNkV9D0LmCa82D/VeZh7eDgDCSlf9XX6V4jZxjc2zCjwnlT/AHlW3tWvsw3Sdtlb3pf3bLrY+dyTDUsNRlmWJ+GPwp9ZHwL/AMHA3/BTz/htL482n7If7N+q3Gq+A/BOsNbTTaX+9TxTrhbyjLCEyZYYzmGHBIclnA+ZTXrv7E37M+jfsY/BZvBd+kT+MdeaK68cXsWDskQZj08MDzHASdwB2tLk87FNfKn/AASb/Z7g0i4m/a/8Z6c3m2NxJZ+AVl/5/AMTX656mENtRu0rZHzR8fcXw90vxH8Yfix4b+Cfw90ua917xNffZrG1hQuY41UvNcPj7sUcYLM5wBxzkivkeLsVh8vwtPhrK/4NDWo1vOotXe2/K9X/AHtNORX+q4ewMp3zTF/HP4b/AGY9/n08tepb8X+N7yLTVsNFlP8AaGoXUGn6WoGc3VxKkEXHs8gP4V+3vwW8AaD8G/hDoPws8NW6x2PhvS4dLt1XuYkw7e5Z9zE9SWya/CDwPremeHv2sfAWg+Mw0cfh/wCMWlWWsQSrgh4NUSFwQf8AaAP0INfurp/iJUsnZpfvTSlue4JBr5XDzhluFu1aUm7vySVl97v9x0Z5Gpi3CEfhWvzf/AX4n58/8HGHiey8P6v8D/EcD7Zr668TaX5igZKHT4rjYfbMR/GvG/iD/wAFVLz9lL/gnj8O/gr8FdQE3xW1TwHb2tncTIDD4VswpjfVZ85HmdVgjP3nwxBAGW/8HFXxX03xD8bfg18GFuI3m0HTdX8Tahhxm3S4VLOEMO24JKRxzg1of8Eif+Cdmh+LLu0/a9/aV8MzX1+13Fd+EPCl/bu8MJjGIb+7TbiR1GDDEcrHwxBbGOrGVsF9Ww2Oxfa/L/PJSmor0tZv080Tg6fJl7oy1Sb+7T89jm/+Cbf/AAQv+Mfx40C1+MP7Vfi7VvAPhjVGa8gs4WH/AAk2ueadzXEs0wf7EshO8ttMzbv4O36N+Av+CJv/AATL8IaSlnY/suWuot1kvtd8T6nezysers8twfmPXjFeox+MbmC48+5tpGc8m4uBs5+r4xXE/Hz9vj9m39lrwpJ4w/aR/aW8L+FLOONmisZNbjkvLnH8MVvDullb/ZRSaKHEMcViHzQ5nJ6RSTu/Rp3fbRvomefiFmUrOlVcUukW1Zf9u6v5/gef/E//AIIifsZ31w+qfCHWvFXw71FuFi0fxFPfWLn0a0vWlUjthClfG/inwx4C+FPx11n4L/Dv4oaD4wm8NXAt9eufDtiYV0+54P2aUklWl2kEhTgdDg8Vc+P/APwWU+O/7WVhceBf2Q9B1f4aeDdQ3Q3HjzWoAniDU7cjB+xW5JNkHHSaTLhTlQDgjgfgx4J8N/DPRLXw/wCHdMW2t1kaTyixklnldizySOSWlkZsszsSSTkmvNzyphZxtKPLU7Lou0tbekUk097Ws/eyanmlOPNiKjlHpfVvzvv+Lv8Al9KfD2dIY4z13dz/AD9/5V6x4b1VFVWaTav6t/hXhXg7VJUK+b8znH7sN0/3j2+gr03w1qoOx5X3N/e6KPYV8zTdmd1aNz2fw/riELtY4qf4ufDPwJ+0X8Hte+BnxJW/Oi+I7H7LeyaXeG3uoPnV0lhlAPlyI6qytg4Irj/D2ovIVJyPq1dvol9lgA2Sa9XDV5wknF6nk1qSuZP7JX7E/wCyp+xh4bm8Ofs3/CKx0Oa+51jxBcyPeavqz93ur6YtNIMkkRgrGpY7UAOK9vsMALtFcnpF1kjmui02XcPmavehia2Inz1ZNt9Wzx6tJR2OisBubJxWT8Wfgb8I/wBoHwNdfDT44fDTRfFnh+9Xbc6TrlilxC3+0AwyjDAIZSGBHBrR06T5eBWzaSbuNvHWvdwkrLc8WvzRlddDif2bP2Z/g3+yP8JrH4F/s/eCh4f8K6ZcXE9jpn9o3F2Y5J5WlkJluXeVsuxxuY7RhRgAAd4wwMMakB3dvpTWyRkrXba93e7etzjlUlOV5PUq3B9TWfeg8+laE4PUis+844rhrHZRMu6OGyWrNvG960rtsN8q1k3sjZIKHFeNWPUpRM+7lIzj+VZd3PxVy8Z/m4rJvZSPmK/rXl1JHo04lO7uMuRn9ayrlzvZiM1bvpVAYMoNY91PtOAfzrz6kjthEjuZ1U81Rnu1DZz9adeXBUZI3f7tZV1c8/KP1rklI6IxOU+P3wW+FH7SfgBPhb8Z9H1TUdBXVI7+XT9M8QXOmm4dEeMxyyWzLI0TpI6OgYblY8jrTtK0Lwr4C8NWvgX4d+D9I8N6DYRhLHQ/D+mx2dpAo6YjjADH/abcx7k1p3mo7RskjZR+dZV7eJIu5D8tRPEVZUvZOT5U72u7X722ubRox5uZopX1yCSCax9SvNo4NW7+XcN4NYd/clTk81yM7Io4X9oj4KfBX9pvwcPA/wAevh3aeILeHnS9SVjb6npEnaWzvE/eQsDg7ctG2PmQ1R+Cnwz8G/s8fCWx+D/gzW9a1CxsZ7i4N9r10s11czTSb5JJHVVBJOOgHSup1SQBsg1hX12A2FatfrOI+rrD875E7qN3ZPulsnrrbfqaRo01LnS17lfW9QTYzRPn8a5TVNRRySDzz7Vo63dKuSGwfXPWuW1e/K5Bx/wI9azijpiihr2sosDLLG3T0ra/Yw+CH7L37Vnx8k+Bv7QHxFvND1C6tftOh+HYWa0k8SxjPmJbXedu6PHzxpibBDDjJHE61qQD7H+RiPuv3+h715n8TNMsdYt44blLiN7O8S70vULK6aG50+6TlLiCVcNDKp6OpB7dCRXrZZKlTxEZVE7X6f1+H4mWKp1amHlCnLlb2Z+vXhz/AIIqf8EuNItPsafsgaLqm9drXHiDWtQ1GVu2d9xcOQfpiuH+NX/Bvl/wTO8caQ6eE/hFr3w/1Ac2+qeB/FV3H5Lf9cJ3lgx/2zz718x/sgf8F8/FfwT0+D4Zf8FALDUtd0ezQR2fxa0HTTNcQxgcHVbOIbiQOTcQAg9Sgr9FPhH+2T8Dv2jPCsfin4AftD+D/F+nzKCsmg69DO6f7Lx7t8bDurAEdxX3GKzD6nQ55XSltONrPybsnfum7pbo/PpU84pYi06ktN7yk1+N1b5WPx2/bs/4I2/tffsR21r+0z+zP8Vrrx5Y+B75dYs9W02x+z+IdCaLrcNDHlLuILxII8EpnKGrv7WH/BTz4e/t1f8ABNa70GylhsPiFHqGiz+KvDcWQsTRXkT/AGuAniS2lGWQjlTuUgba/YfxB4p1O2l+2nRbi6kz96ztS+eO4UHP5d6/GH/gr/8A8E/tC+AHjCb9rX9njwpNp/g3XLxofG/hVbNo18PXcrbhdQKQNtrPITujGBHLyBh+PKwuaZfmmKo0cTpVpyUqclZc1mnySW2vS32vNu/t4f2/M5y1TWv+fy7+Vux+gn/BBa6stE/4JOfCfWQEjl1LxJ4lu9ScYG6WTxJqEbFj6gbF59BXov8AwUo/Zzn/AGkf2VvGfgzw7CF8VeG4W8T+BbheGTVLJGlEOf7lxEJbdweNsxOMgY+S/wDg3++LkHjD9iLxh+znqGoBbzwL8QdSS3jVv9TY6pjUbaQf9tnuPxFfoJpXipdel0q4vWBlvg1vdL6nhHH4kn86yzXGOnn1WP8AfuvNS/zTizjp4edOHtobpv5Wd1+qPxS+HfxN07xp4Y03xNpznydQso7iNG6oGUHafcdK4b9vb9lu1/bK+CkOnaFZRt488JRyz+DrnO2S9gY7ptMY/wASsw8yEH7shYDAlYHlvhp4vsPDb6h4ZssiDT/F2qaXZxr1KxahNDGqgdc4UAD2Ar19vEF7p9/deH9Vsrqx1GwuPJvLO6jeG4tJlwdrowDRsAQRkA8g1P8AtmQ5xHE4R8s6cm4v0drPumnZ907dT6SUKGY4F06usZJX+fX1W6PEP+Dc7/gptN+zZ8bD+xH8b/EP2fwT4/1ZY/D9xqUxWLQ9eciNAc5EUVwdsTngK4jZuASPpv8A4OUf+CYV58S/BL/8FBvgz4XZvEPhGxWD4o6bbgmS70uMhI9SCDOXt8hJiMfutrnhGNfn1/wVW/Zps49S/wCGsvA2lQwx6teLB45s7WNUQXz5K34UY2+eQfMwP9aGb+Ov1+/4If8A/BRKL/god+xy3hD4uahHq3jzwDax6L45j1BjK+safLG0UF7MWJMglQPDKxOS4yeXzX3edYyWErYfjfKI2TajiKfnonf12vZfYlbU+Gp4WUZzyfFPbWnL8revbvddD+cjRNX1Xw/qlt4g8Oapc2N/Y3EdxZ3lnMY5YJkYMkiMpBVlYAgg5Br+qb/giR/wUpsP+Cjf7IWm+OvEE8C/EDwm0eifEzTO0l1sPlXoGP8AVXUSl8fwyCZOQoY/z8/8Fgv+CfWpf8E7v2vr/wAA6LYzN4H8URNrfw/1BlJR7F5CHtd2T+8t5AYmUndjYxGHUmT/AII1/wDBRK5/4Jx/tq6L8UPEF/LH4H8RbdF+IEKIzY06V1/0naoLM0D7ZQFBJClQCSBX6JxTleF404ZhjcC7zS56bW701i/Xa3SS9T53BVZ5bjHTq6LaSP6DPFngAfs1fF+5+F9tvXwrrjS6l4IZmyLeJm3TWGf+mLt8g6+WR6VhftffCDV/2oP2KfiZ+z74Nlb+3Na0uz1HQYVYD7Vd6dew36W/PeTyCn1Ir6W/aM+Di/tC/CCTw/4b1S1XxDpkq6t4K1aNg0ZulXKLuHWGeM+WSOqyA9hXzt8NfH8+saVZ+I7SGaxuo5cXFvJ8stpcxttkiYdmRwVP0r+X5VJZfjoYqmktU0u0lZtfJ7eVj9Ooz/tDBtSfvq1336xl87a+aZ69/wAEB/2n/h78f/8AgnZ4R8DeH9WjTxJ8Nbf/AIRvxhoMzhbvTriFmWNpYj8yCRBuUkYJDrnKMB9sV+VnjX9lfwRrfxs/4az/AGPvjg3wF+Nl0nla9qMNmr6F4sjJBMd9b/c3MwBLDBLDdy3zV6D4U/4K7ftNfsg3UOi/8FZv2ZW0PwxK6xWPxu+Fiya34dmPd7pIQ09n+MfXoCOa/qDhfjrJ84wtOnKajUsk0312tf8ALq1rZH51mmR4qhXlKCund26/LuvQ/RKiuW+Dfxu+EP7Qvw/sPip8DviVovizw7qkQksdY0HUY7mCUem5CcMDwVOGUgggEEV1NffRlGSutT56ScXZhRRRTEFFFFABRRRQAUUUUAFFFFABXiP/AAUI/bk+GX/BPf8AZl1r9oX4jutxJb/6J4d0VZNsmr6k6sYbZPTO1mZuiojseBXt1fiX/wAHPvxUn8WftmfAv9mfWpW/4R/SdNg1+/tQ52TzahqgsQ7jPPlw2lwo9rh687NsZLA5fOtFapaerOzL8PHFYuNOW279FqXm0j4gfHu30L9rz/go5YWfjrx94oVdY8A/C/UGk/4RzwNpLD/R2ksidlxdOPnzIGbDYbnIrqdf8d/ED4hFU8Z+OLy6t4lVLfT4QsFrAgGAiQphVUDAAx0qX9qDVZI/2g/EtnyI7O6S2tV7JAsa7FHsBXM6Xfq4Ul+tfxlm+d5hnWKlXxNRybezeiXZLY/acvwGHwtCPJBLRdO/9fM6TT444EVIxwvTiu8/ZO8LS/ET4vXnxF1W1VtB8BMEs2Zcrd6vIvCj18mM7j/tSL6V5XrviJ9E0OfULeIyzKoW2hXkySsdqIPqxAr6w+F/grRvgJ8FNL8B6vq0VrHpNjJqPijVJjtVZ2UzXc7n0UbvwQV48fenffXT1NsZNU6Nu/5dfw0+Z8C/8HNv7dk/wH/ZU0/9lbwRrjQ+Jvi3JIdY8uQrJBoMDjzSSOgnmxHzjcscnUZFfz+6Tpeo6xqNvo+i2El1eXk6QWttCpLyyOwVUUdyWIAHvXun/BUP9s/W/wBvf9t/xt+0RcSyLos19/ZnguxkyBZaJaZis49u5grMg82TB2mWaRhgNivqb/g20/YnsPjf+1JeftZfETREuvDfwmCT6Hb3Cjy7vxHKP9EyCpDLbrvucZUiRIOo3A/1dktHC+HXAbxOJXvqPPPu5ytaP5R+9n5HiJVc7zZQp9XZeS/rU/VD9hv9nX4c/wDBJ3/gntb6F8TL2HT/APhHtIn8V/FPUlb72oGBWnTIJBaNRHapgkFhwTuzX4H/ABS+JXxU/wCCsX7fuq/EfxpfS2v/AAk+qGWZuTHoeiwDCRIuSAsUChVH8TnJJLE1+h3/AAc+ft6X2ieHtB/4J8/DrWtkmqCPxF8TZo2PmPHnOn6eSD93O+5kUg7mNsQRsYH5D/YM+Gp+Efwnm8c6lbKmueL1SRWZRuttNU/uo+ehlf8AeH/ZWL1Ir4XhdYrJ+H8TxPi3fF4xtU79E38WvT7VtrRiup9DVo08wzOnl1P+DRXvedt/ven3vofSU2qaF4R0qx8JeEtHj03R9HsY7PR9Ni+7bwJnavuxJLO3VndmPJr9Dv8Aghn8GNJ0/wCE3ij9sfXbXfrHivUptB0GaROYNJtZVWQRk9prkEsR1EKjtX5WeO/Gdzpmi3mubg0ltaySqCf7qlh/Kv28/YktdG+GX7AH7PvhjTP3drdfD3wzcXH+1Ne2qXMrH3aaZj+NfE4yMsHlk671cmo39bt389tfU+oxk/bVIYdddbLtG2n5aH58/wDBwV8DfEX7NHx+0X9r74ZaZGdF+IV0kt4sakLZ+KdP8uZdxHAF3BGHHcvaydMjP6P/AAj/AGk/BXxU/Z/0H9oxfE0Nj4Y8QeFV8RXOqXD7UsbZovNuWc9jEwlUj1SvLP8Ags94B0r4uf8ABNz4naZeWyzXnhfR18UaGx+9Fe2EokVh6bozKh9Vcivxo8Qftw/GWx/YB0v9iTw/etB4ZvNWuvtc0OWvLmymnFx/Z8QHO15X2+4IUDmtqeCqcUZXh1T0nGo4Sf8AdcU3K3VpJJJWv+Jx05Soc0Zv4Y6fov8AgsvfGr9r3Wv2w/2rPFH7T2r2c1l/wluqxxeDtHa2a4ubfSrcCOwtEiTeZJSgEjIgOZJWNfX3wI/4I0f8FY/2pLS38YfEv4x6n8LfD10qtb6f418aahJqvlHlWGm6eypAMH7ks6uO6rX0l/wRb/4Jd6F+yJ4Ptf2gvj54fs5vi9r9qskNlcFHXwdYMBss42bhLlhhppByGOxcBTn9EdJ8V6Z5jRpr8d1L/FHa8qv/AALvXZis6y2njOXCRTjFKKk7NJJWtG+/m9b2urLfkqVsZTo8lNbeV7+dtl5XPyq8R/8ABsD8XNSsGOu/8FAbPVHYfLDq3hXV5Im9jnVWP6Gvn349/wDBGzxn/wAE+bKz+IPjW7+Fuq295fLb2OpaKzxX80pzgJb3gMhIHUxscdTgc1+sv7fn/BTf9nH9gPwQuofEbVW17xtqULf8Ip8OdIuFbUtUk/hJXn7PBkjdM4CgZxuIxX4y+Pfjb+0P+1j8Ybz9oD9pXxVDqHiC7JXSdF01dum+GbM8rZ2in0GN8p+aQjJNaYrHZhWwbqOfJTeyX2/w2vvqkvN2T0yf61WxHvpSS6uK09LW+/X87dv4RvLyGCOGKNVuJFBkI6/VmPavTvBmpeTKsUEnmyv/AK2fqW9h7V5P4Sa6usW9rIrn+OTH7tPx/iP8q9M8KPb6aixQnzJB95m4H/1h+pr4HEL3j7Loew+FNSEaqq4bGNzdFT/E+wzXo/hbU3eRRnJA9On+FeNeGNRO9ZppiT0XjAHsq/1r0nwzqYiUBn2gf8s1/qa4+pzVYnsHh3UGdliR9zfxHPyiu68PakmQI33H+KTsK8h8O6qZAqzSbR/zyX+td/4f1PG1S2P7qLXVRnY82tA9R0TUN21Yz35J711mk3SgcH+GvOdCvs/eO32zzXZaHeB0Cg549cCvaw1Q8fEUztNMnBGSfyrcs5P7wrl9Kum2Lhto71tWerWifKZdzZ+6vNfR4WpHqzwcRTk9jdVuMimSk9fm+gqKF7y4A8uFI1/vSEk/lUps0K4nnaT8cD9K9eLco6Hl2jGWpWuJEVfmP61nXcsWcLETWlcJDGuEjUVm38iIMs9cNc7KGpl3knz5VcfWsa/lPJ3cfWtG+uogeAPwrF1C9iAJJVf+BCvDryR7NGLM++kOW+esHUZZV53/AKVpX97CxbMgrDv7qE8mZV/GvHrSPTpxKN/dzAHBX8ayLy8kHZav3d1bnguprMupY8dq4ajOyCM68vUT5jJt926VnXVwsqnDKR/eU1cvjGx+aOsS/soiC0Mxib+8tcs2dMUivezyquM7h6NWPfXKryoKtS6hdeINPbe8Md9D/wBM22yAfSs4+INM1HdFDPtk/ihlG1h+BrnkzpjHqV7+6cZIAP0PNY19fJIducH+61XdRJBOxvzrD1OdyCk6bx/eX7y/41B0RiVb+5YdTXN6vNEzMTnPqtXr6aeLPkS7l/55v2+hrD1K/hmBVxtb07ikjaKsZOrXEoRlmYOh/iH9RXK6xOVRsEOp/St7UnZNx35Wua1yTyvnVWXPccq3+FbQNEct4gvzGpW5T9238W3cPxriPEckwRntn8xf+ef3uPY12+szIEZiML0OeV/H0ri9egto3za/uXbkIzfu5Poe1elh9JClseZ+LZGfa3k/OZkRGWZI+WcKAXchFXJGWYhVGSSACa968G/8G2n7YXxmurbxT4m0f4W/D2O6CSnULzxDLqF60bgHcsWnL5Uhx6zgHse9eH+N7eK7t57S5tRukVlkhdQQykYIP94EcV7L/wAE7/8AgsV4/wD2A9YtvhD8chrHij4MviO2MLG51PwUxI/eQBjuurAdWgzviGTHuwEP3GUVMRGi3hm1UWyT3Xbs32T32veyfz2cKvGknBJrrdXa81r9+57Cf+DXn4/aBAJ9G/4KfS2ZRcxrb+DdRjRG7YI1UkDr2zXhX7SX/BKr/grF+yb4Z1XUb34y698YvAXkk6kvhPxRe30kFuPvfadJvW8wx45Jt2mwBkjjI/Z/wN+0d8OvjR8OdP8Ail8LfiBp/iLw3qah7HWNFullikyPunH3XHdWAYHqK5/xn8RILadLrSb1lYZO5WO5T2OK8fGcYYmNVxqQjJLRxlGKd0+6V0167nm4HB4uVpc1/P8A4ax+FH/BMf8AbR0T9kX9rOw8XeItfjs/BXjiJPDPi+5kZvJsH35s7xx1QRTfu33AFUkbPC1+zuofG3Qvht4O8QfE3xjqC2WneD9D1LWNSkZhtijtrd5Sc55BZVx65GOtfBX/AAVw/wCCbnhn48+HNY/ah/Z48EWq+MrO1km8deFdLtgkfiyxVfnuI41wBfxKN2VA85AQfmAJ+DPGX/BRT43+Mv2DLj9kq71V7+C9Wy0mTxPNMftFxocU0bxQuO8g8pYXJ+8gGR1rtrZbR4ulh8dl8rPmjCqm1eKvpLzsrpW+JKNleMkur2jwsatKsrNptebtay9fwe/Q9y/4IQfBDxL+1z+1ppvjTxto/meEfhtu8aeK5ZI90dxq1xNIdOsTk8lpWmuCCD8trzjIr7Y/4LK/A/TdLtdC/bU8O6etveNqEPh3x15ahVvI5N32C8fn/WxurW5OMsjx5PyCt7/gg/8ACbS/g/8A8E2dC8efYUj1P4javd+JtSnXrJEXNvaKfZIIhgdMux7mvTP+CmtpB4k/4JmfG+P7Oklxpvh+TUrTcv3JLW6t50Yehwp596yzLH08dxg8PGygm6f3vV/+Bap9kl0McP7WjhViHq1b7tv687M/L/UX8NeNfDOpeC/HOlfbtD1uwkstXs0IDSW7jqhP3ZEIV0bs6Ka+MP2Sfj78Rv8Agj9/wUYsfGcdxJqWj6bfNp/iK3jJji8Q+Hbkjfxg4JTZKvB2TRL1K4P03pHil54AyPt7ha8Z/b9+FH/C0vhMnxO0S2VtY8GruvFVfnuNLc/OfcwyENj+47n+GvqeD8VRwuMnluMV8PiVyST2UnpF+Td+VvzTv7qFxFhHisIsRS/iUtU+63a/X5NLc/Zr/gqf+x54I/4KefsIXGl/Daa21jWbHTx4r+Euuwx5aSZoN/kKcFhHdQjy2QA/vFhJG5Bj+ZW/tbqyu5tNvrSSGeF2juIZk2sjrwykHoQQQR2r9yP+DY/9vn/hafwL1f8AYj8f61/xUnw7Y6r4Hmmm+e80ORx59uvq1rOVcc/6u5IAAiJr45/4ONP2F7X9mX9sdf2hfhvpfkeC/i9HLqnkwwhYtL1xCBf2gwTw5KXSfd4uWVRiPNfQeHmMxHDHEOJ4UxstE3Kk31W9l/ij73k1JbnymdU44/B08xpLfSa8+5+l3/Bsh/wUKm/aO/Y8H7MXjnWfM8WfBuKCxsWlcmS60FyRZtn/AKYMPs/XhBEMcZP0j+0t4ctvhL8f113TrUQ6H8SInu7dl4SHWIAPtEXsZYysqjuUk9K/nE/4JR/tzar/AME9v23vB/x9kLy+GproaR48sEUt9q0S6ZUuSqgjMkQxPHyP3kKgnBIP9SPxt8BaR8fPgfe+FNEvre8ulji1nwZqkMgZPtkSebbTIw6pLGShx1WWvjPEzh9ZTnU5QVqdf34+U18S+d9ttUetwzmHNBcz1jpL/C+vyav966nz9qeu/uWVwpGMEEZzWXovxR8U+Bnni8P6zL9iuFK3Wl3DebazqRgq8T5UgjgjFc/B4rTWtFh1LYY2kj/eQt1jccMh9wwI/Cud1rXhF1fFfk1OpLoz776vTknGSuZfxQ8O+Mv2YfDutf8ABQb/AIJiW58E+JfDEi6h8YPhfpcOdF17SwD59/HZZ2K8K/vHVAp8pXKEMoVv1B/4J4ftxeAf+Cg37MGh/tC+CLdbOe63WviDRvM3tpuoR4EsBPdeQyt/EjKe9fB37EuqRar8drzRr8rJYX3hPUI9Rgk/1bxbACGHQjDEc+9cn/waUeJr1NM+O3w1067aTQdPvtC1PTYychJLhtTgYj/eisrf/vkV/Q/hPxHmGOUsHiJOSjs32tdfda3z8kfnfFmWUKCdSCtaz+TbVvPa5+x1FFFfuB8CFFFFABRRRQAUUUUAFFFeF/E3/goX8BfhZ8VNY+D2tR6pc6xoLQLqi2zWcccLTQrMi/v7iNmzG6nKqQM4znIrjx2YYHLaPtsXUjThe15NJXfS7N8PhsRiqnJRi5PeyVz3Svw9/wCDt74F69o3xL+EP7VXhoXSLq2g6l4N1K8jceXa3kD/ANo6YQD0di+ofN6Riv1Csv8AgpB8B78boNL1jb/EzXWnYUevF2a+S/8Agtvo3hf/AIKffsbQ/Aj4KalZWnirS/FtjrmiT+IdWtbe08yFZY3WR45JGXdFNIBhTzjPHNfLZnxbwniMDOH12k9P5k9enU9nA5Vm2HxUZujJd9Oh4L41+KekfGrwp4D/AGhdFkV7fx94D0vVWcEHFwIfIuIyf7yTQyKw7EGs+z1Moqndiuc/ZH/Yj/bF+Ev7Ltj8A/idceA7iTw54u1C98M3Gn+PI5I10+9KzSW7AxgqUuPNcHofNPpXfv8Asl/tMTbRZweCsf8ATTxtEM/+OV/JuYUaNHHVadGalBSlytNWcb+6/utfsz9ewNWLwsOd2dldPy0NT9nbRf8AhaX7RGi6Rdnfo/hWM+I9cz91zCfLtID/AL1wwfHcRGuc/wCDgH9stv2cv+Ceuv6NpWsrD4m+Kt83hjQ1WQrL9nwsuo3C4YMAkJji3DIDXKgg5r1v9mn4D/Gn4OeGvEH/AAkh8Kyat4h1RJJns/E6ypFaxJiKPdsH8TOx46kV8d/8Fff+CSv/AAUT/wCCj/xv8Oa54K8b/DHT/A/gzwymneG9L1fxxKsguZX8+9u3jW3YJJLIUjyDzHbQ55FevwbRy6pxVh3j6kadCk+duTsm46pLveVv+3UzxeIq1X+z5uguaUrRSWrS6v8AryPwtTzNuAc7a/pe/YW+Cvgz/glx/wAE29Lsvi/LHpD+FPCdx4y+KU0jBXF9JEJ5bXk8yqPIs0UH5pThRlsV8G/sTf8ABt5+1n8GP2r/AAL8XP2idc+GWreE/C2uR6vfaZpHi555bya3Blt4SrW6gxtOsQcE8puGDmvt7/gq5+xN+3D+3B+zK37P3wR8TeBdOHiHxJDqPja81zxZLB9rgtyZILcLHbvvUzt5zZAw0MeOlfpniNxHlfFWZYHJ8PiI/VnJTq1E9F0Sv3UeZ26txPlchwNfLcLWxs4P2iVoRtrd9bH4L674t8e/8FBv2z9a+KnxEmke78Wa9PrGuMp3LZ2Ybd5QIA+VI9kS8DPy9zX15Peh7j/R0WOIKFjhXoigYVR7AAD8K9e/Z2/4N4f2/fgv4f1PTP7Z+EE19rFzG11qH/CXXjFLeIfu4VAs+hdmdvUrH6V6lYf8ENf26pY/9L8a/CmFs/dXXr9s/j9kFbcUZ1luYYqFLC1YKhSiowSkrWsru3TZJeUU+p6GQ0lgsK5Vb883eV0/kv1+fkfHfjS3i1PSZtOnOY7i3aKTH91gVP6Gv16/4J6fF+b4zf8ABML4R6vc3ELahpPgqz0qaOI8w3GlTm1A/wB7ZDGf+BV8n3X/AAQa/bh1JQR8RPhaq7f+gxqB/wDbavrD/gmr/wAE8/2q/wBj/wCA2rfBb4heMfA+pQHxddatoc+majdYjiukQzRtvgBz5ybh2w3avic+9hiMhdOlOMpqcWkndtWknb74v5HsQxFP69Cb2V/0f6Fz/gpN8ULXSP2F/i5rN5cfLJ8PdQiWPP3pJkEKrj1LyLX5N/sT+Pv2bfgf8ZdN+Pv7SniGxkj8HWUb+EvDq2ZupLrVCo/0qSFQTthxlAerkHoK/Wz9uz/gnX+0b+1r+zpq3wM8L/Ebwdor61rGmy3V7dTXcqi1t5jPJHhIgcs6xd8YU14Z8Pv+DZvRZIY7z44ftB3PiS5kKtcWOgXUmj2ox1BcRSTSjGOrKK58glhcLktSli5yjKpOSahrPl5YrR2cVf3k7taebTDFV6P1m8Gmklvte7366aHAav8A8HEPwQ0d3Gk/s/eOvERZi8dxdXFnp8MjE/eO8u4z6kZ9q8k+Jn/BxH+278UrS68Gfs4eB/AXwximUo2rQSPresW6/wB6NpSLdH+sTY7V+jngD/ggt+wh8NZI7vQv2Qfhnqt0GUyXfi/UNT1Zmx323Dsn/juDU/7f/wDwTD+IXxW/ZbtfgV+xr8Nfg34Nvr7xNYy63dWGjx6UsemwB5HSN7e2Ls7SCEYOPl3c13YSnw3RrwjhsDJ3aXNVkrJX1bipSi7LpbXa2px1MTKt/GrK3ZbH4r+GLTxJrniW9+IHxD8W6p4g8S6xN52teJtevmur67b0aV8nbycKuFGeBXqnhaG51GFIn3R2qfwA4MnP8Tf0r6k8Jf8ABvn+21ZQrFrfxB+GqhW3bV1DUJO3c+SM16Jof/BC39rGC1jgufjJ8PYRHwFSy1F8f+OCtczdTFVHJST+f3W/JLp0PSwuOwFGmlzJHzL4cnMFvFbW0XlrgbfLUbn9lB6D/aP4V2vh5hEVmkVWZfux7j5cXv8A7bf7R/AV9G6P/wAETP2mbMZk+OvgVeMbl0jUD0+tdPpH/BGr9oW1Ktc/H3wTtVt22PRL85/N6+cqZVjal+RJ/wDbyX5s7P7Yy1b1F90v8jwXwvdMsqz3EjM5+5Gv3j7+wr0Pw7fuu1nlVf8AZX7qD+pr2DTP+CSPxrtmG/47+Ffw0O7/APi63rX/AIJZ/GS1IU/G/wALsvp/Yl3/APHOa5P7DzeWsaS/8Ch/8kZzznKf+fy+6X/yJ5zoGtpEVETbe+7qTXdeH/EIt9oc7P1Zveuu0T/gnL8XNNXD/Gbw6xzwV0S54/N66TR/2B/iHaHdN8UtDkb+8uk3HP8A4/VxyLPelD/yeH/yRyVM2yn/AJ/L7pf/ACJj+GNZWQfaJ5gkfqxrs9D8TS3KCPSbJ5eP9bJ8qD8+tW9O/Y28d2pVz8RdHZl7tpk2B+G+ug039l/xpaqkc3xB08qrfMsenyDP5vXoUMj4h/6B3/4HT/8AkjzauZZVL/l6vul/kSaMHuFVtV1Df/dhh+VR/jXXaPPZWygQRpH9OpqnpfwG1XT2Vv8AhLrdj6/Yz/8AFVvad8NNStG58QQtxj/j1P8A8VX0WDyXPIWvQ1/xwf8A7ceJisdgKmiqfg/8iaHU0VRtNSPqMkg2xxe+6rEPg27jGZNXjb6QY/rUh8JXONv9rL/36/8Ar17kcqzrlt7P/wAmh/8AJHlyr4O+/wCD/wAjHvbk5xJKB9FrH1K6tgrF5z9S1dZL4LuZP+Yumf8Arj/9es27+Fl1cAga7GM/9O//ANlXHiMkzuS92jf/ALeh/wDJHTRxmDjvP8H/AJHDXuq6Zv5lkkHpisa81bT3JCWjf98138/wV1GQ7V8TxLn/AKc//sqpXHwD1iX5T4vg2/8AYPP/AMXXh1ch4g6UP/Jof/JHq08yy2O9T8Jf5Hm95eQvkqir9VrIv7mInoh/4DXqr/s76uwIHjGH/wAFx/8Ai6o3H7MuuTcx+OYF/wC4a3/xdcNTh7P3/wAuP/J6f/yR2U81ytf8vPwl/keP39z1G1fyrHvLpgcDrXs13+yl4im3FfiBa/8AgpY/+1Kzbn9jzxTJyvxFs/8AgWjN/wDHK8+pw/n3Wh/5PT/+SOuObZV/z9X3S/yPGb25yOuKxr279SRXuN1+xh4qcYHxKsV9P+JO/H/kWsuf9iTxcz8/FGx/8Er8/wDkWuSpkedR3o/+T0//AJI6YZtlf/P1fdL/ACPC768Zf9XL+FYOsLY6gh/tCyDN2lQ7WX8RX0Hd/sMeMLg/u/ihpq/72iSf/HayL79gvxyw2r8WNL/8Es3/AMdrkqZPm0d6X/k0P/kjqhm2V9Kv4S/+RPnid7yxj8uO+a6j6qtwuGH41lX2oJJ0LK3dW6ivoq5/4J9+PZUO34u6SB/2Apv/AI7Wbef8E6viS4yPjLoeO3/Ehn/+O1j/AGbmS3p/+TQ/+SOiOa5Z/wA/fwl/kfNeo3DlWKYP071z+q3EU3yygq3Y19QXH/BN74hSPlPjNoqtu/6F6fH/AKNqjff8EyfibMuIvjZ4fX/e8P3OP/RtSsDjf5P/ACaP+Zss0y3/AJ+fhL/5E+TL+S5gLMrbl/u1i31xIys0OCp+9G44NfW93/wSz+LE/C/HTw2v+9oF1/8AHKybr/gk/wDGGUs0Px38L+uG8PXn9JK1hhcR1S+9f5lf2pl//Pz8Jf5HxprZiLM8H7qT/nm33WrjtdglO828andzLbt91vp7190X/wDwSG+MV9Flvj54TVu2fD97x/4/XO6j/wAEYvjdcEtF+0J4Nz/2Ab//AOKrvo0pw3aXzRMsywL2n+Ev8j4E1uJLmNog/A48qfOV+h615d450ISyPmJmZeVH3ifp61+mGs/8EN/jvqC+Yn7R3gZW68+G9R/o9cnqv/BAj9pC9kxF+0x8PWVudv8AYGprj9TivocBiKdCXM6kV8zjrY/ByVk7/J/5H5r/AAa/aT/aS/Ym8XyePP2WfivdeHlvZt2seHbiEXej6rjPFxZy/Lu/212uMnBB5r6Y0P8A4OMfFN5HFafGj9mvQvtsa/vtQ8F+NjapM3Gf9FvVk2fQSV654u/4N0P2tb2N4tB+PXw5umkG2RZYdRh4xjOTE3PtX2x8E/8Agmn8PdI+A3hXwr+0f+xv+zR4y8a6bpH2TxB4gm+HOnyHUJUYqk/mPZeZuaMIWJ53Z5PWvZzLE8L4yjGrjqCrz2vCTjNduZpxcl01btoku3i+2xFKo/qk+X12+5p/gkfCPgD/AIL4fsr6tNHdeMtJ8deGZt42XT6TFepGezeZbSZ/HbXx7+2/N+zv8Q/jPqPxt/Zf8RaXeeH/ABY323VNK0+3kgW01EjMsqwuo8oSt85QDAcsRwa/Wr4wf8EI/wBj74jtPqGhfscfDbwxfzKQL7wj4w1fSdn0it1MI/74r5D8R/8ABtv+1N4e8U6ovwz+IHgNtBm40631bxFevcRrjOHf7J8+DnBxnFYZLLhXB4p18E6tCVrONRxcJK+yabldbptrb7+ipiMVWp8uIcJdmviX6H2X/wAEsfGdtf8A/BNH4I2cM+5V+H9tDJ838Syyqw/MU/8A4KhfEmw8Mf8ABNz42+deeTJq2hR6TZLn7011dQQqPqRu/Kqv7BP/AAT8/bD/AGWf2afD3wU8b6t4H1C58PNdwWk+neJZijWr3DzRj57cEFfMZa5//goP/wAE8f28/wBqP4F2/wAIvh5f/Duzin8XWuqa1/aniydVltrZHMUY22rcmV9xHogr5SlRf+uLquS9n7aUuZtJcvO5Xv5r8zplUw0coUeZc3KtOt9D8utK1B4ocq3A44rTstTj3NHdxrNBKjR3EEgyssbKVdD6hlJU+xr6K03/AIIPf8FFtNK+brHwk29Dt8aXfP8A5JVcvv8Agh5/wUMmVQt98JmVRznx1cr/ADsq+uqSwPPb20Nf78f8yY4yny3/AEf+R+ZfwI+LHiX/AIJnf8FB/D3xb8Piaax8N68lysKuwF/o8+Vli4ILBoHdDzywwe9fvJ/wU9/Zm8L/APBRD9gLX/Cvw9WHWNQl0W38YfDK8t9rm7mSDz4RG2Gz9otmeL5SCzFRnivgP9ob/g3Q/b1+MmjaPKmufCSx1bS7iSP7RJ48lZZbV/mCH/RAcpIGI/66NX6Df8Ey/wBmL9tb9lf9kzw18B/2hNa8Eapq3gW+mt/C+r6J4ua4V9LaTz4YJTJEpzDK0qqOR5TIowExXTxrnGDxWHwGc4OvF43DyUZJNNySd1LTdXWqT2m+x4WW4TkxVfByX7mom09bJ9te23yP5i1ZHXcVyD/nFf0lf8G9P7b037SP7AGj+Fdb1zzvFHwnuk8Oap5kxaZ7MK0lhO2WLEGJXizwM2+0Divif9tv/g2c/af+Jf7VHjb4l/ss+IvhjpfgfxLrMmq6No+reKntpdMM+JZrUIluy+XHK0ix4OPLC16x/wAEhv8AglR/wUh/4Jq/HHxBr3izxH8Mda8D+NvDzab4o0vR/HhaYTxP51ldor267nil3LjI/d3EvfFfU8ecQcL8VcIqdHEwVeKjUhFu0k7e9D1s2rdZJHj5Pg8fgc2UZ03yN8rdtLd+x9PftM6OfhN+0VqWjW0Xl6H4utz4h8PMPuKzNsvLYdsxzASY/uzivN/FOvW3kM6yLXvH7T3wm+NXxj+HGk6VpmkeHV1jw3ry32kXF14shQeVKhiuYSSvAZNrD3QV4Hq/7J37VrPldB8Jzeoh8cW39QK/nuEFUtLRd02l/X/Dn6pRqwjTUZSV1pvv2/DcIPjLcfs8fsgfG79pe1vVj1Gz8M/8I54Vkb7x1K+/dJt9SGkVseiGvdP+DTP4My+DP2NvHnxdurJc+LPHC2en3h5eez0+2SAAnrgTvdED1cnvXy3+0x+x9+2B8Q/2dtJ+EfhPwr4dMkfiKbUtVt5PHFlErjyyseGLAMcnviv0C/4JgfFv4PfsJfsM+A/2cfHOlz23iHSNOefxIumXVlPC99PK0spDrcYblsZ9q/aPC3MMjydVq2MxMISk9OaSTslZaX/xO/8AePi+LcPi8ZFRw8HO/ZXtb+vzPvqivnO9/wCCoH7NWnhmuU1rC/3Vsz+n2nNdh+zv+2r8E/2nPEmp+Evhrdah9v0m0W5uoL63RMxM+wOpR3BG7jrmv3DB8ScP5hWVHDYqnOb2UZJt210SZ8DWyvMsPTdSrRlGK3bTseuUUUV7R54UUUUAFFFFABX87H/BZP8A4Km/D79jn/grP8aPht4j+DOseJZvtmhzyXFjr0dmse7QrAhMPbybuCDkEdcdjX9E9fyJf8HNt54Xh/4LjfG4a7pF9ckP4ex9nvliH/Ivad6xtXlZxkuXZ/g/quNi5QunZNx1W2sWn+J2YHMMVltb21B2la2yf53R6Xo//BxX8GdKj8v/AIY98USf91Dtx/7j62rL/g5a+DNi25P2KfErEf3viRD/AEsK/KmDVPhzGczeDNUkH/YeRf8A23rQs/E3wghx5vwl1Cf18zxQRn/vmAV8h/xCfgf/AKB5f+Dav/yZ7H+tmfP/AJe/+Sx/yP1bg/4Oh/hLAqrH+w3r2c87viUn/wAg1bj/AODqP4c20e21/YX1YH/a+JC//IVflOnjH4N42p8BWY5+9J4quD/JRUq+M/hEFwP2fbNvdvE17/Qiq/4hPwP/ANAz/wDBlX/5Mj/WjPH/AMvvwX+R+qZ/4OtPC8Y/cfsL3X/bT4hMf5WoqKT/AIOurcD/AEX9iFV9A/j6U4/K3FfloPGfwtP+q/Z50n/gfiLUT/KUU8eNvh2OY/2dfDv/AAPXNVP8rkVpHwr4Hj/zCv8A8GVP/kiP9ZM5lvV/Bf5H6ir/AMHXWuI+bb9ibTeejP4zuDj8ohUb/wDB178Qt+LP9jTw6PTzPFV6R+iivzBh8aeDkfcnwB8K4z91tT1U5/8AJqr8PxJ8KRrtT9nLwS3+/daqf/buuiPhnwXH/mEX/gU//kjF59m0t6r/AA/yP0rH/B2H8bYpN1v+yB4MXIx+88Qagcfkamg/4OyP2hGY/wDGJHgA4+7u1vU/8a/NWL4n+Gx0/Zw8B/8AAv7Tb+d3VuP4saCD8v7O3w+X/txvn/8AQrqto+HfBsdsHH75f/JEf21mkt6rP0lH/B2d+0ei7o/2Rvh6MdjrOp//ABVTr/wds/tRrDiL9kf4bk/7Wsan/wDF1+bifF7Rl4T9n34c/wDAtCuW/nc1Mnxg0xgMfAX4br7DwvIQPzuK0XAPCMf+YOP3v/Ml5rmEt6rP0fX/AIO1P2sFI8v9k74Y7Tzg6tqnHt/rKuRf8Hbf7W29Vi/ZN+GCr/tapqv/AMXX5qL8WLTduj+DHw5X2/4Q/OPzmNWLX4vSRnenwe+Gq4/6kdG/nLVf6jcKrbCR+9/5kf2ljutRn6Wf8RbP7YSt8n7KXwq+n9qaqTn/AL7pYf8Ag7X/AG0Hcn/hlb4T/jqeq/8AxyvzeT4y6kV2w/DT4cx+6/D+3/q5qaP4zeJBgR+CPh8oz/D8O7L+uav/AFJ4Y/6BY/e/8yfr+Kf22fpEn/B2t+2pjK/su/CH/gWp6t/8XUn/ABFpftukfJ+zB8H+f+ohq/8A8XX5zWvxt8Zg5i8MeA4/934c6f8A/E1bj+M/i6Rt8mg+C93+z8PNNA/VKf8Aqbw0tPqsfvl/mT9cxL+2z9Ek/wCDsv8AbfKrj9mf4OL/AL2oav8A/F1In/B2X+3G7AJ+zN8Gsf8AYR1Y/wDs9fnva/G/xlHyNI8Hr/u/DzS/6xVcj+OHj08paeFQx7j4f6UP/aFNcI8Ox2w0fvl/mL61iH9pn6A/8RYf7dgOU/Zu+DI9P+Jhq3/xypIv+Dr/APbuc5f9nn4M+w+2asce/wDrK+AI/jh8Rdu3d4aXvmPwHpQP/pPU1t8bPiNu4vNB/wDCI0n/AORqpcLZBHbDx++X+YvrFf8AmZ9/x/8AB1x+3g68fs+/BcfW81b/AOOVYg/4Orv282PHwL+C69v+PnVf/jtfAK/Gv4jE/wDIR0cf7vg3Sh/7bVPH8bPiV0/tbS/90eEtK/8AkWrXDeRx2oR++X+Yvb1v5mffq/8AB1d+3njy1+CvwVGP4jcap/8AHalX/g6o/b3LZHwe+CeP+u+q/wDxyvgWP41/EsrzrGl/h4P0r/5Gpy/Gz4kgca1p/B4x4V0v/wCRq0WQ5THaivvl/mL2tTv+CPvr/iKk/b4C7j8IPgmP92bVP/jtCf8AB1D/AMFAJGOz4TfBUf7Pmaof/atfBcfxx+KH/Qy2f/hK6V/8jVInxu+JYb5/Etv07eGNLH8raq/sTK/+fS/8Cl/mL2lTv+CPvT/iKc/4KAg5Hwp+C5+n9o8f+RqP+Ipr/goD/wBEo+C5986j/wDHq+Dx8c/ibnP/AAk0IHt4e00f+21Nf43/ABT6p4y28dF0PTx/K3o/sbLf+ff/AJNP/MPaT7/gj7xb/g6Z/b8B/wCSa/Bb32jUuP8AyNQ3/B0/+34n/NKvgz/vf8TDH/o+vgxvjX8SwMv4pVj6/wBiWH/ximn43/Ej/oZ1z76PY/8Axij+xst/59/+TS/zD2k+/wCCPvCX/g6i/wCCgOf+SWfBcf7QOofy86o5P+DqD/goIy/u/hf8G8+633/x+vhFvjb8TWOR4q/E6LYH/wBoUJ8bPihncPFnPqdFsP8A5Hpf2Jlj/wCXf/k0/wDMftJ9/wAF/kfdB/4Onf8AgoPGDu+G3wcH/bO+P/teq8v/AAdUf8FCITtHww+D8nuI71cf+R6+HZfjd8T8/P4uH/AdFsP/AJHqMfHP4pony+L+/wD0BbD/AOMVH9g5S/8Al1/5NP8AzK9tU7/gv8j7dn/4OpP+ChsozH8NvhCn0gvDj/yYqtP/AMHVf/BRBAFHwx+EbberCO7/APkiviOf44fFZyW/4SwHP/UFsP8A4xUMnxz+KSjb/wAJUv8A4I9P/wDkep/1cyWW9Ff+BT/zD6xW7/gv8j7Ym/4Otf8Agoj5m3/hVvwj255/d3fH/kaoT/wdZf8ABQfd8/wn+EwHr5d5z/5Hr4jk+OHxVzx4phbv83h/Tj/7bVDN8dPiqV2nxLaj3HhvTf8A5GqZcL5DL4qC/wDApf5lLFV1s/wX+R9uyf8AB1p/wUAT5m+E/wAJuv8Azyu//kioJv8Ag67/AOCgRb918IPhK3r+7vP/AI/XxKvx4+LMTHb4otfm/wCpZ0w/+21QXPx5+LMjZbxHYn6+F9M/+Rqz/wBUuHZb4aP3y/zK+uYn+b8Efa83/B13+3+GxL8HPhOfcC9H/teoJf8Ag7D/AG9V+X/hSXwpfH8Sm9/L/X18Ut8evi0i4GvaeR6Hwrpf/wAjVVn+PfxWDE/21pvX/oU9L/8Akas3wbwzLfCx++X+ZX9oYxbTf3I+32/4Owf28FbL/Af4UyevzXw/9r1BL/wdl/t3rux+z38LF/7aXxz/AOR6+Im/aD+Le0q2s6Xg8fN4S0s/+21QH49/FTIP9raT/wAC8I6Yf/bel/qRwr1wkfvl/mH9oY3+d/cv8j7fX/g7M/buaQs/7P3wr4P8Ul//APH6cf8Ag7S/boA4/Zx+FbY/uzah/wDH6+GZf2gPimBg6jonr/yJumf/ABioX/aE+Kg4+26D/wAC8F6Z/wDGKX+o/Cv/AECR++X+Yf2jjf8An4/wPuv/AIi1v23RzN+zL8LGP937RqP/AMfpW/4O2v2zRw/7Lnwsb6XWqf8Ax6vg9v2iPixGpAm8MNn+94F00/8AtGqsv7QfxPJO+y8Guf8Aa+H+m/8Axqp/1E4Se+Ej98v8x/2ljv8An4z77/4i3P2zWdVH7J3wvAB/5/NT/wDj9O/4i3/2wlfcf2Tvhb/4Gapz/wCRq/PWX47/ABCf530nwWx9/h9p/wD8RULfHfx8r738PeBZP9/4e6ef/ZKr/UHhF/8AMJH75f5iWZY7/n4z9El/4O6P2wEbcf2Svhe2f7uoar/8eqNv+Du/9rw/e/ZF+GP/AIMNU/8Aj1fnVdfHHxbNxP4M8AMOv/JPbJf5CoE+MusyA+b8Ovh6x/2vAdr/AExQuAuEbW+qR++X+Yf2ljv+fjP0ab/g7t/a2CnP7Inwz/DUtU/+P0n/ABF1ftXMvzfsh/DP/axqWqf/AB6vznHxguT/AK74S/DmT/e8Ewj+TCmt8W4XbzH+Cvw6z1ZV8IhR+koqv9QeEf8AoDj97/zD+1Mw/wCfr+8/Rtv+Duf9q4KP+MRfhrj/ALCGqD/2rT4v+Du39pN5A19+x54AZO/k6zqKn9ZDX5yj41WCDDfs+/DNu3zeGZB/Kao5PjLomwq37OXw3PGNy6NdL/K5qXwDwjL/AJg4/fL/ADKWaZgv+XrP0ng/4O6PjDuze/sY+FW9ovEl6v8APNSr/wAHcnxBYfv/ANifQR/u+LLrn/xyvzJPxd8PR/N/wzn8PW+tnfD+V1Uc3xa8MzDa/wCzX8P8/wCympL/ACuqzl4d8Hy/5hF98v8A5Iv+2szX/L1n6bSf8HaXiWdd0v7EWl7v9nxpcD/2nTov+Ds++EQS6/YctG/veX45mH84TX5eyfEnwjL/AK39m7wP/wAButWX+V5VdviF4JBIb9nHwb+Go6v/APJlYy8M+C5b4T/yaf8A8kXHPs2jtVf4f5H6sW//AAdqaIwVbv8AYTmIX73k/ENl/namnJ/wdifD/d++/YP1b/gHxKX+tka/J1vGngZ2Zn/Z+8MAf3Y9W1Vf/bk1IPGfwt6v+zvov/AfEepD+ctc78K+B3/zCv8A8GVP/kzRcR5wv+Xv4L/I/V+f/g62+FFwuZ/2D/EP/hzov/kCqFx/wdNfBib5v+GFfEysev8Axc6E/wDuPr8rz44+EDDDfs6aeP8Ac8Uah/VzVefxf8H5OE+AcMfuvii7/qDWcvCfgeW+Gf8A4Mq//JlLibOo7VvwX+R+pF7/AMHP3wavRtP7EXiZPp8Sbc/+46sHU/8Ag49+Beqys8v7Hvi+Pd/c+IVs387AV+Zc3ib4PNw3wbvI/wDrj4qcf+hQtVG61z4Su2IfhxrEX+74nQ/ztan/AIhPwOtsO/8AwZV/+TNFxVnq/wCX3/ksf8j9Kr3/AIOAv2fdRO1/2ZPHEO5edvjGyf8AnZiv0O/4Nnf22vhp+17+0r8SG+H/AIb1/S/7J8C2purfXJoJM773go0QGR16gV/N6998NJDlPDOtR+w1qJv/AG3FftZ/wZVzeGh+1h8aF8OQXyxSfD3TywvpEZtwvjnlQBjp2r0cr4A4ZyPHQxeDpyjON7e/KS1VtpN9GZ4riPNsbhpUK004u19Eno77peR/RlRRRX2Z4IUUUUAFFFFABX8gP/B0Kwb/AILk/G4BcbX8PD6/8U9ptf1/V/ID/wAHQYJ/4Lk/HA4/5aeHh/5bum0AfAY6ZqSIA8AVGpNTQ4zmtogWIYxnrVhUzggVHAq/xVaQHFUAscffFTxxkcYpiZB6VOpPcUAOjGVqaKM5pqDaOvNPRgBuFAEoAVcmkmvbe1GZpETjOWfFfdP/AARn/wCCHPxv/wCCr3iC68c3+tt4P+E+haitrrXi5rffcX9wBue1sY2+V3Vcb5W+RCygbmyF/o0/Yz/4I9/8E6P2EdAs7X4D/sw+G11q3bzJfGniDT49T1yeUoqO/wBtuFaSINtBMURjiBLFUBY5iU0tAP444td0bjGpQ/8AfR/wq4l3HuxG6Sbe6MGH6V/c1J4W8MSwtBL4fsWVlwytZxkEfTbXyR+2H/wQN/4Jb/tmaJdDxV+zBoPg/wARTJIbbxl8ObOPRNQildgWlk+zKsN0xxg/aI5cBm27SciefyGfySRMGPXqKmFxDAN000aL/edwM/nX1l/wVw/4JBfHL/gk38VdP0TxnqJ8TeBfEzyDwf46tbXy4rqSMAvaXCAn7PcqpDBSdsi5ZCdjhPov/g1N/Zx/Z3/aa/bS+I3hn9oz4DeDfiBpenfClLux03xt4XtNVt7a4OqRxmWOO6jdUfZldwGcHGad1a4j8xINW04cPfW34XKf41Zi1nTOo1C1/wDApP8AGv7FT/wSe/4Jakc/8E2fgD1/6I5on/yLTx/wSf8A+CWoH/KNb4A/+Gc0T/5FqebyA/jxt9f0pBmTUrUen+lJ/jV211rTrji3voJD/djuFY/kDmv7Av8Ah0//AMEtOv8Aw7W+AP8A4ZvRP/kWvzv/AODnT9hb9iT9nT/gmj/wsf8AZ9/Y6+FXgXxCvxH0O1TXPB/w903TLwQStKJI/OtoUfawHK5we4ougPwdS9hhXzpZY1XGWaRwoX8TxUsfijQg2DrFn/4GR/419i/8G5fwb+Df7RX/AAVF8L/Dz4//AAi8L+N/D7eDdduG0HxdocGo2TzJbxlJGgnVo2ZcnBKnBORg4I/ooX/gk9/wS0I2/wDDtf4A/wDhnNE/+RamxXMfyLL4q0AddZs//AtP8auafrunXr+XZXkMzekMyuf0Nf1v/wDDpz/glpjb/wAO2PgCP+6OaJ/8i1meLv8Agjl/wSh8aaBceG9X/wCCcnwVgt7qMpJNpHw307T7gA/3J7WGOWM+6sCPWkFz+UIX2xtrrirEd4Gw2MV+4P7ev/BqN8C9e8L3njP/AIJ2eL77wRrlrC0lv4F8SarPqOj3pVRiKKednubRmII3F5Ey2SoAxX4deOfCXjv4S/EHVvhT8UPC13oXiXw7qr6frui36YltLhGwyHsRjBDDhlIIyDS5exXMOk8RaVayMk+q2kbrw0cl0isPwJpT4r8Ohsf2/Y/+Bkf/AMVX9D//AARI/wCCdP7AHxl/4JY/Bv4nfGL9hr4O+K/EmseG5rjVvEHiT4Z6VfX17Ib24Aeaea3aSRtoAyzHAUDoBX1UP+CTv/BLQdP+CbHwC/8ADO6J/wDItHKTzH8naeKvDhGB4hsf/AyP/wCKofxX4ehXnXrH/wADY/8A4qv6xB/wSa/4JZkY/wCHa/wC/wDDOaJ/8i0v/Dpv/glmeG/4JsfAL/wzmif/ACLRyhzH8oFp4i0a/YQ2mrW00n9yG5Rz+QNJL4m0a2fyrnWbONx1WS6RWH4E1/S7/wAFEP8AgmP/AME2vA/7Afxv8Z+Cv+CffwR0fWNH+EXiS+0nVtJ+FOkW11ZXMWl3EkU8UsdurxyI6qyspBBAINfLP/Btb8Ef+Cc/7bv/AATs06y+Mn7DXwb8UfED4f6nJo3inXPEXwv0u9vtQjkJuLS5mnmti0jNDIEyWY/ueTk0cocx+Iv/AAlvhstsXX7A/wDb7Hz/AOPVaS5ic7g2fT3r+rof8En/APglsvzL/wAE2fgCPp8HdE/+Ra/ml/4Kefs66b+x3/wUU+Ln7Ofh7RLbTNF0nxR/aHhfT7KJlt7fSL+FLu1ijzxtjEjxfLwpiKjpRyj5jyDz0znP/wBeq8uv6HbyNBca5ZxspwytdxhgR6gtxTNJ8PeMPiPrmm/DL4bWi3HibxXq1poPhm2aUR+bqF7OltbqGPCnfKCCemK/qr+Hv/BHL/glz4G8AaH4Gl/4J8/BPVv7F0i2sP7V1n4U6Rc3l55MSx+dPNLbs8sr7dzO7MzMxJJJJpKIOR/Kn/wkOhTfu4dcsmbPRbyMk/8Aj2aZeatplmqpdarawseVWa4VCf8Avoiv6Mv+Cu37NX/BK/8AYP8A+CfPxF/aAtP+CdPwDt9Yt9HOneF/L+EWjRySardn7PahWW2DAh337l5UIW6Ka+Mv+DVb9kr9lf8AaZ+GHxrP7Sn7Nfw/+Ik+h+J9Cg0y58ceC7DVmtUbTCWWI3UL+WGYbiFwCTk80+ULn5GP4n8Ogc+ILH/wOj/+KqGTxRoB4XXbJv8At8j/APiq/rb/AOHUf/BLcf8AONv4B/8AhndE4/8AJWm/8OnP+CWYOf8Ah2v8Av8Awzuif/ItHKLmP5IG8T6EG/5DNnn3vI/8aItStLyIyW13FKgOGaGQMAfTINf1wD/gk7/wSzAx/wAO1vgD/wCGd0T/AORa/E//AIOs/wBmX9mn9lT43fA22/Zn/Z88D/D231zw5r7a1a+CfClppMN+YZ7HymmS1jRZGXzHwSCRuPamHMfmPc6xpduzJc6paxsvG2S4VT+RNQDX9FkOF1mzYk4AW6Q/1r+iX/ggL+wF+wR8fP8AglL8M/ib8bP2Hvg/4t8S6hNrX9peIvE3wz0q/vr1l1e8VWmnnt2eQhAqjJOFVQOABX1j8RP+CU3/AAS8tPAusXFr/wAE3/gNFJHpdwY5IfhDoqOreU2GDLbAqQehBBFMLn8lk0mOh7VlXmu6XBM0M+p2yshwytcoCPwJq1PKtvr11YQIscMOpTQwxr0SNZmVR9AABX9I/wDwQ7/4J2/8E+/jP/wSk+CvxN+LX7C3wb8UeItW8LyS6tr/AIj+F+k3t9eyi8uE8yaea3aSVsKBuZicAc0AfzTnW9HkfC6ta/M2P+PpP8ae0q4yrf8A16/rr+IX/BKn/gl9p/gPWryx/wCCb/wFhmi0m4eKaP4PaIGRhExDAi14IPev4+dGvCulxh9o2p9McmnYLmncXcUMZeWRVUd2YDH51SbWdMbltQtv/AlP8a/UH/g2I/4Je+DP24/j74k/aV/aJ+F2k+KPhj8OVOm2+k+JNJS70/WNemjDeU0cgMcotoHWR1YEBp4cqcgj91x/wSd/4Jadv+CbHwB4/wCqOaJ/8i0AfxzJqFlcnEN3Cx77JlY/oaZJ83zA8V+oX/B0T43/AGDvhz8aPDP7D/7GH7Knwm8Hat4SuBrXxE8ReBfAem6bdi5kgZLbTWmtIkfYscrTSRMcFjCSAUBP5arKwQEntVLuIJpEjVmL4xzljjFU5dQs4xk3tvx/08L/AI19Mf8ABIP9m/RP2s/+CmHwf+CvjHwrDrXh268WR3/iLT7qzW4gls7SN7l0mjfKyQu0aRurAqyyEEEGv6l1/wCCT/8AwS17/wDBNf4A/wDhm9D/APkWjmsB/GRJqllIny3UP/f5f8aIJopw3lurAEZ2sCK/s3k/4JP/APBLULhf+Ca/wB+v/CnNE/8AkWvxS/4O0/8Agnr+z5+yz4l+DX7QP7MvwD8NeA9H8QW2qeGvFNn4L8O2ul6c1zAYrqxkMFtGifaHSW9VpCCzJbxr0QU4yuI/Hhgv3qgmvbKNyhu4vT/Wr/jSaixWymYMf+PeTb/3wcfrX9av/BOf/gmL/wAE2vHH/BPr4E+NPG3/AAT6+COsa1rHwa8L3uratqnwp0i4ub26l0m2eWeaWS3LySO7MzOxLMSSSSacpcoz+SU6jZk5FzF/39X/ABqN9QtC2RPH/wB/B/jX9of/AA6d/wCCWh6f8E2fgD/4Z3RP/kWg/wDBKD/glqBj/h2z8Af/AAzeif8AyLS9p5CP4uZL21Vc+dFnp/rhUTX9uBzLH/38Ff2k/wDDqH/glsRz/wAE2PgD/wCGc0T/AORaQ/8ABJz/AIJaOc/8O2vgGNvp8HdF/wDkaj2nkB/Fulwkw3xlW/3TmmyKHbOK/Tj/AIOvP2cvgB+zD/wUY8HeD/2c/gn4T8BaNqnwbsdRvdH8G+HrbTbSW6/tTUYTMYbdETeUiRS2MkKM1+ZIVmGM1pF82oELEjgGmSZI5qeRcD5v5VDIcDgUAQuCBuBqNsEYJqRi3TNQuRyKAIZlzxmq0qc7hVmb1NV5flPHFSBEw5r9uf8AgySz/wANWfGZlXp4AsRn/t9NfiMxOea/bz/gyOAP7U3xqJ/6ECw/9LjWUgP6P6KKKQBRRRQAUUUUAFfyA/8AB0Dn/h+V8cT/ANNfD3/qO6ZX9f2fav4//wDg5/H/ABvN+OWf+e3h3/1HNMoA+BU61PAMDPSoI8dSKmiKkZFaxAuQjIzjIqwpHyiq8WM8/WplYD6VYy1GBuxUyAelV1yDjP0qaNj94GgROmVHBr0H9lH9m3x/+2L+0r4H/Zd+Flm0mueOfEVvplrIqFltI2bdPdybQSIoIFlmcgEhI2ODivOgQFJB9a/XX/gzx+AWkeNv2zviJ+0bq0KyTeA/BMen6OstuGVLjUpykkyOfuSLBBInHVbhh9Zk+WIH9Af7LH7Ofwr/AGQ/gB4X/Zz+DOix2Hh3wrpcdlZIsYVp2A+eeT+9JI+52Pcse1dJ8Ufi38Nvgf8ADvVviz8YPHOm+G/DWhWbXWr61q10Ibe1iXqzMe/YKMliQACSBV0S8YzzmvwZ/wCDyL9t7X/+Eq+HP/BPbwfqs0Nh/Y3/AAmXjZY3Hl3TSTSW9hbnBz8nkXEzIwwfMgYdDWO4H3V4Y/4Om/8AgjR4q+J7fDpP2g9c061a6W3tfFereCb+HSp2YgA+Z5ZliTJ5eaKNVGWYhRmv0A8JeMvDHjzwzp/jXwP4nsNY0fVrOO70vVtLvI7i2vLeRQySxSISsiMpBDKSCDxX8J9vYRtFnaPm4r9p/wDggR/wcPfs1fsK/spp+yB+2l/wmEMOj+ILibwl4i0fQ/7QtLbT58SNDMFmEyFJd+1Y4mGHznOcVKPKB0X/AAeR/tmnXvHvwv8A2CvDc9u9voUTeOPFUisjsLyVZrOwg4O6Nkha7lZWHzLcQkdOeJ/4M2if+G6viocH/kj0f/p3hr8+/wDgqN+2Bp37fH7fPxI/an0CS+bRfEWtBPDa6naLBcR6ZbxrBaq6KSAfLTPJJ+YZ5zX6Bf8ABmuVH7dHxXP/AFSCP/07w07WiHU/oyWZiOGrxz47/wDBRP8AYU/Zh8Yn4e/tB/tgfDnwbr626XD6H4k8XWtreJC4yjmF33hWHRiMHtmvYEK5wBX8w/8Awdn6ba/8PW5L1reMNN8PdHLNtHzY84f0FQtWB+7N3/wW5/4JLWY3XH/BRH4T+3leLoZP/Qc18A/8HKn/AAUd/YN/aq/4Jpp8Of2df2vPAPjTxBN8SNEuo9D8O+Iobi7METymSXylO8KoIyxGORX8+1vpdrKAxijx9BWhZ6daQ7WS3jDDowUcVXKB+jv/AAazIv8Aw9z8NSS8lfAviEr9fs8X9M1/UKH44Nfy8/8ABrMAP+CvfhvJ/wCZH8Rf+k8df1BqcD8KUtwPnz9uz/gql+w//wAE2J/Ctr+2R8Yp/CbeMkvW8OrD4Z1HUftQtPIE+fscEuzb9oh+/tzu4zg4h/Y1/wCCuH/BOr/goDrFz4X/AGTv2pND8TazaoXm0Gezu9M1AoBkyJa30UM0sY7uiso6E1+Tv/B6qu/xp+zOWP3tP8ZAf996NX5A/sp/F/xz+zZ+0/8ADv4+/C+eSPxB4V8ZadfacsJI+04uUV7ZscsksbPGy91cjvRa4H9twbdzX4af8Hcv7EukeH9Q8A/8FE/BFlHb3F/qUPg3x/DBB810DHLNp18xA6x+VPbszEkiW3UcJX7kIxxx6n+dfA3/AAc2eHrfxJ/wR1+JQkUK9jf6Jewvj7rRarbHj6gkfQmkBw3/AARQ/wCCmn/BPT4O/wDBLP4N/Db4uftxfCfwx4i0fw1LbatoHiDx/p9neWUovLj5JYZJQ6HaVI3AZBB6Gvtr4Kft9fsQftIeMv8AhXf7P37Xvw08ca99ikuzovhLxxY6jdC3QqHl8qCVm2KXUFsYBYZ61/Gl/YNndSNIbSMksfvICa/Rz/g0/wBNttO/4K6P5ECLn4P67u2gf8/en0WA/ptBGeK8q+PP7cn7HH7L3irT/BP7R/7UngHwDquqae99p9j4w8VWumvc26yeWZE891DDfleuSQcZwceqA85INfz/AP8AweOafY3P7S3wOmmtY2d/AetqWaMchb+0x+W4/n71IH6Mf8FBf+Cov/BNf4ifsF/G7wR4K/b/APgzq2rav8IfEtjpel6b8TNMmuLy5l0u4SKGONJy0ju7BVVQSxIAGa/Gr/g1w/bLj/ZY/wCChmi/BnxvrYtfDvxm0OLw/I91MqR2+tRJ51hkscZlcS2qqBuaSeIV8Ead4f0/yg5sIS3ZvJHH6VILvXvDGr2fijwlqEljq+k3kN/o99byGOS1u4JFlhlVhypWRFORzVDP7cgysN1fhX/wd4/sxx6J8Q/hJ+21o0bbdQsJ/AniP5jj928t/p7qoHq9+rMT3jFfrh/wT9/av0D9tr9jj4fftNaFcRs/ijw5bz6rDCu0W+oKuy6h27iVCzLIACScYzXjv/Bev9mGb9qz/glr8UPBmjaY11rOg6OPEehRxyBGNzYMLjGcE4MaSAgctnHekI/Ef/g3O/Z3tv2kv+CpvhHV9Y0aS60f4a6fc+K7yTYrQpdxqIbISA9P3srSKR0eAV/T8AFG0V+L/wDwZ2fs7wWHwE+Jv7YGoW6NN4o8SReGdFlaFlkFpYRLLOcnhkee4wCOhhYHpX7AfFT4jeF/hD8Nte+KfjbU4rPR/Dmj3Wp6rdzyBEht4ImlkdmPAAVCcmmB+C//AAd0fts3XxE/aA8E/sE+EtVVtG8B2aeKfGEMZOZdYukeOyibI/5Y2plkyCQTeAEZQV6//wAGbl0z/D39oS2P3U8WeHiv46bIP/ZRX4q/tD/tBeJ/2uP2k/HX7T/jEyi+8b+IrjVPKuPvQQO58iHgkDZEEXjjIOOtftH/AMGbIx4Q/aKBP/Mz+G8f+C+4oK6H7YFsHNfOPxb/AOCtv/BNj4EfEnVfhB8Yv20fAHhzxNodwsGsaLq2uCO4tJCgcK64+U7WU/Qivo1zwePpX8i3/BdGz3f8Fg/2gGzy3jWE/X/iXWlJK+hJ/R8P+C4P/BJKR/LX/goT8KwW4G/xRGo/M9K/Gf8A4Or/ANr79l79rn4vfAvVP2Yv2gPCPj2HQ/DniAa1N4T1yG+Wzaaex8pZTGx2M3lSEKecKTjGK/LH+y1d/mGfrUcmnRW25kTbn73GKaWoH9Uf/BtVJE3/AAR7+GscTcR6hry/+Vi7/wAa+1/H6rN4J1aI/wAWmzj/AMhmviL/AINpHVv+CPvw52Acarr27/wbXVfb/jnDeENTX1sZv/QDQNn8TmsNt8d6tCDwmu3S/TFw9f1U/wDBu9M03/BGX4DMx5/4Re6A/DUrwf0r+VDxCcfEjXEH/QxXg5/6+Xr+qv8A4N12B/4Iw/AfH/QtXn/p0vKHuI+vPiKof4f64v8Ae0e5/wDRTV/ET8Jfhf8AEH46/EnQfgj8K9Jk1DxJ4o12HSdGs1UnzLiaXYoOATgZLHAJCqTg4r+3bx8UPgnWN7AL/Zdxuz2HltX4U/8ABph/wTN0/W/HXib/AIKV/E7R2ks9J1G80D4U28ygxyTbmW+1TBX+EbbeFg3G65yuQjU07AfsF/wTr/Yu8Cf8E/f2PfBf7LHgWGNo/Dulg6tqCL82o6jKfMurpzgFmeVmIz0UKoACgDM/4Kc/t7+A/wDgm5+xn4w/ak8aRxXl3pVl9n8L6G8wVtX1ebKWtqMsCVL/ADyFcssUcjAMVwffnI24/Kv5ev8Ag5+/4KYv+2j+2tL+y78LfEq3fw7+D91JYSSWsm6HUtextvJsg4dYT/o6nA+ZJSMqymlFXA/PPx18SPH3xx+JOvfGf4r+JJtY8S+KdXn1LW9UuJCzT3ErlmIyeFGdqqOFVVAAAArPm2otFnCsUIQLTb0gIcD8K0A/Vz/g0B+CI8dft9+Mvjhf2c5h8C+AXgtblMeX9pv7hY/Lb3MUTsPoa/pGeZI1MkjBVUZJboBX5B/8GdHwE/4Qb9g7x5+0DqukTQ3nxB+JE1tY3Un3LvTNNt44IpE+lzLfIfeP2r9Q/wBpT4saH8Cv2dvHvxv8TrI2m+DfBWq67qIjGWMFpZy3D499sZxWe4zofAnxC8EfFPwraeOvh14r0/XNF1AM1jqul3SzW9wFdkYpIpKsA6suQeor86/+Drf4Fn4vf8EnNa8X2OjSXV98P/FWm+ILdk/5YRCQ21xKfYQ3EldV/wAGy3xwtPjN/wAEfvhnGhP2rwsb/Qr0PLudpIbp23tyT8wkDc8nOa+pf27vgNB+1B+xr8TvgDLpX26TxV4J1Cws7QybPNumgYwKW7DzhHSEfxOXTiWwm+bJ8iQDH+4RX9an/BO7/gqL/wAE1/Af/BP34FeC/Gv7f/wZ0fWdH+Dfhix1bStT+JmmW9xZ3UOlW0csEsTzBo5EdWVlYAgggjIr+SxLW5sJ5NOvMedbyNFOF/hdTtYfgQahlsINxxCv/fIrZx5gP7U/h7/wUq/4J6fFzxpp/wAOPhb+3V8H/EfiDV7gQaVoeg/EjTbu8vJT0SKGOYu7ewBNe3lxjrX8dn/BB2C3tv8Agrp8Cp8Rqy+PrdefeGf/AAFf2FxyHavpismrAcf8c/2lP2ev2Z/Dtr4r/aI+Ong/wHpl9dfZ7PUfGXiO202CebG7y0e4dVZsc7Qc4rywf8Fcf+CWYP8Aykh+BP8A4djSf/kivz//AODy0K37CHw/yu7/AIuQv3h/06S1/NzDaxucmJfX7oqox5gP08/4Ot/2ifgL+03/AMFD/BXjr9nf43+EvH2i2fwasrG41bwb4it9StoLldV1KQwPJbuyrIFkVipOdrqehFfmaCSvJpsdvHEflUD1wKcTitYqyAZIFJ5aoJOnNSSemelQyHHSmBEc7dwpjsc7SeKdIT61C55zigCOU8kbqhl9M1JJxwarvgnGalgIRzX7ef8ABkdkftVfGj/sn9h/6XGvxC79K/br/gyQOP2rfjRnP/JP7H/0tNYgf0hUUUUAFFFFABRRRQAV/H//AMHP5H/D8z45An/lt4d/9RzTK/sAr+P7/g5/cH/guZ8c0x/y28O/+o5plAHwMhHepoVI5aq44NWImGOtaRAtQH061YU9sVXhJwOKsKSe9aATRn5utSKR1qGInsKmUkt0oAkbGw56ba/oC/4MzdHs0/Zp+NHiBrRftEnj3TrcT7fmaNbDcF+mXJ/Gv5+yf3ZLHjmv6Df+DNK9DfslfGKLHC/EexVfx05f8Kmp8IH7L2j4YuD0Wv5S/wDg5t1x9b/4LcfF6E37TRWNn4ctbZWYkRKuhWRZB6DzGcnHcmv6sIJAhbjsa/lF/wCDlHTk03/gt38aIUH+s/4R6Y/WTQbFz/Os4/EB8U28eVwO9WEiIOMcVHbN8uR/KrCSDPArUY9YVRGPqtfrj/wZsn/jOP4sbP8AokMef/BvDX5HtIPLb6V+tn/BmzID+3B8WyoP/JIY/wD07wVMvhEf0XRydA1fCn/BRL/g3k/Y1/4Ka/tCt+0r8dPjH8WdG1r+xbbTVsfBuuaZbWaxQ7tp23GnzvuO4k5fGegFfc8bFjipRcLDIYJJY9yqGK+YuQD0OM+1ZAflDH/wZvf8E1I1zH+0l+0Qv/c3aJ/8qK/Cj9t74CeFv2VP20fit+zT4I1vVtQ0XwL481DRdJvtcmilvJ7eFxseZ4o40ZyDyVRR7Cv7Oo7tXXcGUj1V1/xr+Pb/AIK83UU//BVr9ox4WDL/AMLg1lTtYNyJFB6ehB47dKqLYH0Z/wAGtDL/AMPf/D2w/wDMi+Ih/wCS8df1BxyKxABr+Xf/AINZpvK/4LA+HEP/AC08D+IgP/AVD/Sv6gomxg5ol8QH4pf8HfX7O/x9+PfjT9nD/hSHwT8VeMP7NtfF66l/wjOgz3v2UyNo/l+YYlIj3bH27iM7Gx0NfPn/AARn/wCDdj9sPxn+1N4D/aM/bC+Flz4B8C+BfEVr4g/snXZo11DW7q1dZrWAW6ltkJlWNpGfG5FZAAWyP6NhMv3WpxxtyAv/AAEVN3sA7dx1r8u/+Ds79o3wx8L/APgm5a/AO6vsa58VPGmn2Wm2kcwWUWdjIt9d3O3+KNfLt4Wx0N0lfaX7fv8AwUL/AGcf+Ca3wJb4+/tK6/e2umzXy6fo9jpmnyXFzqd8yM6W0QUbVYojtl2VdqNySAD/ACsf8FIf+Chvxb/4KkftY6h+0t8TNOXS7GC1GmeDfDMc5kj0bTEdmWPd/HK7MZJHHBdsDCgCiIHkmnhmTe3ev0Y/4NUgF/4K9Hbj/kjuvdv+nvTq/OuzjdYFB47Zr9Ev+DVRy/8AwV4Yj/ojuvf+lmn0xn9MQfnOa/A3/g8c2/8ADQHwDcr/AMyh4hH5Xmn1+9ySNnFfgj/weRusfxw+ADnq3hXxIPr/AKXp1IR+SmnnMCjFJqMO6PAH3lpmlXG+3Ax2FTzEkfhQUftB/wAGg/7Zn2iy+JP/AAT+8XamxuNJYeMvBUcjn5rKWRINQhUYwojuGt5OpLG6fgBM1+3F5b21/aSWt1CksUsZSSORcq6kYII7giv46P2Df2sNX/YT/bl+HX7VumzssHhfXguuRrjbPpNyht76I5yOYJGYHBKsikcgGv7C/DniDSvFPh6y8T6FeLcWOo2cd1ZXCdJYpFDIw9ipBoYjyH/gnX+xf4c/4J7/ALHvhP8AZJ8M+LbjX7bwy2oStrF3ZpbvdTXmoXF9IfLQkKqvcsijJIRFyScmvgv/AIOzP22/+FOfsVaV+xx4M17yPEfxg1ZE1qOFyJYfD1o4muSGVgU86dbeDkMrxtOpHOa/VwuV+Zq/k5/4LmftgXn7b/8AwU98feLNMv2m8M+Cb5/CHhdRMXiaGxkZJ54+SuJbjzW3KcMqoaSEfJ9hbGKHhNvoK/cz/gzY3L4P/aMz0/4Sbw3/AOm+4r8QX2Q24THPtX7ef8GbEobwt+0Yq9B4k8NH/wAkLn/Cm2Uftk5GTX4d/wDBSX/g2X/bZ/bH/bu+JP7Uvwy+OXwo03Q/Gutx32n2OvyaoLuBVtYYcSeTbsmSYyeGPBFfuA75c037Rjjym+u01JJ/Osn/AAaE/wDBRkMDJ+0d8DVGf4ZNbP8A7b1+Y3x7+GWvfAv4weNPgT4x1OxvNW8D+LNS8P6peaYzm2nuLO5eB5Ii4DGNim5dwBweea/tikdnTAjb8Vr+NT/gpPbSW/8AwUV/aLtZD/q/jt4sQ/8AgylrSIH9GP8AwbOOf+HQfw/UjG3WteHT/qKXFfdHixfN8M36gdbOT/0E18I/8GzbsP8AgkT4F3f9B7X/AP05z193+IXVtCu8/wDPs4/8dNSB/Et4uwPih4gTONvia9B/C6kr+qb/AIN01dP+CMHwJEi4b/hHL0j6HVb3+lfyseNSG+LXiXZ90eKtQGP+3uSv6of+Dcu8Nx/wRe+BLlt23w/qCc/7Or3y/wBKH0A+xPHOh6j4o8Gat4Z0jU47G71DTbi2tbya285IJJI2RZGTcu8KTkruXOMZHWuT/ZL/AGbfh7+x3+zd4N/Zm+F8Hl6L4N0ODTrWRgQ1wyL+8mbJPzO+5zycFsZwK74s3TvWT4L8feCfiNpc2v8AgHxbput2VvqFxYz3ek30dxHHdQSGOaEshI3o6srL1VgQcEUgPkf/AIL2/wDBQnV/+Cdv/BPLxN8R/Ai3K+MPE7f8I34PvIYXK2N5cowN0zoy+WYoxI6NuH7wJgN0P8keiQSvuurh3kkkYtJJI2Wdiclie5JJP1Nf2b/8FJP2KvCn/BQb9i/xx+y34kEMc+v6Sz6DfzID9h1OL95azgkHG2UKCQM7WbHNfxweIvCvij4aeM9a+GPj/Q59L1/w1rFzpOvaZcJiSzvbaVoZ4WH95ZEZT9KuPUBUG1MZrO1e7S1ha43Y2KT+IFXvOLJlfyrrP2XPg7fftHftW/Dv4DWGlfbv+Er8babps1nu2+dDJcIJVz2zEJPyqgP6zv8Agjd+z4P2Wf8Agl78EvgpNpM1jeWPgW1vtYs7h9zRajflr+8XPp9oupcDsMDtXmv/AAcd/Hi6+Af/AARv+MuqaRrMFnqXijSLbwrp6zf8vK6ldRW11EvqxsmuiPTaT2r7U0XT7DRNJtdF0yIpbWdukFuvpGqhVH4KBX44/wDB5v8AGa40D9kn4UfAu3MMkfibx9Pqt5HuzMn2G0KxMF67S104J9VrNAcz/wAGWHxk/tX4I/G79nyS1fd4f8VaXr8U7TfKY762lt/LVe217HcT380V+4O48ZHvX8wX/Boh8dLf4af8FVbz4TanfXcNv8SfhlqmmWNng+XPqFpJDqMcjDHVLe2vAD28wjvX9PTMyncGFEtGB/Gj/wAFcf2eX/ZO/wCCn/xy+BUenWtnZ6f8QLzUNFs7Nt0dvpmobdRsYx7rbXUSkdiCO1fPbDf0+tfrF/weI/Ar/hBP+Cg3gn476faWsdt4++HUdvdeQuJJrzTrh4nlkPcmCe1Qe0PsK/J2JiwzWsdYgfUH/BDuNf8Ah7f8BSB/zUaz/wDQZq/sTicFFFfx4f8ABDwuv/BWv4DngZ+JFlj/AL4mr+wqCT5VPtUT3A/IP/g8rUf8MIfD6Ru3xIX/ANJJa/m/h5UYr+kD/g8nkz+wX4B+XP8Axcdf/SOav5wbU/uxj+VVT+ECT5e1RSOAMD9Ke20dBUMjHditAI3x3H1qGQjp71JI5zwfaoWY9SaAI2PGDUL8nOPwqWTGM1C+ScDrQBFIR1HWoX61NIdvf9ahc5bioYCDriv27/4MkGX/AIap+NHr/wAIBY4/8DTX4iDJOM1+3f8AwZIFV/ar+NKsOvgCxx/4GmsgP6QKKKKACiiigAooooAK/j9/4OgAf+H53xzwP+W3h3/1HNLr+wKv4/v+Dn8Y/wCC5vxzb/pt4d/9RzS6APgQdamiqIZzUsXA61pEC1Efl5qdD61XjII5+7U6HOOK0AmTOamRuwqFc5/pUiMA1AEu47WyvY1+3P8AwZnfGFo9d+N37PVzqVvGrW+leI7G1Zv3kzhpbaZgP7qqYc+hYetfiJnKk19d/wDBB79tXR/2Df8Agpx8P/ip401A2/hPxJJL4S8ZTMyKtvYahtjW4dm4WOC5FtcORzsgYDk4qZ/CB/XJC+Ovfiv5wf8Ag75/Zpu/hf8A8FA/Cf7TWlaI0Wj/ABU8CwQ3+oNcBjPrWlsbaZdv/LMCyfTsZ4Y7yPutj+jpg68blPP3l7//AFq8B/4KZ/8ABOv4Vf8ABUD9lLVP2bfiZqbaTdrcLqHhXxJHb+bJo+pIrKk+zI3qVZkdcjcjHkHFZKXLqB/HnaTh4w2amFxnjFfYXxy/4N6f+Cuv7PfxAm8By/snax42tftRj0/xN8PQNU0+8TOBLuBWSBT6TpGw7gDmvrz/AIJu/wDBpd+0X8TPFmn/ABG/4KPa5a+A/B9vMssngXQdVS71vVVH/LOWaEtDZRN8uWV5JSNy7YzhxrzR3A/IN7gshwO2K/XT/gzYY/8ADbfxcOMf8Whj/wDTvBXxl/wW4/YO8L/8E4/+Cg/ij4AfDO1vo/Bd3p9lrXg1dQkaST7DcRkMnmMxaQRzRyx72wSVPFfZP/Bms7N+2z8Wx/1SOP8A9O0FTLWOgH9FkDZbGa/mU/4O3tA00/8ABU+3vJraN2uPh3pRdsYJwZl5I68AV/TPbsQeor8Q/wDg4i/4Iy/8FHP27f26bH44fsn/AAI0/wAVeGl8F2WnzXsnjTTLB47iN5SymK7mibow5AYHPXOQJja+oH4Mw+GtJblrCM/8Cb/GtrS7OGzgWGBAqr0UZr7ktf8Ag2Z/4LauA0v7I+kR+zfE7Q/6XRrgf2v/APgjB/wUb/YH+Bi/tD/tRfB/RdB8N/2xbaW8ln4zsr+dLicsI8x27Nwdp5B471Xuge1f8Gt7F/8AgsP4Tbdjb4N8R/j/AKFX9Q0LbmH5V/Lj/wAGtV00n/BYXwhyu1vB/iIcen2DP9K/qIt2GVBqZfEB+RP/AAdIf8FJv23/APgnZ43+A95+yN8cbjwzbeKbTxE+vaadKtbiG+ezl00xb/OjZhxcOuFK8H15H6b/ALGf7Tvgn9s/9lH4f/tSfD27jfTPG3he11NYVmWRrS4ZNtxauRwZIZ1lhfHAeJhX4uf8Hske/wAQ/sxsB/y6+M//AEPRa77/AIM7v21oPEXwc8cfsEeLNazeeFNRPiTwfDM3P2C7bF3CmT91Ln94FUf8t3Y9am3u3A/Sr/gqv+w14Z/4KIfsIePP2ZdasoG1TUNNN94Q1CWEM2na1bZltJ0JBZMuPKcrhmimlTOHNfx/xabrfhXWbvwt4p0mWw1TTbyS01Kxm4ktriJykkTDsVdWU+4r+4YsCNrHiv5if+Dn39hcfsg/8FCY/jh4N0doPBvxqs5tYtHjiCxW2tQMqahbDDE/MHguASqL+/KruKMacewHwTDd/JgDt61+h3/BqXJv/wCCukjFf+aO69+H+l6fX5yWdwJIck1+jH/BqRz/AMFcLgj+H4O68f8Aya0+mM/pkV/mwDX4Kf8AB5SuPjN+z6c/e8MeJcf+BWm1+8ySHfzX4Nf8Hl52/Fr9nWT+94f8Uj/yY0upW4j8h9KciJQKvPIc8GsrSZC0YOa0Cw6sT7UmUtjN1i0S5Zo5OjcMvsa/qY/4N3/iT4x+Kn/BHn4M6/431KS8vLTS7/S0uJZNztb2Wo3NrAGPUkRRRjJ5OK/lrvHBk/EV/Tp/wbMys3/BF34SOcf6/wAQL+Wu3w/pTA+yP2g9V8SaH8B/GmseDtSaz1a08I6lNpd2q7jBcLaSNHJg9SHCnHtX8VXgW3ji0WyiiG1fscbH6lAT+pNf2w/Fa1i1H4ZeItPmZgk2hXkbFeuDA44r+J7wPIP7Is+f+XOL/wBAWkhG5d8xgZ7V+23/AAZrSj/hHv2j1U/8zB4XJ/8AAG7/AMK/Ea8kOwV+2X/BmiS+jftJ5HA1zwqR7/6Fe0hn7cS53NzX8pP/AAXX+Mvx58Nf8FcfjVoPhT47eMtN0+PxDbNb2OneKr23hgU2NsdqRxyhVGeeAOTX9WbPyxNfyZ/8F742X/gsF8aZGGC2uWZGP+wfbVUdxHz5a/tJ/tbWlylzbftY/FCNkbcrR/ELU1YH1BE/Fcf4hv8AVNUub7X/ABBqt5qWoahdS3WoahqF289xdTyMXkllkclpHZiWZmJJJyatbVFUdVIe2ZSetMD+n7/g2VuvM/4JFeC0PHl+JNfX/wAqMx/rX3trQMujXEY/ihYfpXwB/wAGxMqy/wDBI/woT/yz8Xa+v/k/If61+gF/ltOlTP3oyP0pCP4lvHZ8n4weKIz/AA+LNQ/9LJa/qb/4NxIhB/wRa+BSbt3/ABI9SYfjrN+f64r+WL4kEp8avFiddvjDUl/K9lr+pv8A4NyZ1f8A4IufAlkHH9g6kPy1m/FOQH2H4/v7mx8E6vf2MzRzQ6ZO8MinlHEZIP1BxX4a/wDBoJ/wUz1zxV4q8ef8E+PjX4plvNR1ma78beCdR1C6XdcXLyBtUsxuILSO0gu1VQeFumbgCv3D+IeT4B1pVGT/AGXcf+izX8V37EX7Tni39iT9rrwH+054OupI7rwb4khurpIQSZ7XcY7mEqCNweFpFK5AOcE0oq4H9uKtjg1/OF/wds/sFx/Av9rHRP24fAukJDoPxWiFp4mWFcLFrlrEq+bgdPOgVCTgAvEx5Zia/oe+HHxE8KfFj4faH8UvAuqx32i+ItJt9S0q8hdWWa3mjWSNgVJByrDoSM14r/wVN/YR0H/gpD+wz45/ZevJbW11rUtON54L1O8crHp+uQAvZzOyo7LGZMRyFVZvKlk2jOKE+Vgfx1w3gMW6vvX/AINj/gX/AML3/wCCvvg/VrnSY7vT/h/oup+KdQEjYMDRRLbW0w9SLm5iGPxr4A1fRvEvgzWtQ8HeNdGuNM1jR9QmsdW027jKTWlzE5jlhdTyrK6spHYiv3I/4MwP2e90fxz/AGudX0lG8y40vwd4e1Dedy7Fe+1CLHoS+mtn/ZNXL4QP3XHynburyX9pr9gn9jT9sfUtN1n9qL9nPwx44utGtnt9LuNesTI9rE7BmVCCMAsAa9ZXlgcdSBX59/HP/g5s/wCCVX7P3xs8W/AXx3498ZNrngvxJeaHrx0/wTPNBHeWsrQzokm4bwsiOu4DB25GQQTAHvHwj/4JE/8ABNP4EfEzRvjJ8HP2OfB/hvxR4fvDdaPrek28sU1tIY3jJUiTBBV2BUgqc8jpX0dISRX5qp/wdi/8EdWKj/hZPjlQTgsfh7dYH/j1fe/wF+Ofw4/aZ+Cfhb9oH4RanNeeGfGGiQ6rod1cWrQySW8q5UtG3zI2OqnkGgD8tv8Ag8U+BknjT9hPwR8c7KOMTeCPH8cFw/lZkaC9gePG7HCh0UnJxnFfzi2s2U561/Yt/wAFlvgGP2mP+CWvxw+FsEMkl5/wgN7qulrb2/nTSXWnr9uijjXruka3EYxz+8OK/jisXZ41durDdjPrzWlMZ9Y/8EQNrf8ABWz4ChhjPxIsSPwWav7CIiQinNfx5/8ABDxl/wCHt3wDDN/zUixx/wB8y/8A1q/sISTKhTUz3EfkT/weR8/sDeA2P/RSE/8ASSav5wbViEr+jz/g8hJP7AngP/spEf8A6STV/N/CzFeKun8IEsj89ahkZQ2aVnyetRyYJ5qwGOecionOTgGnMcngVGzFuPf8qAI3Y+tRyZC4NSEgcVCxA/CgCNyWFRMealkHPNRMSTzWcgE/Cv27/wCDJIn/AIat+M5C/wDNP7H/ANLjX4id+a/bz/gyRU/8NVfGhh/D4Asf/S01mB/SBRRRQAUUUUAFFFFABX8fv/Bz+x/4fnfHT/rt4d/9RzTK/sCr+P3/AIOfsf8AD8/46Af89/Dv/qOaXQB8C81JGcjDGo/wpyZNaRAtRHOMmp1cg5DVWjY4/pUisQMGtALYkJb736VLGwwMVVjY4zn/AOtUivg0DLCtzgio5SwjzE5U9m7inK4xwaMqVwV60CP6Rv8Ag3a/4Ll/Dr9qv4L+H/2K/wBp3xrZ6P8AFzwvbx6b4dvNTuSieLbGNMQlXc4+1oi7Hjz+8CqyDJKj9XlWSFjHtK47Gv4VxLc2dxHfadcyW88LhoZoXKsjDoQRyD7iv0I/Y3/4Oe/+Con7Jvh2x+H/AIt8aaL8WPDWnqkVpZ/EWxee/toVJJSPUIWjuGJzjM7T7VVQoAGKylC2wH9VCtkZYVNEzhQF6dhiv5/1/wCD074kSqu7/gnf4f3BRuZfiVcgZ+n2M/zr57/at/4Otf8AgqB+0JoV54M+EN94X+D+j3hkR7jwbprT6s0DKVMRvrpnMZ5yJII4ZAQCHHSlyyYHuH/B5pP8EtR/ab+C+o+EfGun33ju18H6tpvjLSbS8WSXT7GK5gm0/wA5V5jZ5Li+wGOSEzgDBOX/AMGag3fttfFsHr/wqOP/ANOsFfkLrut6/wCLtfu/FPi7Xr7VtU1Cdp7/AFLUrt57i5kY5aSSRyWdieSSSa9+/wCCb/8AwUx/aP8A+CW3xZ1z4w/s3aP4S1DUfEHh/wDsfULXxhpc93bm385JgVEM8LBw6DncR7VXL7tgP7JBuFOJYDOK/mlP/B4J/wAFTwf+SR/Acf8Acm6p/wDLOnH/AIPA/wDgqienwl+A/wD4R2qf/LOp5X2A/pa8wg4Ffmn/AMHZcjt/wSKu+fu/EzQCMf789fmi3/B4N/wVSB/5JH8Bz/3J2qf/ACzrxT/goB/wcBft1f8ABS39ndv2afj54H+F+meHptctNVaXwl4dvra6863LlBvmvZl2kscjbk+ooUZAdr/wa0XBH/BYXwLmU5bwp4jHsf8AiWvX9SkLtuFfxZ/sOftnfGr/AIJ7/tMaB+1P8A7XQ7rxF4et763t7PxNZS3FlcR3VrJbyLIkUkTnCybgVdcMqk5GQfvRf+DwP/gquP3a/CX4DjnGf+EP1X/5aU5R1A99/wCD1ZTL4h/Zhyf+Xbxp/wChaLX5kf8ABKf9s6X/AIJ7ft9fDn9pm6vZIfD9lrCab43RGb59DuyIbtsKCXMSkTqg+88CjoTWl/wUp/4K4/tXf8FYdV8C337TvhrwLpv/AAr+LU00RPBOj3Vr5v277KZvO+0XU+7H2SLbt24y2c5GPmm/thPaGBxkMuGX1BFNL3QP7n0ure7hjurG5WaGSMPFNGwZXUjIYEcEEcg+9fHn/Bdr9gqP/goN/wAE5/F3w60PTVm8YeFceJ/A8ojzIuoWiOTEvI4mgaaE9f8AWAgEhcfht+z5/wAHTP8AwVI/Zz+B/hP4DeHfD3wl17TvB+h2+j6bqviTwrfyX0trAgjhEzwX0UbMsYRNwQEhQWyxLHsk/wCDvz/grCDu/wCFafArJ/6k/Vf/AJZ1nysD81tOupYoliuInjkUYkikXayN0KkHoQcg1+k3/BqE5k/4K2zZ/wCiOa92/wCnrT6/N3xZ4t1Px94z1bx5q9hp9nd63qlzqF1a6VaC3tYZJ5WldIY8ny4wznauTgcZNepfsJ/t7fHr/gm5+0Gv7S37O2neGbzxAfD91o0lr4s02a6s3tbh4nfKQzQvu3Qpg78deDmqA/suXO75TX4R/wDB5lCg+IH7ON1j520Xxav4C40f/wCKNeAp/wAHe3/BV9mynwy+BI/7k/Vf/lnXzH/wUX/4K2ftYf8ABVvVvBWoftP+GfAumN4Ch1KPRF8E6LdWnmi9a0M3nG4upy+PskW0LtA3PnOeJ5QPDNKm2RYzV03JI+9/9ase3l8pAKsi5J6tQUSzzF2z/tD+df08/wDBs0An/BFz4Sf9fHiD/wBP1/X8vsspPOce9fZv7FP/AAcKf8FBf+CfX7Nug/spfAzwn8KdQ8L+G5r19NufFfhrULi+b7VdzXTiSSG+iQgSTMFwgwoUHJBJBH9R/wAQUafwNrMMZ+Z9JulH1ML1/Ev4I2DR7Nk/58o//QBX6T3v/B2v/wAFXtSsp9Mm+HXwIjW4gaNpF8GamzLuUjIDakVJ56EEHuCK/Nfw/bnTbWK0EhPlwqm498AD+lCVhGpqE21eDxX7cf8ABmdMJNE/aTjB5GteEyfxsr7/AAr8PrmUMM19E/8ABOz/AIK8ftcf8Eqz40i/Zd8O+A9Qi8ey6fLra+NtGu7vy3s0nSIwm3uoNuVnYMG3Z2rjHOQpn9dsj4ziv5Qv+DgNUj/4K9/F4qPvX9gzfX7Bb17Mf+Duv/grHjzW+GXwGPf/AJE7Vf8A5Z18F/tV/tS/Fz9tX9ofxH+078bYtFg8R+KbiKa+tfDti9vZQbIUiVIkd5HA2oPvOxyTz0AcYknJNNnq1U9RmdoGCN71Kzd6gvMmM4+97Uxn9PX/AAbCrEP+CSXhjyx97xj4gLfX7c/9MV9/6mXjsZSvTyzX8p/7EH/Bwd+33/wTu/Z/tf2avgX4P+Fup+HbLVrzULafxZ4dvri8V7iTzHUvBexKVDdPkzzyTXrU3/B3l/wVdubWSFfhh8CU3KU3J4N1TK5HXnUiM/UEVPKxH5z/ABKLL8a/FgLdfGGpH87yWv6mf+DcKRT/AMEVvgWVP/MH1bn/ALjeoV/KRqOtaz4j1++8V6zJH9u1LUJry6MEeyPzZJGkbavYbmOB6V90fsX/APByD/wUH/YK/Zl8Mfsl/BjwF8JL3wz4Pjuo9KuvEvhvUbi+kWe7mun82SK/jQnzJ3xtRQFwMcZNNAf1IeOmLeCtWT+9ps3/AKLNfw26pZoNTvIlHK3Uo59nNfqTef8AB3n/AMFUtRsJ9NufhT8CFjuIWikI8H6oThhg4zqZH5givy/vp7nV9TudYvo4VmvLqSeVLeERxqzsWIVRwqgngdhRFcoH9HP/AAaT/t83Xx8/Yv1j9jT4g64s/ib4OX4Gg+YT5lx4buTvgBLOS5t7jz4TgKqRNbKATkn9aoXkRsoe9fxffsGft9/tG/8ABNX49L+0P+zLf6Wurtpc2najpevWss+n6layYJjniiliZwrKrrhwVZQRX2+3/B4Z/wAFWY8AfCr4E+n/ACJ+q/8AyzpOOoDv+Drz/gnu/wCzJ+2VY/theBdJaHwn8Yd76kIbfEVpr0Cjz0JDEAzRbZhwgJEmAxDGv1Z/4NifgbN8Fv8AgkH4B1DUNFjtb7xtqWpeJ7yRGz9pW4nKW8p9/s0MC4/2RX4d/t/f8HCn7b3/AAUn/Zo1H9lz9of4RfBmPQ9Q1K0v7fU9D8I30eo6bdW8odZrWae+lWF2XzIWYISYp5UyA5ru/gf/AMHV/wDwUi/Zz+Dnhn4EfDv4Q/A+PQ/Cei2+l6Wk/hDUvM8mFAiltmoqpYgZJCgEk8CnaXLYD+nTxx470L4ZeC9Y+I/iy7EGk+H9JutT1O4bpHb28TTSOfoqE1/Db4u8a+J/ih431n4k+Nr9rrWvEmrXOq6vdvjdPc3ErTSSH/eZyfxr9Gfjz/wdXf8ABTP9ob4J+K/gP4p8DfB/S9K8Z+H7vRdWvtD8LahHdx2tzE0M3lNLqEiKxjdlyUbGemcV+bkFukKLsX7owv0qoxtuBHPa+Wu5Biv6nf8Ag1e+MMHxT/4I6+EtBOpT3V94D8Wa34b1Bp2LFGFwL2GNfRVtr2AAdgK/lonbcnWvrj/gmv8A8Fyf21f+CUfgLxR8Lv2c9J8E6x4f8Va1Hq11p3jfSbu8S0vFhELywC3uoNhljSJX3bsiGPGMHLlHmQH9e0bR7tk0asp4ZWGQVPBH0xmv4mv20v2fZP2UP2w/ih+zf9kuobfwX471PStN+3f62SyjuX+yyt/10gMUgPcODX6An/g8Y/4KodV+EvwJA6fL4O1T/wCWdfnz+2X+118T/wBur9pfxP8AtWfGLR9A0/xJ4smhl1O38M2D21mGigjgUqkkkj5Kxrks7EnvjAEwjKL1A9d/4Iiv5X/BWz4A+/xO04fn5n+Nf2FgkLkCv4gv2ZP2iviB+yV+0J4Q/aX+Ftnpd14g8E67Dq2k2+uWrzWkk0edolRHRmXnkK6n0Ir9G2/4PF/+CppG1vhH8CP/AAj9V/8AlpTnFgfeP/B41Gh/4J7eCZmPzJ8TLcL+NrNmv5t4GyMYr7S/4KQ/8F7P2zv+ConwZ034GftC+Bfhrpej6Xr0eqwTeD9BvLa4eZI3QBmnvJhtw54CgnjmviiJwOaqEbICwW9+fSopGJO7PNI0gBqF3zwxqhoc23PFRu+BjFNaU5phk4x/tUAKWIHSoicZANLuJ69KYzAjbmkAyQktk5phyTTpD6mmHOeaiQgr9vP+DJHef2q/jRuPyn4f2P8A6XGvxDr9u/8AgyUB/wCGqvjNk8f8K/sf/S41mB/SDRRRQAUUUUAFFFFABX8fn/Bz4M/8Fzvjp/18eHv/AFHNLr+wOv5Df+DmbRPFz/8ABcT44ahpug30kct1oBhmjs2dWx4e0wcHBB5FTKUYaydioxlLZH57AE9BSiN8Z2N+VdVZ2XxjgAFl4Z1Yem3RSf8A2nWlDN+0Yp22+g+Iv+A6I/8A8bqfrWHj9tfei/Y1f5X9xxEayY/1bZ/3alCS8fu2/wC+TXeQXP7Uuf8AR9B8Vf8AAdDk/wDjdXII/wBsa6w1r4f8bNjgeXo84/klS8fg471I/ev8x/V638r+5nnSiXOPKk/79t/hUscVw3CW0p+kLf4V6tp/g79vvVE87S/BXxKlX+9DpF3/AEStC2+Dn/BSa/ObT4cfFx/+uWm6h/QVjLOMth8VeC/7ej/maRweKltTl/4CzyGO0vyfl0+4P/bu/wDhUkdhqjj5NKum+lrJ/wDE17Rb/swf8FSbsZg+Dfxqk9Num6n/AIVbtv2P/wDgrBeMFtfgJ8cnbt5ek6n/AIVn/rBksd8VT/8AA4/5lfUcb/z6l/4C/wDI8Qi0fXZm/d6DfNx0WxkP/stWo/DXilxhfC2qN9NMm/8Aia9wH7Dn/BXm7Xav7N/x4k7gHRdUP9Kmh/YH/wCCv7cf8MwfHpv93Q9T/wAKn/WHI/8AoKpf+DI/5kvB4pb05fczwyPwX40lf914M1lvppM5/wDZKsxeBPHZGB4D133xotwf/ZK9yT9gL/gsSeIP2Xvj9jrhdE1Snx/sAf8ABY6RvLP7MHx+467tG1MUf6wZL/0FUv8AwOP+ZP1bEfyS+5niEfgbx0/3PAOutj+7olz/APEVNF8P/iO4/dfDTxI3+7oNz/8AEV7va/8ABNr/AILIXSeYP2Yfjgv/AF0s7xf/AEJxWjZ/8Eq/+Cy2pjI/Zf8AjBzz/pMskf8A6HOKl8SZBHfF0v8AwZH/ADKWDxktqcvuf+R8/wAXw1+Kci5T4T+Km/3fDd0f/ZKmX4X/ABZY5T4O+L2z/d8M3XH/AI5X0haf8Ebf+Czl+B5f7LvxDBP/AD38QWyf+h3Yq4v/AAQ//wCCz14VEn7LPi989PO8YacMfnfVk+KeG4742j/4Mh/8kV9Qx3/PqX/gL/yPmtfhJ8ZJG2p8FfGW70/4Ri5/+IqaH4MfG9jkfA3xpg9z4ZnGfzWvpq3/AOCCn/BaW4Gbf9lDXdvfzPiBo8f6G/qRf+DfX/gtNM+X/ZRuuevmfE/Ql/nqFT/rXwx/0HUf/BkP/khfUsZ/z6l9z/yPmu1+A/x7nP7r4FeMcZ/i0CVf51aH7Pnx/WMu3wM8WqF6ltHI/rX0dH/wbs/8FkLk7p/2TLQN1/ffFTw9n/0uNKP+Dcz/AILAEbpP2UNN/wBxvip4fyf/ACdo/wBauGf+g2l/4Mh/mL6njP8An3L7n/kfOkPwB+PkoyvwW8TfVtPC/wA2qaP9nn4+SjA+D2ucescQI/8AIlfRunf8G3//AAVvvpFjuf2W9BtV7y3HxR0Agf8AfF2x/StWH/g2g/4KuOQW+BPg/wB/+Lm6Tx/5Epf60cO/9BlP5Ti/yZX1LGfyP7j5iX9nT49r8x+EmrL/AL8tsv8AOWn/APDOnx5zkfCy+UZ/ivrMf+16+rLb/g2H/wCCqFz87/CbwLF7SfEjTz/IGpl/4Nf/APgqNvxJ4A+HkX+/8RrP+kZqf9auG1/zFQ+8f1HGPaDPk4fs7/HTdtb4bXA+uqWI/wDbilj/AGffjZK3lJ4EXcTgKfEGmj+dzX17bf8ABrt/wU8dcHw18Mk/3viJB/SA1bt/+DWv/gptMNjaT8Ko93ZviBHkflamp/1r4b/6CofeP6jjP5GfH/8AwzZ8eI13yeAI1Vev/FSaX/8AJVDfs8/HAgEeBoeP+pm0sf8At1X2RF/waq/8FMJI94j+Ev8AuN4/5P8A5JVP/wAQqf8AwUxVA+34RHnp/wAJ6eP/ACRo/wBauHf+gmP4/wCQfUsV/J+KPjJf2ffjdGMt4Htx/wBzRpX/AMlVKvwI+NML7G8GWf8AwLxbpP8A8l19mp/wap/8FL1I3D4QHP8AF/wnrcf+SNWoP+DUr/gpSwy958GV9j46m4/8pxpf62cOf9BMfx/yF9TxX8v4o+LU+A3xpY8eDrED/a8YaQP53dPX4A/G1ztTwbYf+Fpo3/yZX23D/wAGn/8AwUoYf8hv4Jr/AL3ji5/pplSr/wAGnP8AwUlk+Q+Ifgio/wBrxtdf00un/rVw69sQvuf+QvqeI/l/FHxA37O/xzjUyP4IsQP9rxlow/8Abymr8Avje3Twbp34eNdHP/t3X3Ev/BpZ/wAFJB9zxd8Cz/3Ol9/8qafL/wAGln/BSXbu/wCEw+BJOeceNL7/AOVNH+tPD71+sL7n/kH1XEfy/ij4Yb9n743P9zwfpvvu8baOP/bumP8As+fGwcf8IlpY/wC540b/AOS6+5z/AMGmP/BSDjzPF3wLj9/+E0vv/lVUUn/Bpr/wUZ3Zbxt8C8e3ja9x/wCmqofFnDi/5iY/c/8AIaweJ/l/I+G2/Z8+NW3YfC2k59P+E40b/wCS6jH7P/xnzg+FtK49fG+j/wDyXX2/J/wahf8ABSCJykfi34Gso/iHja7wfz0wGoW/4NRf+CjxyD4u+Buf+x3u/wD5W0v9buGlviY/j/kP6jiv5H+B8Rt8B/jIw48L6Wcf9Tto/wD8l1HL8BvjNtz/AMIrpx/3fGGkn/26r7el/wCDUP8A4KPovHjL4Ht/sr43usn6Z00VXk/4NR/+CkTLhfEXwVX/ALnq4/8AlfR/rhwwt8VH8f8AIFgcZ/Iz4fm/Z/8AjMyKw8J6f/4V+k//ACVUa/s//GgdPCFic/3fFulH+V1X243/AAak/wDBSHHPiz4Kj6+Orj/5X1HL/wAGpX/BSNW/d+K/gtJ/1z8dTgfrYChcZcL/APQVH8f8iv7Pxv8AI/vR8Tj4A/GgMYl8G2Zb/Z8U6Wf/AG5pr/s8/GzJz4Mtf/Cp0v8A+Sa+0Z/+DVr/AIKTwy7V1r4OuOvmL48fH62QNJL/AMGq3/BScDzE134PNlfur49f8ubKj/XLhf8A6C4fj/kCy/HfyP8AA+L/APhm745vwvgWHnpjxJpvP/kzSSfs1/HgLlvh+v8A4UGnf/JFfY8n/Bq5/wAFMFDKt18JW/3fH/8Aja1WuP8Ag1r/AOCmkKEJb/C2Qr/CnxCiyfztxQuMuFv+guH3/wDAD+zcd/I/wPjt/wBnD46f9E9LH0j1qwb+U9M/4Zo+PsgLxfDG6Yf7N/aH+U1fXE3/AAa8f8FPiDs0D4asf9n4iW3P5xiqlx/wbBf8FSofmTwX8P5f+ufxIsR/6EBVR4x4Xf8AzGQ+8P7Ox3/PtnyVP+zh8fIZPKf4UaqWx/yzaFv5SGov+Gavj8x3L8HtcOeflgRv/Z6+qbv/AINmf+Cq0Bynwl8Gyf8AXP4maV/WQVRk/wCDaX/gq+hyvwS8Lt6Bfido/wDWeq/1w4X/AOg2l/4Gv8yf7Px3/PuX3Hy7J+zx8fIwS3wW8SH126cW/kar/wDCgfj5K/lp8EvFbN0+XRZDX05cf8G4P/BXq3bbb/st6XN6eT8TvD/P53oqE/8ABuh/wWPhO6L9keDI6eX8TPDpP6X9X/rdwr/0H0f/AAZD/wCSJeBxq09lL7n/AJHzJd/AL4/Wq7rj4FeMeT/D4dnb+S1Ul+B/x0HLfA3xp/4S91/8RX1FJ/wb6/8ABZ2zGW/ZNulH/TP4iaGcflfVXk/4IN/8FnbT/Vfss6uuP+efjzST/K9o/wBb+Ff+hhQ/8Gw/+SKWX5g9qUv/AAF/5HzC/wAEvjiP+aI+Mv8Awl7r/wCIpp+Dnxpi4b4M+Llbvu8N3X/xFfTUn/BD/wD4LMW48xv2YfE3/bPxjpzH8heVTn/4I0/8FkbMsX/Zj8dDb/zx162f/wBBuqf+t3Cv/QfQ/wDBsP8A5IP7NzD/AJ8z/wDAX/kfNr/CX4uL/rPhJ4qXvz4duRn/AMcqvL8MPikq5f4Y+JFC9SdBuP8A4ivoa7/4JW/8FiNMRpH/AGZviltX/njcM5/8dlNZ8n/BOT/grvbjd/wzR8Zst/ds7s/yc1rHijh2W2Nov/uJD/5In6jjv+fUv/AX/keA/wDCu/iIAS/w+138dGn/APiKhl8E+OIW/e+DNYXn+LS5h/7JXv8AJ/wT4/4K9W7bf+GbfjYGxn5dPvj/ACaon/YU/wCCvFk/P7OXxzU/7Ol6j/SrXEmQf9BdL/wZH/Mn6ni/+fcv/AX/AJHz/J4V8Vrw3hbUvx06X/4mqk2ja3BIyPo92rDrutZBj/x2voOT9iX/AIK3O25v2ePjmxHdtH1Oo2/Y6/4Ky2q4f4B/HCNf+wVqYxT/ANYsh/6C6X/gyP8AmUsDjn/y6l/4C/8AI+eW07Ugf+PC4/78N/hURt7rvbyf9+2/wr3+X9lr/gqhbttl+CvxpX5sfNpepdfyqtN+z1/wU2tX8q4+EXxeVv7r6Tf/AOFP+38lltiqf/gcf8x/2fj/APnzP/wF/wCR4M9vcY/1En4oaaYrgc+S3/fJr2y5+C//AAURt28u8+F/xSB7rJpF6f5rWZffDr9uGzb/AImHw++IEZ7+Zotz/wDEVpHOcrntiIP/ALfj/mJ4HGLelL/wFnkjRTA5Mbf9803y5P8Anm3/AHzXpF3pP7VtiNt/4W8YJ/120eb+qVTlb9oyLibQfEij/a0WT/43WyxmElqqkX80YvD1o7wf3M4PawPKmv24/wCDJJ8ftWfGdc/e8AWJH/gaa/HW5T42OC934e1j1Jk0Vv8A43X7Nf8ABlbp+uQftW/GW91fTJrfzvANkFaW3MeSL45wMCtI1qUnaMk/miZU5x1af3H9GVFFFaGYUUUUAFFFFABX4D/8Fd/jD4N8Af8ABSH4saR41+Imj6HNHrGnSww6rqSQvJC2j2BWRAxyy53LkfxIw7V+/FfL/wDwUg/4JD/sZf8ABT7wM+hftBeBPs3iK3t2TQvHWh7YdV0xu21yCs0frFKroQTgK2GHzfFHDtLibLlhKk3FKSldJPZNW19T2cjzipkmMeIhFSumrNtbtPp6H4Y237Zf7PyEbv2tfCMf/cwOMfklWoP23v2cbc7pf2wvDA9fL1y6Y/8AjsVcL/wUW/4NVf27/wBkuW+8afs5ofjH4Kh3SJJotqItZtYgC372zyfMIA6wlicjC5OB+YsvhjUtO1i58P6tY3Fle2Uzx3lreW7RSwSJncjqwDKwwQQQCDX5zU8H8ljrLEVF8of/ACJ9jDj7MJO0aUfvl/mfsFaft8/svpkyftf6L8v/AE+ajz9MQU4f8FGP2VbU5m/a0sTj+5/azZ/K3r8xL/4QXGg+E/DuoXiss2qaUl6UK9FkOV/8dxVP/hALiYDIZfSvIj4Z8Lyu/rFRq7X/AC76O38h3y4szh/8uodP5v8A5I/Ulv8AgqH+yTYyLHL+0xeScZ3Wuka1Mp/EQU2P/grn+w7bt+//AGo9Q3Z+Zf8AhG9aJHt/qxXwD8HvhSviHw/5rlmmsb5opPl+jL+hrwf4/wDw+vfhh8Xtb8H3sDR+Tdebb7v4oZFEkbfQqwNa5b4Y8JY/GTw3tqylFX0lT1V0v+fXmvvOTHcWZ1hMPGsoQs3baWn/AJN5M/YqH/gsf+wTEVht/wBo7XLqRv8Alnb+EdVbP/fW2rjf8Fov2EtNCT33xh8XrETjzP8AhB7srnHT5p1r8TfAmp2GjeNNJ1XVlLWcGoQveKvVod43j8VzX0d8ev2b59L+GviCbTLV5LjQwt4vl/xwpIFkb3Ajff8ARc1pjvCrhDL8ZSo1Ktb947JuUO6X/PvpdfeZYXjDOsXhqk4wp3j5S7X/AJvJn6VW3/Bcz/gnhBJmb4zeMsYxn/hXs7Z/O8FXLX/gvT/wTnsHaQfFLxxcbscJ8OmXH/fV9X4S0V7f/EF+E/8An5V/8Ch/8rPKfHWdPpD7n/mfvdB/wXp/YcQrJZr8S7pGGVkj8AxKCPx1GrkP/Bf39iG3i8tvD/xUcgdF8C239dSr8QPg18UdK8JaxHpnji1kutHmYLJJCMy2vP30H8QHdc8jpzX238O/2TfDnxL8K2/j7wFq1rrmj3Jwl9p8gkRG/uSd43/2WANfKZ14e8K5DUX1iNTle0uZWfldR0fk/ke3l+fZpmkP3c48y3Vldf8AA8z7im/4OI/2ENHt2u9Q+H3xcWOPG+RvBNgF+vOp1Y0//g5c/wCCd19KLHTfAnxauJCMrHF4P04E/nqNfHt5/wAE/dJ13SrjQtQsNkd7A0LybTmIsOH/AAOD+FfAM3gnVvgF+0e3w9+JlkbS48P+JBZazHMDhYxJtdvdSh3AjqCCK0yLgjgTPIVlRVT2kFe3Puvu76P1XcxzTNM+y6pTc5Llk7X5Vp/S/I/dRf8Ag5E/YagK7fgZ8aJvT/im9KX/ANvjWP4o/wCDof8AYV8L3UdrP+zn8YGlePftkttIgwp6Hmd85/CviOb9ju5TWf7MhslkX+0PsqzR8gkvtUj2PB/Gvg347avY6x8XNefSGDWNtqUtrYsp4aGJiit/wILu/Gr4b4H4Kz7EyhThNqKu/ffV2X36/cRnGYZvllFSnLVuy07b7f1qftwv/B11+xJASYP2W/is/P3W1LSVz/46az7z/g7K/ZYjuGbT/wBjz4jSr/D5vizTY8/gLVv5mvhv/glF/wAEd9S/bf8ABmq/GD4tz3mj+EbxbjS/CN1bEia81BcB7pR3ggYhWz99yUHKsR8k/Gv4DeM/2evjT4o+A/xQ0eaz17wnrU+m6lAylcvG2A65HKOuHVujKykZBFe5gOB/DbHZrXy6gpSq0bcy55W17O+tnpLs3Z6nj4jNc+w+Fp4mpZRne2/Tvr16dz9j5/8Ag7l+BdsP+Jf+wv4xm9rj4i2cf/oOnNVaT/g8D+H8DZs/+Ceetyf9dfi5Cn8tINfi/F4Y0xgN6y9P+eg/wqxD4W0Zm+a0k/3fOP8AhX0dPwt4Jh/zDt+s5/pJHmy4gzSX2z9mI/8Ag8a8NQ/c/wCCcGoN/vfGhR/LRqlj/wCDyjQkz/xrXu//AA9X/wB56/GqLwp4eb72nyf+BDU248JaHG+0WEij/rua6I+GfBK/5hf/ACep/wDJnPLOMyl/y8P2aX/g8y0hOn/BNOb2P/C6j/8AKemt/wAHmWllty/8E0pPx+NTf/KivxttvB/h5m2yWLNn/pu3FXoPAXheRSBpbMw7faH5/Wq/4htwX/0C/wDlSr/8mT/auY/8/H+H+R+w3/EZppeeP+Cacn/h6W/+VFPH/B53p+f+UaMn/h6m/wDlRX49R+AfCLjP9lsSP4ftL/41etfhz4FmKl9Dfr2vH/xo/wCIccFr/mF/8nqf/Jh/amYf8/H+H+R+vC/8HoFkDz/wTRk/8PW//wAqKcf+D0a2/h/4JpMOf+i0P/8AKmvyZtvhB4BnGRoXy9m+2y/keau2/wAEvhxlVuvD8i7jhWa+kCt9DnGaP+Ie8Gr/AJhv/J6n/wAmL+0cw/5+fl/kfq0P+D0mNRhf+Camf974zP8A/Kmj/iNKGcj/AIJqL/4eaT/5VV+X2n/s8/C24k8l/DUnmEZEcmoSqT9Oea0Yv2ZPhC0u278PXVv/ALX2yZl/nR/qDwav+Yb/AMnqf/Ji/tDHP7f5f5H6Zf8AEai6jan/AATUT/gXxkk/+VVOP/B6vdE8f8E1IB/3WGT/AOVdfnRpH7G3wa1qJW020SdujIusShvyNa1t+wx8Il/4/PB2oH1aHUpWH6c0f6kcGx/5hv8Ayep/8mH1zHP7f5f5H6At/wAHq98ef+HbEH/h4Jf/AJV0g/4PVr/OT/wTYt//AA8Ev/ysr4KH7EP7PTLiXw9fRH1a/uAR+dS2/wCwx+zWDmeG9b66hL/Sj/Urg/8A6Bn/AOB1P/kx/XMd/P8Al/kfdkv/AAeo6jJ0/wCCbVqP+6vS/wDysqIf8Ho9+V+f/gm7bFv+yvTY/wDTbXwtdfsQ/s4W8e6HRbqX/a/tiVcVh6p+yJ8B7InZ4Tm246/27KD/AFqf9RuDZf8AMM//AAOp/wDJj+vY+O0/wX+R+gb/APB6JfMMf8O3Lfr/ANFel/8AlZTf+Iz24I+b/gm5D/4eCb/5W1+bmofs0/B9J2XT/Btw6jsNSnf9RWbP+zX8P1YkeD5o1z/HqMg/maP+If8ABct8L/5PU/8Akx/2lmH/AD8/Bf5H6Zf8RnM+d3/DtuHP/ZYJv/lZS/8AEZxKWyf+CbUP/h4pv/lZX5jP+zr8OoTvk0BdvXb/AGlLn+dQT/Aj4Yxx7/8AhFZB7/b5v8aP+Id8Ff8AQL/5PU/+TD+1My/5+fgv8j9P1/4PM0BPmf8ABNeNvp8ZJf8A5WGkl/4PLrd/u/8ABNYD1/4vNL/8q6/LC5+Cvw9XIi8OyL/2/SH+tVH+DfgQDCaJJ/vfbHo/4hvwS9fqv/k9T/5MP7VzL/n4/wAP8j9Wv+IynTimG/4JptkenxpkH/uKpjf8HkemHj/h2q+3/stUn/yqr8nrv4S+B7f/AJhEn0+2PzVSX4b+CQdsehTH/t8ep/4hpwS/+YX/AMqVf/kx/wBr5n/z9f4f5H62D/g8j0wvl/8Agmq+P9n41Sf/ACqof/g8f0ORcN/wTTn/APD2P/8AKivyJn+HXhaMZGlP/wCBLVnT+CfD6kiPT5P/AAINL/iGPA//AEC/+VKv/wAmH9sZl/z9f4f5H7Bn/g8V0DGF/wCCa91/4exv/lRTR/weHeG3GJf+Cb98v/XP41A/z0evx0m8JaMv3LFv+/xpjeE9JRfmtGH1lNL/AIhbwK/+YT/ypV/+TK/tzNP+fr/D/I/ZAf8AB4F4Ldtsn/BOzVlXHVfjFGTn8dIqS2/4O7/hVPMBqP7AHiOGM/eeD4qwSMPwOlqP1r8ZZPDGno2Psjf9/DTG8O6avyi1b/v4azl4U8DS2wr/APBlT/5I0jxBm0f+Xh+18P8Awdo/syT5+3fsV+PIv7vk+NLCTP52gq5H/wAHXv7G9wFN5+yZ8UIv7wj17TJB+sS1+Hr+H7NUZhC3/fZr6J/4JOfsMaP+3V+2bpfwn8YWl5J4T0jSrzX/ABctjdeTNJZWyfLAj4O1pp3ghyOQJGI5FePmnhjwDleX1cZXpTUKcXJ2nK9kr2V3u9ku53YbiDOMRXjSg1eTSW/X5n6fH/g6i/YQu1xd/s1/F2Pn+C40h/5uK0tN/wCDkz9hrxLp66nZ/s5fGVofMaPzI7XRn+YYyP8Aj5HPI/OvzO/4K7f8EvNX/wCCevxH0nxF4Nj1K8+HXjJZH8OahfYd7G4TmXT5pAAGkQEMrEKXQg4yGx4f+yx4p8P2vjZfA3jSRl03Wm8u3n3cW110RsdMN9w/8BPavIp+HPAeZZGszy+E5xavbnley+JW/mjrdd1ZXPRp59nGHzD6piJKLva/S/Tfoz9prf8A4OEf2GdQlCD4G/GiGRm2qP8AhHdKkyf+A3orLvf+Djj/AIJywTSWs/h34sQzRMyNHJ4P09iGBwRxf18mfCb9jyz1PxDpeq6iY4rNbpJ5JGU7REn7xmPsFUk+wr8/vgj8IfGn7SPxt0P4ReCLFrjVvEmqCKP0jXl5Zn9EjjV5GPZUY9q8rJOBeA83+sTfPGNGKlJ8+iT5rttp6JRdz0s0zbPsv9lGLTlUbSVl0t+dz9uJP+C9H7C+p2i3Vt4P+KypMu9Wk8C2Z3Keh41Cs2X/AILffsLzfd0r4mRdz5ngG3x+moGvl7xD+wFd6QRZ6VbzTWsCLFBI8W0uigKGx7gZrmdc/Y1XwxoN54w8Ty2uk6Lp65vtW1OTyreD2LNwWPZRlj2BrwafDvAVbSDqavT3tddl8O56/wBaz+lHVrTfRf5n17e/8FsP2DUiNxqGq+PLWBR8003w/G1f++b01ny/8Fsf+Cdcv+o+LXiWP/f8A3C4/wC+bg1+Q/x9+JPhjxJrH/CM/DqSVtFtXObySPy2vJP7+3qqDsDz3OOlec195g/BvhrEYdVKsq0G+nNG6XS94Oz8uh81iOOM0o1nCnySS62f4Wkj9un/AOCyX/BPS6Bk/wCGhNWhb+6/gfUcn/vkn+dRw/8ABWn9hfUkkudL+OOvXIVsO1v4J1IgE/lX4k19k/sw/svf8WX8O+JvEcLQtrxm1e4aQY8mxViiufQFIXkH+ywNefnXhXwfkuFVadatq7Jc1Ps3/wA++yOzLeMM8zCu6ap09Fd6S7pfz+Z9w3n/AAVo/YVhdraf9o/UraZTiSC48J6urKfQ4jP8zWRc/wDBVj9iCQBLX9pW6kZmwqr4d1cE/wDkCvyA8ba+virxjqviWODykv8AUJriOL/nmruSq/gCB+Fdx+yB8Hbr45fH/RPBSW0klrD52o6o0an5LW2iaaQk9shNoPqwHeu6t4Q8J4LAyxNatWSjFyfvU9LK7X8M5qfHGdV8SqVOFN3dlpLq7L7R+ol7/wAFKv2UhGWuPj1qlui9ZJPDusYH5W9Vf+Hi37Juoj9x+1BIv/XTSdZXH/ktXy/+0f8AB6Pwl4CjupLfbNqWpJDGuPq7Y/SvK1+FmxMCI9Ou2vmcJwRwliMOqntKq1aXvU3tb/p2fQVOIM6p1OVRg9O0v/kz7y/4by/Zju/+bsLKL+6bldUhz/31AKcf21v2a7mL5P2w9AB/uyaldr/OKvz3+Jfwo+xfDyHxnDbt/ousJZ3TY4AlVth9uRiuM+FPwR+Lvx6+I9n8Jfgp8NtY8VeJNQYrZ6LoOnvcTyAYy2FHyoM/M7YVRySK9vA+GHDuOp89KvU0bX2On/bnocOJ4xzXCS5Z04f+Tf8AyR+lN/8Ate/s+TlhH+1V4alHoNal+b80r7x/4Ns/F+hfEb9p/wCIHiLwT4ns9c0+x8Cw291qWmzeZDFK99uWItgYcqC2PQV8zfsE/wDBnP8AG/4nWOnePv28vjMvgLT5Wjlm8G+F4ku9UePIJjkuGPk2zEHGQspBHTvX7xfsnfsa/s0fsPfCq1+DP7Lvwl03wnoNvgyRWas813JjHnXE0haSeQgcvIzHt0wK+v4f8O8BkOZQxlKrJuN9Go9U10S7nz2b8XYnNMHLDTgknbVX6NPq32PTqKKK/Rj44KKKKACiiigAooooARhkdK/mW/4Oo7XwH8VP+Ct+nfDT4U+DrGz1608F6PpPijULCxWKbUdTvJ5ZEeZlA81o7WW3UM2WAO3OFAH9NLnCEk1/L5qM/wDw13/wXb+InxEkaS4sbTxR4k1qP7R822OwRbS2Az0AkMePTAr5/ibM45TlNTEP7MZNedk3b52t8z1smwn1zGRh0uk/m0jxj4//AA2gu/ilcaHp9qv2XQbO20uFYx8v7qIZx+ePwrmYPg/Kw3taHp0C9K+l7/wGl9rF9qckO5rrUJ5SzdTmQ/0xVi0+GsbsB9nH5V+Aw4hnRoxgnskj9QeXxlNya3PJP2Rvh2s/xZ8RfDO/gxJfaHHq+mjb99oX2Sgep2uD9BXAf8FiP2Ybjwv4c8D/ALR+k2/7u5aTwz4gjVR+7uIlNxZynufMhaaP2+x+9fTVt4bj+EXxr+HnxvlhK2Ok+I007XcDg2F6DBIW9lZ1b8K+mf24v2Ph8ef2VviJ8FrGxWTUJtGkv9DwuSdQss3EG3AJyyiWMY6iYjvV4Hir+zuI8JjXL3JWjPtb4JfcuWfrY5cwyyOIyutRtqldfL3l+N16H87wViM4PvxX6z/sd+GPDf7Q37K/hHx1rNp9ojvtFn8M+K1xy3lRGzmJz/E1s8bZ/vEmvykjtpEdopY2RlYq6suCCD0xX6S/8G/PxVs9d17xx+yXr5Vpr6w/4SjwzHIw/eSWqhL2FcnJY27CYKo6W0hNfrHiZha0+G3jKPxUWpO2/K9JfddS/wC3T4vhXEQo5kqU9pq3zWq/VfM/PL4zfC3xF8Evit4i+EviuBkv/D2rz2NxuTbv8tyA4Hoy4YezCuaAzX6I/wDBwP8AsrH4cfGHwj+0poGmbdL8eaa9hq00a/LHq1iEVw2BwZLd7eQEnLESY+6a/PuGyIIaL7w6Mp5HvX03DGcQ4gyGhj47zjr5SWkl/wCBJnj5ng3gMwqUP5Xp6br8Cv8AZmPykqv+8cfzrvf2fv2ivjv+zH4y/wCE4+B/ju80m6Zdt7axES2t9D3iuIGzHOn+y6nB5GCAR+4//BKb4+fAf9vP9lXR9V+IPwb+H+uePPA9vDovj611zwTYXUtzIi7bfU980TM/2iJV8xicidZMgBkz9X3n/BPz/gnl8ZLCGw+If7FPwzdmGdtn4Vi08v8AR7XyyfpmvzHM/FbB4fGVsszXL2uVuM1zRkmvRximmrNd00z6PD8MYmVGGLwldO+qaumn8tmj8kP2c/8Agt18EfGZt/D/AO1X8LJvC122Fm8ReELc3FmW4G97V28yMdc7GYDsO1ef/wDBbnwB8APiTpHw/wD22f2aPiZ4a8W2uu27eHfG194e1OOR0vLeMNYSXVucT28z2g8oiRFyLRe5yf02/aH/AODXD/gn18adMurv4K6r4m+GOtSlpLeawvv7R09WI+VDbz/MIwecJIG96/G3/go3/wAEff2x/wDgmd4hVvjZ4Rg1bwjfXPlaH8QvDcjXGl37bQ2xsgSWswBIMU6oSVbYXUby+E6fBmNz6njsmrToVFfmpS2lFqzSu297NWk0mk+XQWa47OPqLwuMipx0tJbprZ6afhe3U+wvBHxg0zUf+Caug/tSWWsss+heD2g1pTmSRtY09RaKpI6NKWtJST08w56V+Wnwu+G3iP4vfEjw/wDDLwrayXGqeJNZttOsYo13O808qxqAO5y1fbP/AASj0u4/at/ZZ+O3/BPCHVymu6x4ZfxP4Ctt3zXF9ajL2ykjaqyOlsGOc7STztri/wDggz4A0/x3/wAFcfgp4d1+1by7PXr3VTG3BWaw066vI8/SSBePavS4fp0uFf7d/not1Ev+nTg6lO3dJ88fWLDOMVUzangG9muV/wCPmUZfgov5n9Dv7Pf7N3gz9nHwf4H+BngexjXTfCOj2+l221flcRAmaX3MkpkkJPJL85r8mP8Ag7D/AGddI8F/tXfDr9pnw9p8MLfEDwbJp2vfZ7XaJb7TZFjSeR/45HtpoI+edtsO1fth4elS61e3uM5bcwVvXrn9RX5k/wDB2vLpb/su/BhJZU/tD/hYOpGEEjf5IsBu/Dds/HFflfhhjq8eMac5Nt1OZSfe6u2/nr6ntcUUILLVG1uWyR+H9tC7R7o0J2rlsc4FWrWLJUgV+sv/AAQc/wCCNXwI/by/YH+KHxG/aC8OMt74s1waR4C8UWtwVutCks4dxuohjp58wV1OVkjVlIyAR+Zvxs+BvxJ/Zn+M/iX9n74waQtj4k8I6xLp2rQxsWjd0PyzRkgbo5F2upIBKsMgHIr+lMDneBx+YYjB0379FpNd7rdej0fmfntTD1KdOM3szmPsXQoKnSxF8vkOAGXlPepbZSf3T1Y+zsvzg/MvINevc5zOgtMOY3XaynG01bti8E2SdrD7pbv7VpPpv9r2xv7KP/SIR++hXqV/vCo7W0i1KP7M42Tf8s2P8Xt9aLgSGyS8jN7Y/LKv+siA5B9abZMPM2qMP/FG3f6ehqKCS50y68qdmjdeA39DV/ZZ6svmIyw3C8g9mpAaOm3DJzANwC8xsPmH+NbNlqEbpsjx833opFyrfhXM2t21vL9n1KA7h91x1HuPWte2MTr5ofeuf9bH94fUVDKOn0i8tAq225Y0z/x73GWi/wCAnqh+hFdfoupzaa6+eJI142/aMso+kg7fWvPrR3ZN3lmRe7xfN+a1q6RqU1m+201WS3/2eWjP1U8ispRuUeq6bP4c1ORZNU0q33drjyTx/wBtIv612Wi6dY+Qr6Pr0itj5VGo7h+Ui/1rxnS9a1e0fzfKhY5/1sf3T+K/1FdFpXjTVZRsn0wN6tFcKa55Qk+pSkeuWU3xEQbLfVbiRe3+jRTf1rTib4iTqRNJwe40Nc/zrzTw14qsNUv10rT7qWa++X/QdPM95cNnpiC3V5Dn2U817V4S/ZB/bm8Z3KL4N/YX+MWqRSR7o7p/Bc2nQMD0Ik1SW0B/DNcdWpRo/HJR9bL8zWKnLZM4/V9P8ZTjM80uF6f8SyFf61yWtaNqgYtPccjgkxoK991r/gmJ/wAFQbqBbiH9gPxzGgUnjxD4b3n/AID/AGsTXkvxN/ZD/bu+HVxMnxA/Ye+MGm2tvCZLjUP+ENkvrSNR3MunPcqOnc1hTzPLZS5Y14X7KUb/AJlOjW35X9zPMtY06MZ+16kx9EW4wD+AxWNd2NlGpdLaFf8AppMwP8zWfq3jews7j7BMscF02cW95C9vPx1/dTBH/wDHayr3xLPcHb9o2/7O0DH516sNUYMt31/DajdG34rHtH5nmsO+v57jd5UGf9pjgVDe6ogbczM7erHNZOoard3C7RIcf7NbRRmS3EkaH/SbhW/2V4FUL3UQRsiVR6bFqtKQgzNLjPvUTSxg8A9OmOTW1hDW3ztkr+YqvLG+75Bx3OKtNJbxJ5l04Vf4V7mqs00t5kww7I/eqQjPuzIT5ar8x9Koz2SQpmT7392tKZktwfLbLfxSN2q9p3hyOC0/4SHxLuht15hhb70x96oRz/8AYvk2Y1C8G0N/q1bv71nXEQd87f0rZ1i/n1ec3Eke2McRxjoq+lUvIUN84zQBmtZtnpUDW539K0LgMZdq5/Cu6/ZS/Zc+LH7Z/wC0V4X/AGZvgxp5n17xRqIgjmaMtHZQD5pruXHSOKMM7EkDgDIzmpqVI0abnN2S1Y4xcnZHmdzZNHEzFOqkjIr9tf8Ag0f/AGcLSX4WfFn9oPV9Pk87XdesPDtnKyjy3t7dDcTBe+RJJHn1wPSvG/8Ag4Y/4I2fB/8A4J9fAH4Q/GL9mjSriPT9PtV8JePrtlZm1K9w88OqSnkI8jmaM+o8pRgJX2//AMGql7Yp/wAEt714mTzo/i5rhkI6jMNpt/TpX5vxpnGHzHgmdaj8M5KL776rTToj2Mtozo5lFdVqv8z2j/goH+xH4T/bs/Y08Zfs5a7pkTX1/ateeFrpolaTTtctw7Wk8ZI+UsS8D4wWjndcgGv5Pdd0bXPCGv3WiatbSWd9p949vcwtw8E0blWXj+JWUjjuK/sy1vWl0XxVNFG+1Gud6j06Gv5Xv+CqnwYuPC//AAVO+L3we+H/AIcbdd/Eq6TQtLtl5cXUoeFFHuZR+dfG+DebyjUxWXTl7iXtFfZWfLJ/Nct/Q9zizBvmpYiK1lp/kfW3i/8AaHh8P/8ABMq8/aFu5hHf+JvCDaHois3zG+u99nMwxjBWJLlwRnaStcN/wRUk/ZD/AGYPhz4y/bE/ay+OegeGb7VIm8P+EdJklN1qk1ocNeTQWkIaX94Qlv5jKq7TINwBavL/APgrHrun/BvTfhp/wTs8LXCyw/CXwrby+KriPhbnW7yIXEp+ipLkc9ZmHBFW/wDgmP8A8ENf2rf+CkoHjy0urXwD8NbeUxzePPEVu7C6cdYbG2XD3bgnk5SJRnMm4BT6mWZPlK4Lr18ViPYUMVUc76KTo837uKvf4opS2btJqxpmeZYr+26cYQ56lGKj5e0t7z+T06ao9+/aU/4L6fBPT0udE/ZS/Z/uNcuTlYfEPjxvJhTjhhaQNubB7PJgjt2r89v2l/2wP2i/2tPEMet/HL4iXGpQ2eRpei26rbadpyk/dt7WILHHnuwXc2BuZjzX79fs+f8ABs5/wTM+DlnDcfEjR/E/xI1OLma58RaubW1kyOV+zWu0Yz0y5PrmvobS/wBhn/gnb8H9Hj8P+DP2LvhZCY1Cwx3Xg+2v5R7l7kSMT7k14OD4y8PuFZXyzCTqTX25Wv52crtX7JRT7GlbLuIs4XLXqWT+ytvml+tz+TMW0jIXRWIUZOFPFOjtjJ2NfuB/wcQ/tS/Df9nv9ny1/Yo+Dfg/w1ofiD4iJDeeJrPw9odrZHT9DikDxI/kIpU3EqAgHgpET0avxRgtFVRsH0r9j4Tz7EcTZUsfUw/sYyb5U5czlFfa2ja7uktdFe+p8lmeBhl+KdBTU2t7KyT7eZsfBX4O+JPjn8XvDPwc8IQyS6l4m1u306zVVyQ0sgXdj0UEsfYGv11/4KFeB/Cn7LX7G/jTxVokK2q2eg2fg/wrGuMKkka2iAA8/wDHtFKT7kmvEP8Ag3A/ZJuPin+0d4o/ah8RaQsmi/DPSUtdIlmX5ZNcvgyQ7cjDeVbpcysQco3k5++K6r/g5Z+M2jab4n+H/wCxt4buInuNOs28W+LkiYHyJ7lTDY2zYOVdbZXmKkfdu4zX59xJjamf+I2EyajrCj71S23SbT/7djGPrKx9DlcY5dw9Xxcvin7sfy/Vv5I/KHDMelfp1/wQf/ZWOqfCn4gftHazpzebrVxH4V0KRoz/AMeyFLq+dT0ILi0jyOn7wdzX5prYb38qCDezNtRR3YnAH51/Td+w3+x2v7N/7MPw1/Z6vtPWzvNH8PwzeJFkTaY9Quf9JvN/JG5GfyyQcfuq9Dxbzv8Asvh+GFg7SryS/wC3YWlL8eVPybObhPC+2zL2stoJv5vRfqfnh+3H4Fj1L48aH8HbG3/c+HtD/tTUlA6XFy37tT9I0U/jXn8nwaYLg2vX2r6Gj0c/GD4ufED46ypvh8Q+LriLSnP/AD42xEMWPYhOKv3Pw9VUyIB9Ntfjsc6qYWnCgn8KSf8AiesvxbXyP0mOBjUvNrf8uh84af8As63vxT+H3xC+DWnWhbUr/wAF3WsaBCo+aS907bdqi+7JG6/8Cr9GP+DM/wAQ/Dqb4QfGrwdZ+GLKHxVb+ItK1a61b7NGLi5026tXSCEyY3skc1tcnaTtUy5GCxz8/fBvS4/A/wC0Z4F8UzQbYI/EMdrecdbe4VoJB9CJKv8A/Bu1qUf7Kv8AwW28Xfs6XKzLZeINJ8V+FbKFOEWexvYtQt2YZ7W0Nyo75cepr9K8N88liMyq4aT0ajJeusZfhGH3s+R4swMYYaNRdLr7ndfmz+iGiiiv2w/OwooooAKKKKACiiigAooooAZcoZLeSNTgshAP4V/Lh+y94x0b9n7/AIKx+KNI+Lrf2Pb6l4g8UeEdaubrEf2OW5vvPtppM9EMkaqW7bxX9SXXg1+L/wDwcN/8EXPid4/+Il5+3v8Asi+Cm16bULJV+JHgzT4d11JJGuBqVsg/1peMBJohhsxpIu4l8fL8W5O85ymdFX1UlpvqrXXmt15ntZHjY4PGJy62/BniHjX4Q6x8P/Gl94N1mzaOa3nZo8r/AKyMnKuPUEVZ0fwWCykxf+O14n+yB/wUj8KXvg/T/gX+2i1/f6PpMPkeF/iFZwtJq2gxg4FrdKPmuIYyMBsF1A2sDgEfY3h/wNa6x4LtPib8PvFul+M/B9+AbHxZ4cmE1uw9JQuTC/qrYIPUCv5TzbBZlk9Z0sTFrWylZ8svR9H3i9V5rU/YMLisPiYqzV+x5l4y+Cdv8QvA+qeCpR5f9p2LwxyY+5JjKN+DAH8K+mv2Q/FGsfFv9nPwf8TZ/l12zt/7L14HlodVsW8mUN/vbEfnqHriNL0hVwO46Gtj9jy+u/hB+1b4h+DWoPt8M/F2zOu+G9zfJa+IrJNt5AvYG4tir47mDjvXlRnLFUZUeq95flJL1VpPyiXibU4+07b+n/APxN/4LV/sWwfsY/t9+JtD8KaY1v4N8bRp4r8FfKNsdrdkme0G3gfZ7oTwBfvbI42P3q8I/Zl+Oni/9l/9oPwd+0H4Fm8vVPCOvQajGhYhbmJWxPbPjBMcsJkidc/MrsO9fvT/AMHEX7Dsn7Rn7Dknxo8JaMbjxN8IZptZTyYt0s2jSAC/j7nam2O4wMD5HY96/nn2h0DE/L6/1r+rOA82pcU8IwhifekoulUT62Vrv/FHV922fj2b4aWX5nLk0V+aL+d/wZ/RZ+3L+zp4L/4KD/sE694P+GUaahaeJtDt/Fnw0vG27o9Qhhae05+bDPE89m4GT++PdRX850lpNY3L2d5bNDPC7JNDIu1o3BwVI7EHINft/wD8G2n7Ytv8XPgFrX7HXi3XMeJ/hozat4UWRjvu9BnlHmKuTybW5YHHGI7lcA7CR8c/8HBf7B8n7LX7W/8Aw0D4G0XyPAvxcabUrVbeL93pmtJj7fZHHC7mZbmMcDy59oB8tjXxnhzia3C3EuM4WxT0vz0m+ui2/wAULP1jLqevnyjmeBo5nT3tyz9f60Pmv9hn9tD4p/sE/tB6f8e/hhbw6gkcZtPEXhq+mZLXW9PcjzbaQjO0kDKSAEo4VgDgg/0nfsf/ALUH7P8A+2l8HLP4x/s++Kf7R0W5CC90+5wl9otyQCbW6jB/dyqcgMMo+MqSDX8qq7WTINekfsx/tXftF/sbfEeH4s/sz/FjUfCutRqEufsu2S1vosgmG5t5A0dxGcD5XUjgEYIBr6njvw9w3FkViaElTxEVZN7SXRStrp0kk2r2aatbz8lz6tlbdOSvTfTs+6/y/p/1qeGfEWseFCItStX1HT/+e1v/AK+L6qeGH0Oa2PiB4J+Df7Q3w01b4YfEbw5p3ibw3rtm1rq+ialHlZ4yOhU8ow6qw5U8g1+SP7Kn/B1N8EPE2iW/h/8AbR+A2qeE9aQBLrxF4Fh+3aXPheZPssrieAk8bFaVQOcjoPpbw3/wXc/4JPeKdO/tY/tU2+knblV1bQL62mH4CJv51+E1OFeMMlxCTws7raUU5L5ON0fVvMMozCPNzpP+un+Vj8p/26P2LfiT/wAG/wB/wUf8E/tJfBue81r4a3GuNqPhK4vGCyS2edl7ol03I80QSNH5mPnV1kADAgd9p3w08G/sif8ABej4L/tQ/CmZZvhd8atXbWvBeqQqBCF1azmtbiDjo0ct1yvUbwMCvuz9vT9pn/glf/wVH/ZD8Sfsxr+298O21q9tje+CdY1HU2s207WoVLWzs08SgRucwy/9M5WIwwUj84P+CbfxCX9r79mzUP8AgmV471m1tPid8M9cfxl+zzr0l9nGoWcm+60pZEJDK6CUqAWUq5cDMKZ+/lmGOzLKZ4/F05Qqwpyw+JUk05UaifJV11fsptuVrtRdR9UePSo06OJWHjJOLkpwa25la8f+3lp62P3X+G/iWJp7WFiGMVvKH/3vNYfnivxN/wCDqr9qfSfif+2F4T/Zs8M3UNxD8J/CpbXXt3Py6tqLLcSQN/CTFbraDI5DSOpwVIr7oP8AwUv8GfAH9lzXf2r/AB/Yw2l3pttdPp/hi8fbNNrJ2RJp7rkEkThi2MZjRm461+Hv7O82pftXft6eBYvjRfSaxdfE74zaSniy4mYl7v7dqsQuCT/tCRhXl+EmT4ijjMTmteL5aCcV5yt71unur8Wj0uM8RT5qeFi/is36dD+pz/gmV+zg/wCyL+wP8Iv2fNS0h9P1TR/A1lJ4itZsF4tWuY/td6jEdds8zoDzwgHavzF/4Oyv2K9P0e9+Hv8AwUH8GWUUP9qXq+DPHccYw0k/lSXGnXWAvOY4bmF2ZgBsgABJJr9k9U8Rm7jjv435m1WQgeib5AB+Qr48/wCC+2i23xA/4I/fGTRzNCs2l2Ok6vDJIuTGbTV7WQ7fQshdM+jEd65eEuIKkeMI12/40nzektfO/wA9fmcGYZe/7N22R/NTaeXJHvJ5q1A6x/JL8y9mr37/AIJYf8E5PF//AAVD+IPxC+Evw1+I9toGueFPh23iLQo7+132up3S30MAtJpOsCushxIAdrAZBGa8c+MXwp+Jf7PXxX1z4HfGvwVeeHPFXhy8NtrGi6hHiSFuqsD0dHUhkdcqysCODX9JRxFGVd0VJcyV2utu9j4zlly81tDMiE1jcrdWs3lyLyrD+XuKuXNtaa3Gb7TgIbpeZ7bOA3+0vtVGxZZoChO5e2eooEi2c/l3Ss8JP+sj+8nuK3INK3fTPEMQ0fWyLe6UYhuG7+xrH1DTdU8O3PkX0LDHCuPun3BrQ1fR5Vs11QOLyzk5W6i5wf8Aax0NN0XxhJYwf2ZrUH9oaef4XwZI19j3pCI7HW0mi8m6jWVOyt94fQ1ft1CfvtMuT1/1bcGmXXgmy1WJtU8CX6XEeMvZs37yP8DzWZ517p7+RewyRSL95JFo9AOp0/WVVtuoQtG3aaP+vrW5bXszDzXjW6jbhZoWG78Vrh7fXrhAP9GWYEfdr9Av+CNn/BF7x1/wUd1q3+N3xUuNW8JfBmxuv3upWJ8u+8UyI2HtbJ2H7uAMCslyATwUj+bLLxY/GYXL8M69eVor8X2Xn/WxrTpyqSUUeN/sffsV/tOftyeMm8G/ss/CC88QPBIF1PW7ib7HpOmZzzdXbAquApPloHkbAAXJFfsN+xv/AMGyf7M3wt0yz8SftjfEC9+KHiL5ZLjRbAtpnh+2fOfLWFD590BypeaTDjB8tDxX2F4x+IH7D/8AwSp/Zbg1TxLfeGvhb8N/Dca2un2cK+WskpHEUScyXVw+0k/edsMzHhmH4l/t+/8AB1V+1d+09ruofBD/AIJleAbrwTocheKTxtcW63OvXkRAG6IMDDpyHLjdh5fusHiYEV8dTzLOM+m1hIclP+Z9tNf+B26XR1OnTorV6/1/X6n7lWuj/sOfsCeDYrXTbL4c/CjSY7MRxlfselmWFO247XlA9y1fN3xg/wCDif8A4JA/DC+Ol6l+2BputTDn/il9FvdWT6boIyoP/Aq/nE8RfAL4/wDx58RTfEL9qT47atrGp3UhmurrUtSl1S8kc9SZJX2qTjk5NTWH7OnwK0FfKTQ7jUpk63Grao7E/wDAYfLX8wacuC8LjP8Ae60pX3tp+L/yHHGSp/CtfP8Ay/4J+8V3/wAHRv8AwSBkuhH/AMLV8WFf+ey/De7Cj823fpXReBP+Dh7/AII//EfV4tL0f9reHSZpOPM8ReG9R0uJPrLJFs/8er8ALr4UfCoR/u/Bumx4/uWv9S2a57Wfg38HLqFo5vDhhkOds9ndSRso+mSv5rXBW8LeG6ybjOqn35k//bTpp5zi6fRW9P8Ahz+pTUNI/Yn/AOCg3gBrq60/4c/FzQ7u3V2m22mqERE5U71JliBxxyp4r4N/bD/4Nrvgr410+68VfsRfFW6+H+uJuki8K+KpJdT0C8Y5PlrLzc2ByfvDz0AUKEHJH4i+GfCvxT+CHieHx7+zb8bdc8P6pZzLNZ3FhqUljcxyL0ImiIBI7EgV+h/7Av8AwdA/H/4OapY/Br/gpB4Ul8aaLGyxR+PNNt0h1yxjwRunRQIdQjHy5bCTYDsXlYgV89iuDeMuGb4jIsW6sVr7OW7/AO3XeMvwfZHbTzHLcZ7mKp8vmj5E/ai/Zi/aO/Y58bj4c/tMfCu+8L6hMzDT7uTE1jqagkb7W6T93OvB4BDDuorzJrwuSgLFvQV/UPb337HP/BSj9mxbyAeF/ip8NPEWY3jkXzoo5gqsVPSS0ukBVhgpIvykHGM/h3/wVk/4I0fEn/gnrPP8XvhlreoeMPg/dXuyHVrpM6h4dZ2/d29+UAV0ydi3ICqxxuCk4r3eEfEXC5xiP7PzGHsMStLO6jJ9lfVP+69+jexz5hk1TD0/bUXzQ7rp6nxrPcRpw8wX/ZXk1Gl1NsxaW23+9JJVOCZk5EUaZ/vU5riOQ/NI0zA/dHCj/Gv1A8Ik821jk3jddTep+6v406NbzULhbSFGuLhvuwQjgVp6R4G1jVIP7R1SaPTbAfeuLj5Rj/ZHer8vjHw/4RszpngLTjJM3EmqXK5LHuVFPm7CCLQNH8DRLqXi0rcXzc2+nx/NtPqf8a57W9XvtfvPtuouOP8AVwr91BTZ49S1C4bUNSmkeSQ5aSQ/M31qvN5MfGc015gRSLkb81VnXPKnirEmXG4jp2q54T8FeMfiV400n4afDXwpqOv+I9dvFtdG0PSbczXF5M3REQde5JPCgEkgAmiUoxi5Sdktb9l5jUbvQ59o/wB5hm/Gv38/4NX/ANgPSfgr+zrqn7dnj7RVbxd8UWe18KvMuW07w7C+AUyoKvdTq0jEFgYoYMbSWB/F79uv9ir4ufsJfG6x/Zv+L+paY/i288M6ZqN1a6WzslhLeqxW2ZmGHeMjDMvyk5xX9Tv7OHhjS/gr+z54I+EmjaZb2MPh3wfp2nLaWq7Y4mjtY1faPdwx/Gvy3xK4ijgslpU6Ev4zeu3uxt+rR7mTYCWIxErr4V+Zwv8AwWO/Z9j/AGrP+CaXxd+FtnYxTanF4RuNZ0TfD5jLeWA+1oEUfxssTxr7yV+VP/BqL+1nZ6N4e+LH7K2pXW24/wBG8XaLC0xO6FcW12qrj+HfA7HPf2r9rfB/jqHVdWh0+/VZEuNSkikjk5V43O3GPTBr+Qn9lL9o/wCIv7Bf7V+gfHP4ezrLe+D9blhvLJ2xFq1jveG6s5OD8k0JePOCVLBhhlBHx3CKqcWcI5hldL442lDX7Vm16XcbX8z1cdRllGZ0as/h6+lz+oP4oeN5LvVjcWtwP320KVbvjFfjnH4e8P8Ain/grF+0r/wUV+LtvHc+BPgXrF1drcH5o9Q1ZE+z2Fqh/iYmMscZ24XONwz9seIP2ttD8ffD7QfiT8FppNWh8WWsL+BrVlPm3t1MCI7dgOjRureaeirE56V+bf8AwUv+Lun+CtE8If8ABIP4IeKtNXyPEsWqfGbxjJdGCHWvFl5L+8WZy2Ft7cuCxYkDai8eQC3xHAmCx+Ix2IwMU4yrR9nN6p06SknWk+zslTj1553+yz7DiKph8NhaGIumoPmj2lK3uLz/AJvReY3/AIJIf8E9Ne/4K0fte+Jv2p/2oLi4k+Hml+IJNU8YSbmRtdv5nMselxP0RMYMhHKRKFUAspH78X/jD4ffDvRrXQtLGn6HpmmWqW+maRp0AjhtYVGFiihToAOgHXv618d/Cj9oH/gnP+xP8DfCv7Lng39rz4f2Oh+D9HjtZJLLxLE7apen57q/laHfueeYySYBwqlUGAoFQ6n/AMFWP+CYXhWCbXJP2tfB800KEsmn295d3D47KBDyT9anizNOIOK8wX1XCVfq1P3aUFTlZRWiei3aXyVl0OfKMLluW0efEVo+0lrJ3V7vU+prn4k+LPFk3laVK+k6ef8Alq3zXU4/9BiB9Bk+4ryH9uH9ur4K/wDBOn4Jy/F/4o+TqWuX0Mi+C/CTTf6Rrl2BhSedy26tgySdMcDLEV8R/tOf8HKvwY8JaZcaF+xj8IL3xZrjqVtvE/jq3Nppdo2B+8WzRvOuWBzhZHjTOCQw+U/lR8ePj/8AG79qX4n33xm/aE+I2o+KPEV+376+vnAWJP4YoY1ASGJRgLGgCgAACvc4P8J84zXFRxGcRdGgteV6Tn5W3iu7dpdl1XHnHFmDw9N0sD70n16L/Mg+O/xr+KX7T3xi8RfH342eJpNX8TeKNQa81O6dQqg4wkUajhI0QKiIAAqqABxXLW9jNdzR2llbtLPNIscMMa5aR2OFUepJIH1qU4UZI+lffn/BvL+wMf2rf2xYf2gfHujGbwJ8H5otVulmjJi1TWjzYWWcjIRx9pkHzApAEYYlBH9F5tmOB4ZySpiZJRp0Y6RWi0VoxXq7Jf5H51h6NbHYpQWspP8A4dn6vf8ABPn9mTwZ/wAE4P8Agn3oPg34lMmnjQdDn8VfEq8yMm+kiE90SSFyY4kit1DcjywuTmv51v2p/jx4n/ao/aS8b/tHeM7hpNQ8YeIZ9QZWJxBCTtggXJJCRwiONVzwqAdq/aD/AIOX/wBt2H4Qfs/6X+xZ4G1lv+Es+JzLqPi+SFsNY+HoZCRGxBGGu7lRxyDFbuCBvU1+FkiRw7jI+FA5PpX5x4T5TiqlHE8QYxfvcTJ2f9292/Ry6doo9/iPE04yp4Kl8NJW+Z9df8EJ/wBjOH9r3/goZ4Xl8TaL9s8I/Ds/8JZ4pjZcxz/ZmBs7RsqQRNd+SrKcBoll9K/fX9tDxnN8Ev2W/GHj1Lj/AIqLXoxoHhdS2Hm1O/by9y+pRDLJ7Ba8I/4Nwv2GG/Zs/YN0/wCL/irQ2h8T/F6WPxDP5iDzINJ2kafH0yN8Za4xkgiaM4BBrrv28tek+MP7Xnh34TWA8zw78IdPfVtWVfuTa7eJshQ+pig3H1BkNfmfiLnMc64oqTvelQXIuzau5f8AgUvdv6dD6LhjCyo4eMOs3zP0Vrf8H1PBfC3wv0/wL4S03wjaYK6fZrCWC/eYD5m/Fsmpbvw1GynKCvQL7SYYtsl18u44HuT2Hqaz/iyvw5+A3hGHx9+0p47h8FaPdKTptrcL5mqaqQPuWlov7yQn+9gKO5r85p1K2IrKMU5Sk9krtvyS1bPupVKdKN5OyOK+H3w80jVPiJa+LfFupw6d4V8G/wDE/wDGGsXTBYbWztf320k8b3ZVUD3NeFf8ET9Z8VftJ/8ABdfwz8adF0+RY9S8ReKfFuoAKc2mmvZTwIX9MtcW0f8AvSV5h+2D+2b4/wD2rHsvgJ8F/AGo6D4Bk1VE0nwRa5uNY8U327EUt95eTK5bBS2TKr1IJHH7D/8ABvv/AMEjfEv7Bnw91j9of9ojS44/in48sYrU6WQj/wDCN6Sr+aLIOM/vZZNskxBKkxQqB+7Jb988M+GcbhazxeJVm0lbflSu7NrRybs3bRJJXbvb8/4qzSjUp+zj8v8AM/R+iiiv3Q/OQooooAKKKKACiiigAooooAKDzwaKKAPz4/4Kd/8ABvp+zX+3Jf6h8Y/gxLB8MvihdBpLrWNJtQuna3MTnzL62TAaYnObhMSnPzF8Lj8TPFPgP/god/wRp/aL/sfXG1H4eeJbyOR4prci+8O+MLVCQ5eMjybtD0bKrPGGBIUkE/1dV5v+1X+yX8Bv20/g5qPwM/aH8BWuu6HqC7o/MXbPY3A+5c20o+aCZDyrqQeoOVJB8HNuH8DmlGUZRV3vdJp+TT0Z6mCzSthZJS1j+XoflD+w1+1T8OP+CgXhLWJdD8LWfhX4ieFbGO+8VeD7W43W91Zsdv8AaNgW+ZrffhXXkxMyg/eXPZ/Gj4feLbrwJ/wlnw1T/irfBmpw+IfCrI2C15aneYcjtLHvjPqHr4S+HPwR+I3/AATM/wCC3/gf4Dy+I5dQj0v4jWugJqrKqHV/D+swmLEyIcZxJGxHTzIAwA4x+qkulx6Zq91BbHK297IkZ/3WIFfynxbki4azqMaKsn7yV72admu7XXXo7a2ufqWV4+WMw7UndaWfdPv+R6p8JfFfgT9pD4MeHfjD4b0611Lwz420GO7On3kayxvDMhS5sZ0IKnaxlgkQg8qwIr+XX/gq3+wjqf8AwTw/bU8WfAO2tJ/+EVuLptV8A30zM3n6NO7NChc/eki5hc9S0eTjcK/oq/Yl1SD9n34865+y5dT+X4V8fXF14p+HatwljqJO/U9NXsFdv9JRR3eTAryv/g4y/wCCat5+2n+xnP8AGH4XaGt38Q/hLb3GsabDDFmbVtHC77+xXHLOqL9ojQZLPEyKC0gI+48Os4p5PnCtK1DEaavaS2v2abt13srnyfEWFlP3Hq47ecX/AFZ+aZ/PP+xn+1B4z/Ys/ac8H/tK+CC0l14a1Pfd2nG29spFMV1bNntJCzp7ZBBBGa/on/bO/Ze+GX/BVP8AYPk8I+CNTtLq28YaLa+I/hn4gmA22995e+1k3FdyK4d7eXGDhmByBiv5jlKSoskf3W6fSv1z/wCDaX/gopJompXH/BOD4t68v9nalPcan8K7q5kA+zXjfvLvTASR8s3M0ajkSiQAHzDj7rxQ4exVXD0s/wAv0xGFabtu4J3+fK9bdnI8vh/G04ylg6/8Opp6Pufkt4m8J+J/h94t1b4e+N9BuNM1zQdUuNO1rTLyIpNZ3UEjRywyKeVZXVlIPIIqANtjaXJ2qufev2L/AODlT/gmk95A3/BSL4QaJuuIzb2fxYs7aFv3i4WG21UgZC9EhlOACfLY5LNn8c43JUMtfbcLcRYXijJaeOo6N6SX8sluv1T6ppnk5hg6mX4qVGfTZ910Z91fs8/8G8n/AAUA/aD8GaL8Tra6+H+g+GvEGnxX2m6lqHjGO6aa2lGUlSO0WXcCOxYEEEHkEV71pH/BpF8e9XtF3/tteA4pGHzRp4Z1Fgp9M8Z/KvNf+CHX/BaGX9irXYP2Wf2oNcuJvhHrF4f7H1iTdLJ4PvJD/rAOpsnJ/eIPuH94o+8rfvEur3E9tZ+LvBPiq3msr62S5s761kW5s72BhlZEZTh1I6Mpr8i4x4w484ZzaVGq4qm7uElBNSj87+8tmuno039NlWU5RmdC8W1Jbq//AAD8Q/if/wAGk/7c3hyFX+GXx1+Gnizj547y7utLPToPOjYE9hkivh/9of8AY8/b0/4Ja/Frw74r+MXwe8SfD/WtP1aO98KeJlUSWdxcwsHVra8hZopGGAxQNvAPzKM1/VZbfHX+xytr4z0O4hU8LqGmf6RCfqvEi/TBqv8AEa2+CX7Snwy1j4PePdI8N+N/DOuW/lav4avpI5POXIIbynw6yKwDK6gMjBWUggGvPy3xezDmVPMKcatN6SSVnZ76bPTpazNMRwrKmuak2mtm3pf1PxN/ar8N2H/BZ7/gmif2uv2YJWi+I3w11can8ZPhhpez97K1uyNfrEqhzlIpZYnyVKm5jHzRnP5m/s0fF6z+Cf7R3w9+Nd5Cz2/g3x5pGuXEa9XS1vYp2H1IQ1+mn7S37IH7RX/Bv5+1HY/8FB/2IV1HxB8H7u+On+JtFunkFxpEcjKTp2oAD5reQgG3uxuUOgV9jhPN5f8A4KP/APBNz4F/tt/AG4/4K4f8EotNS68O6hE958TvhfpsAFzoN0ozdyx2y8wtG2WlgUFPLInhJhb5fs+GsyyrKsP9Spzvl+Ib9lP/AJ9yl8VGo/su/wADlutLuyZ5OZfWsTW9rV/iwspJ9UtpLurb2P3I1P4mWNvK1jHeK0MWqyS280b7keEszIwPcFHBHqDXxz/wcC/H+2+H/wDwST+IET3JS48c65ovhbS2B++8l0b2dff/AEewk/76r5//AOCTv7fNr+0n+yf4f+Heq6vnxZ8O9It9C12OST95LZwjyrK7x3UwhIWbnDxjJ+avn7/g5I/agbxTqfwu/ZL0bVWaHw3ptz4n8S2scx2m9vAsVoki4xvjto2dTzxdsOOa/JeD8izDDeIVHLa61ozk5aacsFe/+GStb/Ej7TOsRhpcN/Wab+NJL1e/zTTv6H1F/wAGa3wrnsPAPx0/aH1DSo/Lv9Y0Xw3pV+w+ZfIhnu7uIH0Pn2bEeoFfV/8AwXk/4JO+Hf8AgoT8Drr40fBzwtE3xo8D6XIfDslqqpJ4hs48yPpMx/jYgs0BY/JI20EK7V4x/wAGp99ZeD/+CWOtXUcoZtV+NetT3GG+466dpUYH/fKZ/Gvv7wn8Tbk67qlk1/8AMscVxC2ejLIY9w+nyV9BxVxfisr4yrVaErShLlfZqPRrrpofP5fkrxmWqT2aVvn/AFc/kV0bWY5ohcWxZcn5lfgj2Poa2xJbzxggsrfxL6V9Nf8ABfz9njTv2W/+CjPirXPA2kLa6H8RrWPxhpsCx4iivLgt9rjQHO5ftSOx7fvMYAxX6FfHT/g3T+DP7ZH7N3hD9qX9irxnZeBfGXibwRpmrXnh26X/AIp3VbqW0jebYEG6wZpM8oGjBJJX0/bP9asrhl+FxlWXLTrpWe6TsnZ+mqv36Hy8sDWVWdNLWO5+L+n3mp+G5GvdHKy28v8Ax8Wrcxy/Udmpb2w8OeJWN14ek+w3R+Z7KT7j+u3/AOtW3+0H8CP2g/2PvitefBz9on4V6r4P8S2ZJk03VocxXkW4qJ7eVcx3MLFTtliZlOOtcoj6T4hObKdbG+zn7PK37uQ/7J7Gvo6dSnVgpwaaezTujjcZRdmipN9r0m6Bl8y1uEP7uRG2n8DWpJ4/1G6s1svE1hbalGGwsky7ZB/wIVVufEWpWCnSvFWkrcJ0HnDn6hql8B/DbxJ8bviZ4a+Dvwi0ya61zxZrlvpek2jAvtnmbarHaCdq/ebAJCgmnUqQp03Obskrt9ktwjFyaS3PtH/gir/wSptv+Ck/xum8X/ETRNStfg/4NvIx4wuFuWj/ALYusB10iGZSGBZSrTMhDRxsBuVnU1+8X7cP/BQD9l7/AIJOfsoJ8SfiDp1npel6ZZx6T4B8BeG7WK3a/mjiAhsLOFAEhgjQLufASJAOrFEaD9lD4GfA/wD4J3fsiaL8FdA1Sx0Xwj8PtBlvPEXiK8YIs8qIZr/VLl8cl2Dvk/dQIgwFAH843/BRr9vHxr/wWE/bYvfiDfS6hpHwy8M77bwdoVyQJLPTg/DOFJX7VcEbnIJC5wCQgJ/EcDisX4jcSTndrBUH9/Zesra9l8j6LEUKeU4NRl/EkZH7TP7TX7VX/BX345XH7RP7U/jubT/DNrO8XhzQ7Vj9k0y33D/RbGE8Z4G+Zhl25Yk4UbOiXHhP4caIvhTwRosdnZI27yYV+ed/78z9ZGPqenQADiudv9Ys9Oto9M0WFLe3hURWsEf3Yox6VnnVxG2PvOa/aKdGnRpqnTilFbJbI+flJt3Z0mq6xqOtt5mq3m2H+GGMnH5d6m07w/JND5qW7IuPld6p+GoUkP2y+O5jyqntXQSauDHsXCqBihvl0QepzusaRLCCBc/pXM6jE6Mys1dZrt4rRZFcbrF7ncCe/NaRJKE955Q2bjXPeJxoet6fJY65Ak0K5YO2A0J/vK3b+VWNa1e2tI5J7iZUVMlmZsAV+sH/AAQ6/wCCE2jfEHw/p/7c/wDwUG+H3n6BeL5/w5+F+rxEDVVIO3Ub+M4Jhx80UJwG4d8gqp4c3zjA5HgZYrFSsktu/wDX6patpPahh6uJqKnTV2z8x/2Fv29v2kP+CYvxiPxX/Z78UPc6HqXlReKvCl8xbT9ctVYkJNH0DrlvLmXDxl22nDMG/pK/ZD/a7/Zr/wCCnP7KyfFPwJp9prHhnxBazaR4y8G69Ekr2Fw0eJ9Pu4zkMpVtyOOHRlYYOQPxX/4Lkf8ABHXWf2EfE9x+0V+zxolxffBrxDfFLuxjVnn8G3znItpx1NrIT+5m6AgxvtbZ5ngP/BIv/go54g/4JsftUWPjXU7+8m+G/iiWLT/iBo9uzMrWpb5bxEwd01uWMi4GWG9P46/NuLOHcq4/yNZzk7X1iKumtHKy1hL+8vsvfbo0e5l2NxGT4z6tiV7j0afS/VHpH/BWj/gmte/8E2v2iYtP8MwX2o/C7xh51z4B1K7JeW0KHMumTSdHlhDLhurxlWwDmvmyz8dJo6bdG0C0gk/huLnEkn4DtX9Lv7eP7KXw4/4KE/sla98AL3xDp88fiCxh1TwF4sspBPBa6kE83T7+J0JDwSblRiD80M7YPQj+YTVdO8S+CfEmqeC/HOlf2RrWiahPYavZTYMltcwuY5YzjOSrKRwSDjgmvT8NOL5cUZQ6OJf+0UbRnfeS6S9XZqXmr9TDPct/s/FKUPgnqv8AI1b7VfEXiOX7Rq9/JKB/FM2FX6DtUtrJY23EIadwPmk6KKwk1VJjstopJ8fxyHatTSlpE3andKF/54xmv0qx4Rc1DX2upWhslMu3l2X7o/GqcE8Us2ZWZm7eg+ldV8BvgT8cP2qvibp/wN/Zr+FmqeKvEmpTKlvpGj25IhQsFM9xIfkt4FzlpZCqKOScA1+kX7UP/BBX4f8A/BOX/gld8TP2pf2jvHY8ZfE230/TbPR7PRZ3t9I0C5u9Qt4C6Hh7yRQ5G9wEwDhRnNeXjs3wOX1oUKkvfm0oxW7b/L5/I2p0KlSLktl1Py2lkmkljtrO0muLieZYra1tYjJJNIxwsaIuSzMSAAASSa/pB/4Ie/8ABHzwb/wTt+GFn8fvjbotvffHDxNpa/2pcTFJl8LW8gDHTbUgkCQDAnmUncwKqdqjP5L/APBuT+y7pP7Tf/BQq3+IXjbT47vQPhNpLeJZoLiLdFNf+asNkpyCuVlYyhTz+6yOlf0Paj42Goa79iS5zHaxnzGz96QkZ/Ifqa/KfFDi+tl9aOWYaVnZSk157L9fuPo8gyn65etLZH4b/wDB3L4U/wCEN/ba+F/xn0PRJlOv+Aka6vip8ue5sryVRGD/AHljdMj0YHvX62/C346p8Rfgt4Z+I2l6lBcx+IPCOn6jDNDJlG82zjc4PsxYfhX5tf8AB31PHqfw4/Z7ulddw1nxQqn/AGRBpxx+efzrY/4Ikftcw/GD/gn7pPgm81BX174VX3/COapZ7hv/ALPlLz6dPj+4VM8OT/Fbn1FfIcXxr5l4cZdmSX8OUoy8lJuKb8rxS9ZJHtcPxp0eIK2Fl1Wl+6s7fcff0Xxi0X4aWsvjrxRqHk6f4d0+fVdUuGPEUFvC88rH2CoTX8lNzql/rN7Jq2oO0s1zM0sh/id3YsT9SWr9kP8AguV+3tZ/B74BXH7KvhXX1bxp8QLVTrUFtJ8+laLuz+9wco9wVAVOpiDMcB13eG/8E9v2HPhH+w/8CrX/AIKwf8FIrFYbG0iW7+EPwzvI1+169dlc2108DgnDNh4VYbQo+0OPLCCT0vDOp/qnw3XzbFRcpYmUYUaa+Ko481lFf3pSavslHm2sTxVy5hmkMLSf8NNzl0jfv6L87Hc/DzX7z/gjP/wTR0v4ifGpJ3+OnjyS8b4U+E9QY58L2c6J5txJH/yzxlZXBwxk8qIYAmx+fv7MX7GP7YX/AAUE+IWoab+z18HvEHjjVPtH2jxFrEahbSyklLN5t3dylYoS5Dkb2DNtbaGIxX2/+zL+xp+0R/wXX/aR1T9u39sfV7nwz8J7fUvsWn28MjCfUY4yWXS9MVh/q0z++umwoZmxvcsF/az4TeGvhV+z98K9L+Enwm8FaX4L8G6HDjT9HtZo7eBOBulkZiDLKxGWlfLMec1riOL8NwP7fSNXMsQ+es1/Dpt3apq26hfZO7k5Sk7uxhTyzFZ57NJuOHpq0L7vz+f5aH42/DT/AINM/wBrnxFpP9ofE79pX4b+Fbk/8ulmLvU8exeKNVz9Mj3re1D/AINIv2gLa3aTSv20PAd0235Uk8O6hED+JB/lX7Bt8bfDusHyfCc/9rbDtee3LC3Q+nmEAN/wHNM/4SnxFeiSWe7t7e3jjaS4l87ZFEijLO7sQFVRkliQAASSBXx9Txd4wlUbhVivJQjb8U3+J60eDcBGN53Xq7H8+f7Tn/BAf/goF+y54D1j4rahofhLxR4Y8P28t1q+q+HfFcKmztYxlp5YrvyWA6cLvOSAAa+NYZFdFfbwRxX6J/8ABcX/AIK9237XV+37IP7NXiAz/DHQ9VWXxH4ht2IXxbfwt+7Kf9OUTZMef9Y+JD0QD86xiNdwHav6L4NxXEmOyeOIzmMY1J6qKTi1HpzXb9572srLfW6X5/mkMDRxTp4VtxXV9X5f1qafhHwb4u+JPjDRvhr8PPD1xq/iDxDq1tpmhaTaKDLe3k8ixQwoD/Ezsqj61/UJ+xd+y98JP+CTH/BP6Lwr431SytrfwboN14l+KHiSBCy3N6IvMu5AcFnVMCCIYyQq4A3Yr4K/4NiP+CatzY2j/wDBTD4u6H5bTi5034UwzowYL80N3qqggcEb4I2Gekp44zS/4Od/+Cja6s9v/wAE0/hDr6/ZbeS11X4rXFrOD5kyES2elPjsh2XEinkOIgQNvP55xhia/G3E9LhzBv8Ac0nzVpLut1/26tF3k7dEexlkY5XgpY2p8T0iv1PzJ/bY/as8W/tuftT+Mv2mvGEbwzeJNU3abYuQfsOnxgR2tsPZIlUfXPWvSP8Agj/+wTJ/wUT/AG5fDvwX1rSppvB+jsut/ECaNXC/2XA6k25dSChncrCGBBG8kHIFfMLMYUyEZuyqgyWPoMdTmv6ff+DfX/gmbcfsEfsY2/ij4kaQsPxM+J/k634uR1+fTLbZ/oWm5wOY4m8yTH/LWZ1ywRTX3fFWaUeF+HfZ4b3ZNKFNLppa/wAkeNg6csXiuafqz6x+NXxZ8F/sz/BXxN8e/iCkdvpfhfR2vPssCAebIAEtrSJf70khjiRfUgV8CfDnRvEmj+FbvxV8SpPM8UeJ9Sm1vxOy8n7XcNu8ke0alYwO22vXf+CgHxGPx4/aK0n9mfRnWbwz8NJLfxB42C8x3WtEbrCyf+95Q/fsvrszWV8PdKtda+L3hXQ9R/eR3niCIzAr12BpTn1zsr+Ts4kqco4WG61l6vZfL7tmj9Zyel7DCPET3kr+kUtPv3+7sfOn7a/7dejfsNXcnww+E2iaf4i+M39mw3WpXerwiXS/Bcc6b4g6H/X3pT94I+iKVLdQD8T/ALKf7I37dv8AwVa+P+sa38Nn1bxfq8tykPjT4teMbx3s9Kyd3keYflQqrZWztxkLjIUc1237J/7JviX/AIKwf8FM9S+E/iXxLeWWlax4g17xX8QNYtGVbhbCO+MRjjz915CYIFbnYOccV/SV8DPgX8JP2avhVovwS+BngPT/AA34X8P2a22l6TpsAjjjXqzHu8jsS7yMSzuzMxLEk/0FwNwPg8LglVmt9JPrJ9dekbrSK8m7vU+NzzPK0KvItZd+i7WX9fiz5b/4Jd/8EUf2cv8AgnBaD4gTXDeOPije2nlan461i3GbVWHzwWMRyLWIngkEyOAN7EYA+0KKK/XKNGnQpqFNWS6HxVSpUqzcpu7YUUUVoQFFFFABRRRQAUUUUAFFFFABRRRQAUUUUAfhD+3HY2Hxe/4OWfA+maW/mtpfxC8Opdxj/px0q8vJP++RApr7cilTUJLi/wB3+tvJmX3HmNXwN4T1U+IP+Dou8nkm3rB4+8WuufWHwlOiL+G5zX3P4XvN+g27SH5mUlvruNfyn4pSlLiGDvpyy/8AS5L9EfqnDy5cLbsofin/AJGT8Wvh9rfxC8KRp4D1iPTPF2h6hHq3gnVpPu2mqQHdFvxyYpOYpF7pIwr6W/Zg+P8ApH7UvwT0v4r2+hto+quz2Pi3wzOd0mi6xCdl3ZP6hZA20/xoVbo1eFx3KRv5in7pzXOaN8V7b9jv9oRfjtfpJ/wrn4hT22k/E1YVLLoupcR2WtkDpE3EE7dgY3Jwpz8nkeMjGo8LUdlLWL7SW337euyud2bYOWJw/NBXlHbzXVfqvPTqfit/wcH/APBMi8/4J+/tfyePfh74e8j4W/E+4uNR8KyW6nytMvshrvTW4wm1n8yNcnMbjH3WVfhXw54k8TeCPEWn+MPBmuXGmaxpd5FeaXqVpIVltZ42DJIhHQhgDX9iH7e37Fnwn/b8/Zh8Sfsy/Fa3WTTNdtRPpOqQt+80zUEBa1v4WAOGRj7hkZlIIYiv5G/2jv2fPih+yf8AHnxV+zf8Z9Hax8TeEdUaz1GHHyyDAaOZD/FHJGVkVuhVwa/qHgviGOeZe8LiP4tNWkn1W17fgz8vxuHdGpzw2e3qf0df8ExP29/hn/wVQ/Y//t/xtoGmv4ot9ObQPi94LugsltcSSRmN5wmATa3keXC4/duzxgtsDt+G/wDwV9/4Jsa7/wAE3v2m5/C/h2G4uvhv4qaS/wDh3qs0hkYW+f3ljK5/5bQMdhzksmx8ncccX/wTu/bx+Jn/AATr/aZ0n49eBbU6ppLf6F4y8KyTFI9a0t2/ew5/glX78Un8EiqSGXcrf0LfH34O/stf8Fgv2FF0Wy8RR6n4T8Z6auqeB/F0NsrXegakg/d3AU8pLG+6GeHK70MiZGVNfnWIhiPCviv6xTTeX4l6pXfI+3rHdfzRur3vb6Cny8QZf7Nv99TWnmj+XLZ5iMCOPQ19Xf8ABPP/AILIftX/APBPXy/B2h3Ufjb4d+cXuvh/4gvHWKHP3jZXADNZucdgyZ5KNyD4V+0n+zn8VP2Sfjh4g/Z6+NOj/YvEHh268qcx5MN1EeYriFiBuikXDK3ofXNcKB8uM/Wv2nF4HKeIcvUMRCNWjNJrqmns01qnbZppny9OtiMHW5oNxkj+hL4Of8Fpv+Cfv7U+iW8fh74zjwLr80KtdeFfiRCNPljk4BSK8Um1uBuztIdHK4JRTkC58UvjZ8B4gl1rHxt+HwK5aOS88XWRx7qyy7h+Br+due1EiYdc/Wuv+AX7I37Qn7Vvi/8A4Qr9m74Ka54uvlbFx/Y9gzw23BOZZuI4uAT87DOOM1+PZl4L5HRqSxFPGypUlq1NRaX/AG9eNl63fmfZ4LjbH04ckqKnLurr8EmftD4s/wCCqH7JXg/Q73wL8Qf2sPBmteH9QtZLLVtBWW71yO5t3GHgdI4pAUI/2uOowQDX5s/BH/goVd/8Etf24tb+KH/BP/4lweLPhtq14J5vDV9a3lpa3tizswspknAkSaDJVLgbjjDchmSvor4Lf8Gp/wC1Z4xtLHVvjj+0D4H8DxXGftmm2Edxq9/a+nyxBIGJ/wCuwxXqGs/8Gk/grTtNklsv+CjFw11sPlRX3wn8qNm9GZdSdgPcKfpXLk8vDPhn22GqZhKtCrHlnBxcqb10fuU9JLo1PZ+jJzHEZ9nHJNYVRcXdSS9701eqfZok8d/sxfC39uTSI/8Agq//AMELtbXw38T9FZbj4ifBWPyoGmyN1zCsIIjLNt/1IAhukyY9kqiJvyf/AGoPjB8WPjX+0R4u+Jnxu0VtN8Uatq7tq2lSW8kIsHUBBbrHISyKiqFCnkAV9x6n/wAEnv8AgrX/AMEqPiBb/tLfse/EKz8VTaSpkuNQ+HFy88rQDLNFc6dcIr3ERVfmTZIpzjmvaZvGP/BOP/g4F0uHwb8Z7W1/Z/8A2rLWP7NFqy25jsdeuY12mCRZCPPVsECORluYmUBXlX5G93J8zy/JcR9dozWLwqjye2j71ajC6fJVXxSppq6lbmjZ3VrHlYqliq9P2M06cr35HpGT2vG/W2/csf8ABr1+1TaQfDD4pfseapqSw3lprcPjTw3Bt5uUkgWzv1yT/D5Nk4UDOPMPQV+i+qfE6Twv4lsvEMsrfZ90lpe/9c5sYP8AwF1U1/P98Tv2fP2/P+CJP7VWg/Enxb4Ll0rUdF1HOi+I4Yzc6LrsJBElv5oAV0kjDq8TbZAM8AgEfrZ+zl+3D8Cv2/Pgzc+PPhPM2n6hHY/8VN4NvLgPd6LORzzx51uW/wBXOAMjAcK2RX5r4pZDL+0f7ewLVTC17Nyi7qMrJO9tlLdP+ZtOzsn9hwdj6MqLwFbSpG9k9Lry81/wT5J/4Ogr+0174hfBjxRHKrXH/CJ6nD15MSagGU/mzV+vf/BDz4j6L41/4JS/AtrTVFuhB4Ejsbp92dlxbyyRSIT6grivwl/4L3fEeXxb8Ufhb4XuJt02i/D+T7T83Vp7+VwT+Civ0K/4NY/2j4PFH7CviX4J3upKb74aePnaO1VcGPTdUj86Jye+bmC8Htx6ivdzKjiKfhDga715JXf+GU5pfmkvU8StTpy4qr0lpe/32TPu/wDbj/Y3/Z4/4KC/A+/+BXx+0aPzbVZE0XxHFbq994fumXMd1bsSCV4UtHuCuFKnHBH8vP7Wv7Mnxi/Yr/aC8Qfs3/HPTLeHXvD10At5Ysz2upWzfNBe2zkAvDKmGUkBhkqyqylR/UT8UPiAfDvja1uBcbY9StXtpfTejb4j+OWFfmJ/wcj/AAC074q/s2aD+1hpNora/wDD3WIdJ1m6jjO6XSLxiIi5HG2K5AwSCf8ASMDivL8L+N8Rl+dwyrEyvRrPljf7M/s28pPRru0zs4gyBSwLxdNaxV36dfuf4H4/xeM7r7AbPU4UuocfKH+8n0Nfo7/wbI/s56V8Sv2qfGX7Umuaesmn/CzRLe00OOdeus6mZUSRcjDeVbQXB9VZ4yK/LKXUphbt85z/AFr+gj/g3j8Cab8LP+CX/hzxLAHF/wCPPF2teItU8xfmxHKmn26j/ZCWbsPeRsda/VvFrOJZNwbV9m7SrSjTTXZ3cvvjGS+Z81wzg/rubwi1orv7jF/4Og/21dT+Cn7HXh/9mDwhrLW+rfFjUJX1byshhotmyb1JB4ElwUXBHIjbHQ1+Mfwzto/A/gyGyQbbq8Anu2brk9F/AV9Gf8HGnxi1H4vf8FX9a+H8l9HPpvw70LRvDOn+Uflytql5dbv9v7Xd3Kn/AHQO1fLq6zLdOH3ew9q9Dw3yenlXB+GSXvVYqpJ93NJr7o2Ry51inis0qS6J2XojrP7caRixarmnXnmS7zyc5rjbfUZN3VjlgFWNcsxPAAA6kngAckmvZfi3+xp+2J+zV8NNF+Mnx+/Zv8WeEfDOv+WNK1zWNP2wOzgmNJNrFoWYDIWQLnI7nFfaVKtGlJRnJJy0SbSv6dzzIxlLVIo2WseVGArfw1P/AGu5jyr1wdhr8jEHfzWpBrDMPmftTcANjU9WYxkNXGeItdW0DyyzKsYXczt2FT+INeW3gaaSdUjRSZHZscV+tH/BCP8A4IUXXiq50n9vz9vfwU0ehR+XefDP4b6rD8+oSZ3R6nfRkfLEODFA2SxxI4ACq3n5pmmDyXByxOIlZL8f6/q7si6VKdaooRWpH/wQo/4IUf8ACTx6P+3z+3x4DZdJDx3vwx+Gus2u1tQOAyanfwv0izhoYWHzD53GNgP7Fa1eXWpag2oahMuV4XskaDsPQCtLV9Vu9Tu/tFw+5j8saKPlUdlA9K+Vf+Chf7dHwo/ZU+DOvePPH/iJYdD0UCPUPsswFxq142fK0y15+aRyPmI4VQzHAU1/KnGHFOZcVZioQTaclGEFu29Erd/Lpr1bb/Qslyung6blKysryk9kuv8AXV/h5v8A8Fef+Ci/7P37JP7POt3nxH0XT/E03inTbrR/DPgm6VZP+EkuGXazSIc7bOLIZ5SM52qnzsMfzI6lp9xf6TdTQW0aGNmuDDGDtRc8qvsufyFep/tZ/tX/ABZ/bl+PWpfH74w3YSa5/wBH0PRbdj9l0awUnyrSEHoqg8t1dizHljXEaO9taa1am5GYJJfKulPeN/lb9DX9DeHfBkuEcnaryviKtpVLP3U0tIxW3u3s3u3d7WS+QzzNI5pik6atCOke9u79fwP3M/4Nyv21r/4/fsPN8B/Fuo/aNd+EV4mm27STbpJNGuNz2uR12xOJYQSeF2KAAor4d/4OKf2eLT4P/t4RfGjRLEQ6X8VtBTV5GjjYINTgb7PeLk8b2KxykDoJR61i/wDBt98S9W+Fn/BSbUPgVdTzmHxz4O1rSmgibCG8sYW1GGRh3x9jlQf9da+0/wDg5R+F1r4+/YE8N/GPT9Nlm1H4e/Ey3SS7VuLfTdUtJopSfY3NpZD6t71+Yx/4xDxqVKGlLFpO3T95f/3LH8dOx9Dy/wBqcHub1lRe/l/wzPxWXVZwBHG+36V7R+wL+xV8Y/8Agob+0vo/7OPwmngsZLs/aNf8SX1u0ttoWnIR5t3IqkbyB8qR5XzJCq7lBLD52tdQut/+t/8AHRX9EP8Awbvfs36b+zL/AME/9L+Met6b5Pi74yXUmu300sRWWHR4pXg0+Dn+FxHJchlxuFwmc7Qa/WuOOJo8KZFLFL+JJ8sF/eabvbskm+2y6nzOT5bLM8YqS23fofaX7HX7F/7Nv/BPP4S2PwV/Zx8LrD5qKNc8SXcaHUtelQfNcXUoAJySSIxhEzgAV89/8HOni5dJ/wCCP/irRftUKtrPjfw1ZKjthpGF1Jc7V9Ti3LfRTX03p/jaLVvHdxZ5zHYiK0+9/wAtAPNm/IlF/Cvza/4Oz/jzo1n+yP8ACf8AZ8iG7UvFXxIuPEm5XHyWul2Mtrhh/tyanx6+U3pX8+8E47GZxxth6leblJzu+r0Tb36dX5XPss6wVHBZU4xVlb89v67nn/8Awat3lv4Y+D/7QniJNv2ubXvCsO49Vj+z6g+PoWb9K/TDwx8QTd3EyrIu1W27/wC8c5JP41+PP/BuB4/fQvBfx48MrdsrXUnhm7VPUR/bIyf/ACKK+y/2t/8Agof8If2BfhG/xF+ICx6pr17bs3hLwYs/lzaxPztdyMtFahvvy45AKpliMcfiJhcwzHxExOEw0HOpJ01GK3d6cH9yvq3ZJJttJXPY4b+rYXhyOIrNRjq2/RtfjY+Jv+Do79oiw+If7SXw7+Amj6yZk8C+EZLzVLX+GC9v5d+M+pgjhyOo4r4i/YV/bZ+J/wCxB8W77x58N9EbWX1zQbjR7rQmlIju3kGbaQqFbe0U4SRRjJIK5AY1b+FfwF/ba/4Ku/tH694t8HeFNQ8UeI/EWrNfeJ/EUy+TYWLyuB+9mb5IkUFVSMEttACqQOPtzRvCn7Bf/BE6SHSbOxt/2hv2pbrbBY6XZwvJpfhy5fOESNMlXB2gn5rh+ii2BYn9nqVMn4f4ZpcMVKf1vEOFpUYPdv3pSnLRU4KTvzyaaVmk2fDU5YrGZlLMIS9nFSupP8El9p26L5md8AP2OPh1+yT4auv+Cqf/AAWW1mTWvE+rXT6l4O+FmoSCa+1i+I3RSXaPkbs7dsBBSFMNLjCwt8x/Ef8Abfsf+Cln7bumfFH/AIKD/FO48J/D+1ujLHpGkaXdX8NjZRkONPhSI+YGm2iNrkgsCxcg4C19MaX/AMEcP+Cqv/BUDx43x+/bS+LGk+DpLyPFrb+J5mmuLS33HENvp9qCLZB1CMUznJJOTXtOk/8ABoj4Ru7SOS7/AOCjF5HMygutv8I1ZVb0BbU1J/IV4mCznhPBVqlfNsxjLGSi4RdFSlDDxatyULQlFNdZtNyaV1ZWOmth8yqW+r4d+yTu+feo+89U3fstNT0b4ff8FN/2HNZ8OaR4D+Ff7WHhDQdH0u1S10nQ2trnR47SBRhYoxcwoo/763EkkknNemaZ8ef2eLhF1m+/aE8B3Ct8y3F54xsW49Rum/pXxh8cP+DSz9pzwtZTaj+zr+0z4R8epDGDHput6fLod7Oc4IXc00Ax1y0or8+v2nv2Cv2sf2NdUOnftK/s8eI/C0PmBYdVvtPL2M+SQuy6j3QsW2nA3biOcV4eE8NeDc+nfLc0k77qSi5O/wD4A/wPalxhmuDjy1sLFel0v1P2m+K//BZH/gnx+z7pElxrv7Qy+M76Ncw+HfhvaHUriZs42md/LtYR6kyMQM4VulfmH+3x/wAFm/2pP25dOufhvpij4e/DufKHwfoeoNLNfx/9P13tRrnPdQqR4P3PX5GhtYE4VRtYZqdVXOMdu1fpHDPhfwzw3WWI5XWqraVSzUf8MUkk/N3kujR8zmnE2ZZpHkk1GPaPX1e7I4YEjiEcY6V9V/8ABIb/AIJteLP+Cl37Ulr4Curaa1+H/htotR+I2tRuY/Jst3y2sbD/AJbzspRQMELvfIC5rxT9mj9mv4sftdfHLw7+zt8EdG+2+IvEl55FsHbEVvGBuluJW/gijQF2bsB6kCv6dv2b/gR+yj/wRq/YOm0i61m10jwz4R046r488XTQ4udd1EqBJcv/ABSSOwEUMXO1QiADBrp474slkODWEwnvYqtpBLVpPTmstf8AD5+hx5XgPrVT2lTSEdW/0MD/AIKhft9/DP8A4JPfsZw6x4I8P6YviSSwTQPhH4NjVVtopYo1jjlaPr9ltYwHYAfOVSPK7yy/zDeK/FHi/wAe+LNU8f8Aj/xJdaxrmuahLfaxql5IXlurmVi8kjHuSxJ9q9s/4KR/t+/Ez/go7+1JrHx/8aRNpuixs1h4H8LqxMei6SjHyojyd0zj95NJn5pHbAVAiLw37LP7MXxg/bM/aC8M/s0/A3QZL7xF4nvhFGVjJjsoBzNdzHokMUe52YkdAByQK04J4Xo8KZS6uIa9tNc1ST6deW/l17vvoLMsbLHYhRh8K0SPtv8A4NwP+CXF9+29+1OP2jvif4fZvhf8Kb6G6le4t8xa3row9tYrkjKRAefKQGwFjQgeaGH9Bf7Y/wC0hZfsmfAjUPiVDpi6r4kvJF03wboO7Dapq03ywQgf3Qfnc9kVjU37Ff7I/wAIP2Cv2XPDf7O3wxSK30Xwrpub3UplEbXtyRvub2Y/3pH3OSScDAzxXyB4y+Lt1+2p+0I/7QjRvH4B8G/aNJ+FVnJ0v5SSl3rTj1cgxQ+kaburmvyfjjiZY3ESxcn7sfdpx7vv+t9+trJpe/kGVvE1lBr3VrJ9+y+f5X6mP8LfhlrPw48F/ZPGOvf2v4o1a8m1bxlrX/QQ1W4bzJ5B/sKTsQdkRRXTfDOb7F8cfBV3IcRr4liSRj23o8f82q1copQjnpVHwrC0nxI8OpH97/hIbLb9fPWvxT2lSpU55O7b19T9KqRUqMl5P8j5n/4N4be08I/8FefiJoN2+2aTwV4p02Jcj5pLfxBbOR+K7j/wGv3er8C/+CL93DJ/wXV1qSzXcs2qePtzZ/hF2cHj3FfvpX9rcI1JVMjg33f5n4xnytmDfdL8gooor6Y8YKKKKACiiigAooooAKKKKACiiigAooooAKKKKAP51P22vEeofsB/8F49f+PvinSmaz0v4hReJbiOD5pJtC1LTWs7p09SsckrYHdMV+h7y6To1vY32karb3+g61arf+GdbtZA9vqFpINyOjjgnBFXv+C9n/BKPxj+3L8PNK/aB/ZvsoZPip4Ds5oY9JkkEY8SaUx3vYh2O1Z0fMkLN8pZnRiA4Zfxx/ZB/wCClf7SH7D0d58GdR8NDxR4Ft9RkGp/C/xkslu2k3BbMos5SN9lISSTGQY93OFySfwPxH4NxeOxX1mh8Wtr6Jpu/LfZNNtq+jvura/onD+a01RUeySa66bNH6/f2pEFNVr2bSdc0670HxBp8N9puo2slrqVjdLuiuYJFKvGwPUEE/SvAPgT/wAFKf2Af2kdSt/Deg/HS6+FfiiZcjwn8XLf7Lau2OVt9TUm2lXP3cyBj/dr37V/CXj7w9ZJql/4ba606Vd8GsaPOl5aSr/eEkRIA+uK/B8dgcwy+fJiaUoPzTV/NPquzWj6H2VHE4XEfBJX7PR/8H5HU/sAfHW7+HniFf2DPizrcs15punvd/CXXr9yza/ocf37JpD9+7swVVlJLPEVfnDY8U/4OEv+CRcf/BQT4KQfHf4H+GoW+L3w/wBPl+wra248/wASaUMu+nMRzJIjbpIM5wzSIAPMrQ+InhF/ir4XtbDT9Vl0rW9H1KLV/B/iS3U+do+qQ58qdD6HJR16MjMDX03+xz+1rYftOeCNQ0zxLbrovxI8FXS6d8QvCrZV7O62gpdw5/1lrOv7yORcjkrnchA+3yHibFYecMbRlatStzf3o7X+7SX6dfmM7yeMZOaXuS38m+vo/wAH6o/j1TcdyvHtZWKsrcFSOoPoQa+7/wDgif8A8Fa9U/YL+JZ+B/xo1KW4+EPi7UVa+kYlpPC+oNhRqEPrC3CzxdCuJFwyHd9bf8HIP/BGma21jXP+Ckv7LPhNWt5ib34v+GNKtcNHIT8+txRqOQxO65AGQxaY8FyPxZWSKUbonVlboynOa/pGnUyPxA4dlCa5oTVpL7UJeXaSeqfX0uj4K+KynGKUdGnp5/8AA7n9KH/BU7/gl98J/wDgph8GLW90270zT/iFoun+f8P/AB9ayBkuLeQeYtjcSJ/x8WMuQ8bcmFmLxkLJKr/zmfFD4X/ED4JfEXXPhB8VfDFzoniXw5qD2WtaVdoVkt5k/mrDDKw4ZWBBIIr9HP8Agh5/wWfb9m/UNJ/Yv/az8TeZ8N7u4+z+EfFl8xaTwnM7cW8rfxaezE8HmAncvy5Wvvn/AILA/wDBIzwn/wAFGvAEXjr4czaZpfxa8Paasfh3XJpVSDXLQAvHY3Mo+UoQf3M5JC7gCdhBH5bkOdZp4ZZwskzmTlhJv91U6Ru9/JfzR+y9Vo9fosZhcPn+FeMwytVXxR7+a/r17n8/P7Pniv4ReBPjX4b8X/tA/CGTx94LsdRD+IvCEetTWDahblSuFmhZXUqSJAoZQxQKSAxr+lj9gz9rz9hj9p74Saf4W/YS1fwnotnYWrS3Hwx0PT7fSb/S9uN7Pp8eGkALDM6iRSWyWyTX8yHxK+G/xC+DXjzVPhX8XPA+p+GvE2i3TW+raHrFq0NxbSDsVbqCMEMPlYEEEgg1laZqmr+Gtcs/FfhfWLzTdU0+4W40/UtOunguLWVTlZI5EIZGB5BBBB6V+hcY8F4XjXDwqQxEoSS91p81Np6puN7O/wDMrO1r3SSPGyrNKmU1ruCeuqa1Xz3+R/XBqF3qcMTodXmQKf8AlnHGWU/8CBrhfHOt+J2sGi0nXbHzMf67VLFpG/HYy/pX4WfAz/g4S/4KJ/CHTrbw/wCPvFmjfEzTrfau7xxpgkvzGqgBPtsRSZv95y7E9TXuFr/wczC+0Jl8T/sZ251Zl4bTvGEq2v8A3zJEz/8Aj1fgmYeEvG2Dq2pUo1V3jOK/Cbi/wPv8Hxbk1SN6jcH5q/4o+1/i3rHxztlaey1qxkUN8zWN89uV9wCR/PNfEH/BR/wn+zHrPhz+3/2przR/DfjBlEuk+ILBlj8QTnHysyRgyXUfy4DTjAxhZFNeC/Hv/gvH+2L8WLebSvhhpXh34c2si7TdaDZm41AcYO26uSzRkg9Y1Vh2INeJ/srfsDftuf8ABSL4jXh+CXw81rxTPJP5viLxtr14YdPtWZhmS6v7g7DIc7hGGeVwG2o2Dj6zhvw3zTI5LMs3xUcJGnreMlzealK6gk+3v32aOXNOLsFjKLw2Fo+1v/MtPVLd/fG29z6l/Yw/4L1+LvAPg28/ZK/4KB6BH8ePg5exmzjuvEWnpc6tZ2+cKGeX5rqNQSVWVjLGceXKoVVHrVp/wSq+B3xwlj/bL/4IM/tkf2HqmmyLcXPg7VNZkjk0h25NtJK4MsMZB2eXdrJFIFYGWQE1l+Hf+DVPx3a+Hobr4l/tt+F7HUiv+ladoPhO7vo4W9BNLJBvHvsFVbf/AIIG/tDfst+I7f4p/sq/8FJNF0Xxlp83+g3E+m6j4fO3Iyhu4mnXacco42MOG4ruzPOOBY1p1MmzJUKk9JQdOcsPVvv7SHJyq/Wcbbt2Z4mFwOdSt7fDSklqmnacfSV7/fc+K/8Agprqf7YV38eNPm/bP+Cdx4J8UW/h6CyWFLAwWepRxlj9rt2QtDIrFyS0DNHuzjH3R2H/AARY/bvs/wBh79s6z1zxxrjWfgvxrpreHPGE0kh8u2hkkSSC7IzgGGdI23YyEMgGNxr7C8V/8FLv2xfgRoa/A3/gst+xdpXxU8C3UxC+KNMtrG6gmc5H2hJrbfZvMFLsChgnAPVeTXm+uf8ABN3/AIJh/t+ibxP/AME3f2pbfwr4guVMi/DnxVv86JtpZkFvKftJUcAvbm6RcHJr1Y8Q5fLhl5ZnGFVPCSi4Kth37bD26NSjeVOz1SlF2a3MpYDGyzL6xQqc1ZPmcZ+5O/o7KV/Lc/VL42fEp9U1aOGS9jkFvbwtBJHNuWRclllRh1DKQwYdQRXz1+2z4g/4XJ/wT0+Nvgq8naSX/hW89/tDZy9hPb3u7/yWJ/OvinRfiB/wVJ/4Jm+F7b4cftK/BS6+JXwt0dfsukatp98b6LSoVJwlvfQhntk5IWC5UAYAVFAr03wR+3r+x5+0T4B8ZeA9C+MkPhjUPFPw98QaQ2h+OVXTmWe60y4gjRbpj9nk/eugHzqx/uivx2nwnmeU4qjmGEksTQhUjKNWi+eNoyUveUbuD01UlZPTme59+s2weOwdTC1l7Ko4tOE/dd2ujdk0+ltX2PyJF1JMuzd196/pm/4JY2Fto/8AwTp+A+k26hftHw7s5mx/enu7l2/9Dr+ZCVXikaJhhlOG/Cv6TP8Aglr46ttf/wCCeHwP1WymV1s/h3DattPSS2vbqFl/Ax1+qePftP8AV3Ctbe1/9slb9T4rgNJ5pO/8p+HP/BTTULi7/wCCo/x4u7i4Zyvxk8RqrMeirqE6qPwAA/CvNE1JLZd7z7VUZbJ6e9euf8FdfBup/D7/AIKq/HLSNXTbJdfEzUdVj3d4b6T7bEfoY7hD9DXiOm6pLpeu2utQWkM8un3kVxHb3cW+ORo3DBXU/eU4wR3FfsHDso1eHcLOnqnSptefuKx8biYuOKnGX8zv95+33/Bvh/wRZtrRdG/4KJ/tm+EJJGwt58J/A+qQnYSRlNYu4m68HdBGR3Eh/hFfr18RvCvgr42eBNc+Ffxq8K2nijwz4ks3tNe0PVl3QXULjBGBgow6q6EMpAIIIBHxZ/wSd/4LE/D39vvwS6eJpLfRdesvJg1rRpJlH9jXDAKjAcf6FMRtR8YifCNjINfbd0GgmKOu1kOHU9q/lXivifiLHZ7OeLTo1KUrKF/ga2163WqezTut3f8ARMBleEo4VRVpqaupdGvLtZ6PqmvQ/m7/AOCvf/BJPx7/AMExfiSvi/wRfah4k+DfibUGj8K+Jrhd1xpMxyw02+I4EqjISXgSqucK2Vr5B/4SWK1tWnuLnaqrl2J4Ar+uP4n/AA2+GHxz+G2u/BT40eC7PxH4R8UWJtNc0TUFzHPGeQynqkikBldSGVgCCCAa/PH9j/8A4Ngf2bfgP+1nqHx3+NPxLHxD+H+jXy3nw78Cahanc02dyf2m33Z1hPAVQFkIBcEZU/rXC3irga+VuOaO1amt+k/8n3/V7/M5jw/Wo1/3OsX+H9f15eT/APBCf/ghOfH7aB+33+3p4Vkh8N27R3/w4+G2pQlX1iTIaLUb6Nv+WAIDxQEfOcO/y4Rv2l1jV5tSmM8pCqq7Y414WNR2AqnqGsS6hN507KMKFjjRcLGo6KoHQAVzPxJ+Jdp8OfCray0C3F9cy/Z9JsWbH2icjPJ7Io+Zm6ACvyXi7jTFcRYiUpvlpR2X6v8ARfm22/oMsyf6rZJXm9P6/V/kjjP2s/2ifCnwE+Herar4j8Y2egw2WjyX/iDXrx8R6Lp4GDKccmV87I1ALMzAKCxUV/Ml/wAFKv2+fEn/AAUD+OEer6ZFd6b8PvC/mWvgrQbiQhihP7y9mUEg3ExALHkhQq5wte0f8Ftv+Cn99+118Srv9nH4NeNW1TwHouqmbxN4htZcxeKNVQkGRGHD2kJykOPlbG8ZBU18NxqkMYQdlxX6x4V8Byy+nHPMyhavNfu4v/l3B9Wuk5rfrGLto20eTxFnEZL6hhpXgn7zX25L/wBtXTz19WkpEu1F249BVXUJ28r5Wwfb6U+dwDzVG5WS6ZLK3XfJNIscar1ZmOAK/bj48+lf+CbPjS+8A/8ABZD4L+IdHkaOTUviXotnIVOMx6iIraUH6pcuPfNfrr/wWhn87/gkT8bbNl3eXbeG3Hsy+IdPX+Tmvye/4JpeB7b4kf8ABa34Z6AJVEPh7x8upSP22aJbSXbH8rGv1K/4LMa3Z2f/AASU+MEt5cKkl5F4bsrdW/jmfXLOcr9dltI30Wv5v8SZU/8AiKmSqPxXoX9Pbu34qR+gcPRn/qrj29v+Br+h/PlBM0ds5J+bBxX9Png/4hab8Dvhj4T+GFnNJJaeBfAeh6Haxb8lhZaXbQhfqXQ/iTX8v1lbyXl2tlDjdMwSPcwUZJwMk8D6niv28/ao/wCCg37JPwP8X3114++MVrrF8zRvB4Z8GTR6ldSbY0GJJI38i2GRz5kgfByENev4z4PMM0rZdhMJTlUb9q3GKcndezSbtsrN6vRa3DgaeDw/1nEYiSikoq7aW97pX32Xmfd3wN8V6rJ5MF7df6VNumvrhpP+WkhMkzs3ZRk5Y9FWvwZ/4Laft5aX+3h+29qHivwRepceD/BunJ4a8H3EYGLq1hkkeS5BH3hNPJK4JydpUZwBXsnjn9rP/gpp/wAFWNOvP2ff2Hv2aPEXh/wRqym11y800mMXluRkxX+qzeVbwQsB80QZFkHyneDtPVeHv+CH37G37D/hmH4nf8FdP239C0S4VVnt/hz4PuDJeXuCd0aHabi4GdoLwwiJSeZcEGvE4Iy3LeA8ZLF5xUTxcly08PT/AHtVJ7txhf3nsuiV/eu2lfEWOqZ5ang4v2S1c5e6m/K/RfefJv8AwTL/AGkP2kPgx8QvE3gX9ln4LXnjzxf440aGx0vSbXT5LzyJ4rhZFumhQHeqLuzvIQZyxwDX2Fbf8EhtO8FXkn7bv/Be39rODRV1ib7W3hGLxEs2q6rIFUi18yPfhVysZhtEcRou0NEoDL3/AMO/2+PiZ4l8ISfA7/giL+wzoXwo8F3cn2a6+KPj6G3s1vGG7ErNKWFzKu5sB3umTjCgcVzmq/8ABvt+0n+2D4of4uftU/8ABTjSde8YXy7byZ9D1DVxEu4sIoppXhURKWO1ERUUHCgCvQzDiDD1M4q4jEVaeWuqkptfvcXKKSST5FKNBNJb3kmk2r7clPA476lCEacq8IapWappvr0c9eu3Y8n/AGu/+C6Xm/DmP9kH/gmR8PbT4L/DdMWTeItPtRbancWx+Q+WULNaBh80k4d7qX+KXllb3r/gl/8AstfAb4YeGJfir8EdX0f4heK2Qf2/48s9Sj1C6sC4+aOKPO+xVstl2USSDIL7flrkfH//AAaT/tEWuhpqPwL/AGt/Afim+Zju03X9KvNGG3H8M379CxPGG2j1Ir4Z+PX7HX/BQX/glV8W9N1L4reBPFvwx15WaTQfFmi6l/ot0vG77PqFnI0MnDLvjD7lDqHUbsV6VTIeFuIskeXcO45U3JtzvdyrS3/etuNSX4pXvytJIzweaYzKcd7fHYfn7dORf3Vql+fmf0E/DLxpr9hAn7rUCv8Ae+1ALn6MDXrvh74lanEizXOm3U64+7CqZr8GfgJ/wcM/tlfDhY9P+MXhPwp8SIk+9f6lY/2fqD8/eae02LIccDdGT6k19KaZ/wAHQfwvs9Mz/wAMQa81/wCX/wBD9D9n3/T7Nv2/jmvy/F+FXHGDrckMOqi7wnG3/kzi/vR9YuLsixELybi+zT/NXP2J8PePv7Q+aOyurc46TkA/oTXCftm/t1/st/sS/CWTxh+1l480+xsdUtZP7N8J3MMd3fa+ANrJBZPnzk52tIyiNdwBbkA/iv8AG7/g5t/bX8a6TNonwG+H3hH4brIjINWt7d9Uv0BOVdHuf3cbj1EZ61+f/wASvib8TPjf8QNS+LXxl8fav4q8TatKH1HXNdvnuLibAwAXckhVAChRhVAAAAAFfZcNeEWbVKkaua1FSivsxd5v5r3V63b8j5vNOJsJKLhhoXv1e33HYftlfGj4TftEftK+JvjD8D/2dNB+FfhnVrgHTvCPh1pPJiUZ/fOpby4pJM5aOBY4k4VUyCzcL4O8IeKviH4v0n4eeA/Dt3rGva9qUNho2k2EJkmvLqVwkcSKBksWIFQ6DoGv+L/ENj4R8H+H77VtW1S6jtNM0nS7N7i6vLiRgscMUUYLSSMxCqqgkk8Cv6IP+CKP/BF3Rv8Agnvo8Pxz+O2n2OofG3WdPaKQQTJcReEbeVMSWdvIpKNcFCUmuEJABeNGKFmf9a4m4nyvgjJYufvSty04XblJpWV27uy6t+m9j5fA4HEZpimltu30S6nd/wDBIH/glb8Mv+CYvwPuvE/jUaXc/E7xBpgm8e+MLhlK6ZaoPNbTreVuIbWPbvlZSPOeNWclYowv5Of8Fzv+CvOs/wDBQD4qH4EfBDWJLf4NeDNSf7HNBIyt4r1BflN/N/0xTBWCPGACztlnAT2r/gv5/wAFqT8V5tY/YD/ZC8XL/wAIrbzPZ/ErxhpsmP7ZkQ4fTLdx/wAuqsMSsOJWXbkoDu/Jf91bwYLLGq9ycACvleA+GcfjMW+I87vKvU1hF/YT2dumnwrotd9u/NcdRp01g8LpCO7XVlyxsrrULmDTbCwuLq4uZkhtbO1haSaeV2CpHGi5LOzEAKOSTiv6cP8Ag3//AOCQ1l/wTq+BknxZ+Mvhu3/4XJ46sYx4gkkYSPoGnlhJHpcbdFOQrzbfvyKoJYRrj5C/4Nnv+CNN3Z3Gk/8ABST9qjwC9vM4W7+D3h/WICska/w63JCw+XPW2LjJGJ1GDE5/VP8Abi/a9h/Zl8Eaf4T+H9lHrnxO8cXElh4C8Nhs7pguZb+4/wCedrbrmR3PUhVHLcZcc8VxrVJZdhZ2hG/tJdNOl77LrfS/3mWW5fUrSjZXlLZHl/8AwUX/AGg9U+J/iv8A4YG+DerSwSXllHe/FnxFZt/yBtJc/JYKw6XN1gjHVY8nuK4nT9M0Xw9pVtoWgWEVrY2NulvZ2sK4WKJBtVR7ACud+FvgS0+E3hSey1LxC+r65q+oSan4u8R3X+t1bUpeZJ2P90fdReiqoArqPsWq3WgzeLLmWw0jQrVS954k8SajFp+nW6DqzTTFQQO+M1/OGaZlLNMYnG/KtIr9fn/Su3f9VwODo5bhFTul1bfV/wBaLy0KlzOmG5rI134g+Hvg94F8RftPeLZkt/DPw50+TVb7UGwFuLxFItrOI/xyyTtEu0dyB1OK8S+Nv/BVf/gn/wDBXztH8N+KtX+N2vw/L/Z/gC3NtoKyj+GXVZysUi+8Jkz6c18JftP/ALYn7U//AAUl+J/h74VweBJ7u3tb4n4e/Bn4f2ck1tBcBSPtJQDddTqhP71wFjBYqBkmveyHg3NsyxUHWpuFO93fSTXaMd9f5nZW1u9jlx2bUYUZRp630u9l/wAE+uv+DYzwf4o+J/8AwUT8WfF7XdKkP/CM/D28vNYu1yVi1LVr6MpGx/vMkV2w74Qmv30r41/4Ilf8E0rj/gnF+yzJpnxFhs5viZ44u49U8e31qwkWFlQrb6ekg+9FbozgEcGSWZhw9fZVf15k2Cll+XwpS33fq9T8kzLExxWMlOO2y9EFFFFeocIUUUUAFFFFABRRRQAUUUUAFFFFABRRRQAUUUUAFfO37bP/AASy/Yw/b4sJJ/jn8KrdfECwmOz8ZaJi01W34AX9+gzKo2jCyB1AGMYJz9E0VNSnTqRcZq68yoTnTlzRdmfgD+25/wAGuX7Vvwqtp9c/ZI8cab8XPDeWMnh3xAkWn63apgYIY/6Ne4wxJHkP0Co55r4X+Cnxz/bV/wCCevxUm8D+BvHPjT4W6tp8zHUvB2rW0gsy2c7ZtOuvkKFsZKBSw6Gv65q+c/8Agov/AMEzP2a/+Cjnwa1DwH8XfB1vF4hhspT4T8ZWcQj1DRbzYfKmSQYLor7S0TEo4GCO9fM5lwvg8XRlGmkr/ZaTi/k9D2cLnNWEkqy5l36/efAP7D37bvhP/goR8ONe1aTwfZeFfip4HSGfxp4b0uYmx1awkYqmq2Qb5lTcNskZ5jbAOQyk73xHs/iN4K8bad+0j8A1hTx54btTC1pLJsh8Sabnc+mXJ7g8mNzko+O1fnb/AMEspPHP7LH/AAVW8HfDj4muthquoahrXw88WWcIO24kmt5dicgHYbu1t5F47r61+m2svLbXTWT/ACvCzK249McV/KnF2Wx4ez5fV1yprmtrZO7jKPmrr5JrW+p+oZRW+t4aVOp7y8+zR9KfAH9on4YftZfCaD4r/Dfc1rN5lj4g8P6pABdaReAbZ7C7hbPIORyCroQwyGBr8Jf+C73/AARE1b9kPxDqX7Y37KPhOa6+EuqXTTeJ9BsI2d/Bl07fe2jJNhIx+V+kTHY2AYy36DX2qfFD9m74n/8ADUH7POkDUr5wkfj/AMErKY4vFenr129kvYxkxS45PytkGvtT4UfGH4PftR/CCH4h/Di7h1zwxrltLaahp+oWyloWK7Z7K7hYfK4yVeNhgj1Br1+FuKsRw7i1jsLrTlpUg/60fWMkreW6Xh51knPH2b2+y/0Z/HSPKuVO4blYdK/UT/gi3/wXLvPgLcaV+yD+2r4smufh5IVtPCPji+YyS+FmPCW9y3LPYE8bjkwZ3D5AwGX/AMFxv+CHWu/sc6zqX7V/7JHhyfUvhDqFx52uaDbKZLnwZcO3zKRyZLBjzHL1iz5cnAR3/M8GN4dzbWDL69a/o7EYbh3xC4fSladOWz+1CX5qS69H5pnwlOrjcnxfu+7Jfcz+lD/gqZ/wSl+Ef/BTD4bR6rbanp/hz4maVpu7wb47VRLbXce3dFaXrRZM1nJn5Zk3NFuDqHUFG/nd/aE/Z0+Nf7K3xTv/AIK/tAfD+98N+JNNb99Z3QDLLHniaGRcpNE2Mh0JU19u/wDBIj/gub4t/YsGnfs5ftQPqHiL4RtIIdK1CFTPqHhHc33olJzPZg5LW+dyjLR8/I363/tafsb/ALHn/BVX9n/Tbfxpc2OuabdWrXHgP4leFbhHu9LZh/rLeXpLEePMtZflOOiOAw/JstzrP/CjMFlmbp1cDJv2dRK/KvL/ANug3pvHz+krYPB8R0fb4W0ay+KPRn8vciBjwtJb2V1e3cNjY2s089xIsUEEMZd5HJwFVRyxJ4AAya+g/wBv7/gmv+0n/wAE6PH6+G/jHoY1Dw5qF1JH4Z8d6XCx03VwOQoY/wCpm2/M0L4Yc43AE14d4T8Y+KPh94r0zx74E1+60nWtFvor3SdUsZdk1pcRsGSVG7MrAEH1FfvmDzDC5lglicFONSMleLT0fq1qtd9Lrtc+OqUalCpyVU01uup+t3/BLz/g27iaxsPj3/wUi065t/MZLnRvhJBcGOZl27lfVZE+aLJKn7KhD8ESFeUr9WtPsfDnw88H2Xw6+HfhCx0HQ9KhEWl6LpNmtva2ygfwooxn1blj1JJ5r8Rv2ff+DoP9vH4f6klv+0X4C8GfFbTTITcS3FkdF1RhjgJc2YEI+slvIT619NaJ/wAHRH7GfinT4B48/Z6+KHhq8l4uV06TT9Wtoc9SJDJbSMB/1zzX82ca8M+J2c451cZS9rH7KpyThHyUW1L5uN33Z99keY8O4Omknyy6uSd/v1/D8j7p8deJNRtbGRo9TVZeePLYKB9eT+lfNPxS17X7q+Z7bWIVZmO75XkyPxxivIPH3/Be/wD4Jw3+nfbrbxd8Rb5mQs+n2fgaNJfpvluwnP1Ir5P/AGnP+C8Nvq1m2h/sa/BG40CaZcSeMvH00N9fR/8AXvaRj7PA3+25mPptIBr4/K/DrjLHYlQjg5Q7yqLkivN82rX+GMn2R9bU4oyLB03J1lLyjq35dvvaPfP2qP2jvhv+yx4Un1b4z+Ld9xqduzaf4PsbQNcasOysjfKkJP3pJBtxnAY4U/kR8SPHDfE/4pXnjXwl4Fs/Dzahe+bZ6N4ejdY7ds/KIwOd2e4xk9AOle+fsbfsI/tlf8FdPjrqEvhvVLq+8qVZPF/xE8WXUjWemhuR5kmCXkI+7CgLH0A5r90v2Ov+CYn7Ev8AwTf8J29v8OPAlr4o8ZLD/wATT4h+J9Pjm1C5k/iECNlLKHONscY3YUFnY81+rUcZw54T4aVOpN4jGTS5oxdopbpNbJebTm97JOy+OxlbM+Ma6VOChSi9G9X63/RWS89z8cP2aP8AgoR/wVj+A+mR29z8O/Ffjrw/BCImsfGHhe9uSsYGAouVCzgc9N5HTtxXU+Mv2u/+Cbf7Qztpf7YH7GuqfDXxQ6/vNU03T3aGRwMlmaDyLhMt2MUx9WNfsT8bP2lf7DSSfUvGtxbSYysS3DeZ+Qavin4+fFyP4qPNp/iH4a/8Jhp852ySeI9Dt7iNl+typbH0r4aHFmUZpmDxMMt+rzf/AC8oVpUpfO0VCT/xLU+hoZHmmGw/s54lVI/y1Ic8fxd18mfAfjD9hX9kP4kad/wkP7Mv7Rd3Ju+b7BPHHqCJ3wf+Pe4iwOfnhY+9fpJ/wQr8WSTfsVXnwM1vUbSbVfhT8QNQ0m4W2ZsvYX6pe2sxDAEK0wv1H+5X53ftofAz9nb4Y+Crj4t6N4Qk8E61JMYtFh8O6tJGl9cHqFhcvsRRyxQqoGBjJArd/wCCDP7YN98OP24ZPh38SfE00um/FTSV0Ka4vLk7Y9QicS2EpJOCwkDQgnotw3rX1/EWXZhxRwDiKtOvUrQotVIKpGPOnD4lzRvz+5KWu99LX0PIo4jB5NxBSjKlGnOWknBtxalt7svh1tp21Oi/4OW/gZeeDf2z/Df7RWn2c32H4leB7I3l0zZB1TTEGnTIPT/R4bKTnr5pNfBus28tu9j4gSPFvqlosispH+sX5ZF+u4Z/Gv6Av+Cwv7Hmo/tj/sG+INH8LaI114v8AzN4m8N28akzTCKMre2yKPvM8A3BecmEAAkivwN+HlsPHfhDU/h0hzqVqG1Pw+veV0H7+Ae7RgsB3aPHevsvCDiCnnHB1Ki37+H/AHcl1svgfpy2XrF9j5rirL5YDOKmnuz95fPf8Te/Z/8Aj78Sv2Y/i1pvxq+E+sta6tp8mJYmOYb63biW2mXo8TrwVPsRyAa/pc/4Jf8A/BSX4W/tufBvS77RdcUXG1baOK6mBudOvFHz6bdZOd38UE3SWPjhlIP8tFjcedGM16p+yN+1r8Vv2Lvi5b/Fb4X3SzQPth17QbiVlt9Wtd2TFJtIKsOqSD5kbDDuD1eInAUOKsIsVhLRxVNe70U4/wAkn66xf2Xfo2TkOdf2fL2NfWlJ/OL/AJl+q6rzsf12eYUlwRypwy1YiutvVutfLH/BOD/gpB8Kv26/hPpWuaD4j87UnVbcNeMqXImC/wDHndKOFulHAcfJOoDrySB9ORySecsPltuLY2nt9fSv5NrU8RhK0qNaLjOLalFqzTW6a7n6M4qUU0001dNPRp7NPt/wz1Rc1TVtO0LRLrxDrd2tvZWcJlup2/gQfzJ6Adya/E//AIL6f8FY9U0yC+/Zc+FPiDy/FXiC1aHxF9lm3f8ACMaLIo2WW5el5cqd8vdIyq9X4+tP+Czv/BUfwr+yB8EnfQNSguta1F5rbwPorfN/aupINrX8q5/49LbcCAeJJCo9cfzl6trvifxt4k1Dxz421qbUNX1a9kvNSvrh90k80jbmdj6kk1+teFnBK4gxizbGx/2elL3E9qlRPfzhB/KUtNotP5viDNP7NoPDUn+9mte8Ivp5Sl17LTdkOnW4tYFjUbcVaaYBefzqEnauKimmx/Sv6iPzkS6nUAkn5a2Pg9FaSfES18SapEJLHw7G+r3wb7rLANyJ/wACkCL/AMCrl7+/jjQiu38Y6aPg78GoPBupKq+KvGkkN/qluP8AWafpajNvC/8AdkmY+aV7IsefvUpO0SkfZn/Bub8KdU8V/tM+Pf2mNbt1mi8MeEZ9PtbyeM7jqWqP5BdD03C1+2E+zj1r6M/4OEPHl7qX7N3wy/ZR8HQifXviB8Qm1poVuVjxa6fbSWsSvkgBHmvpWBPANsfSvZf+CVX7JGqfsg/sc+Gfhv4h0GS18ZeK5V17xZZyJiaC7uVVbWzb0eKApuU8rJK6n7tflj/wVw/bIufjN/wUG1XxH8OPE9xBpHgGJfDPh/ULOQSfLb7luJ4s4A8yZpmHPcEGv5ly2dTjjxcq4/DWlSwqfK3dxfInGG3R1G5q28Uz9Irxp5JwjTw9a6lWabXWzab37Lv1Zp/DP/gl78HfCGk23jP9rz9qjSvD9q3zSaZo80UePY3NyQc+0cEuexNeweC/2if+CQv7MsyWX7L37IWt/G/xbDh47i40uaS2VuhLT3iO7fRLNVJ6N0NcR+yt+zX+yj8Y9CHxVEGofEC8iljGqz+K9YkLW1wwyEe1h2bQcHG95FbHHoP0A/Zz8UJ8KorbSPB/hfSPDenxRhIo9D0+OzVV9P3Sg4+pOaXFHEc4150sfWr12m06aksNT9GoKVSS9XF2PTy3JY1KKnhKdOmnqpa1ZPzvK0V8k0fDf7Rv/BXr/grv8RfDq+G/AXwm1n4T+F4YdtrZeD/B9zC0UQBGBcSIzINvXZsHGQBXxZ8Mvivp9j8b7X4nftAWV94wSS7zq82q3TXV0x6edmVj5rqedrnBxg1/UT8EPivquq20Mv8Abc91bzYV2N0ZEYHqDzg5HavPP21/+CNv7B//AAUB8PXj+Jfhrb+CfHEsLHSviF4Ms47adJcDb9rt0xDeR/KAQyhwC2x1JJquF/EbhnCRlgp5dHDU5rlcqTvLXrJ2Un68zfkeRmnD+bUqsa6re0cXdKS008tV8rHx9+znpFn8Z/COnfEn4Y+PrPxDorRKLa6sfmW0AOBFJFgG2YdDGwBHbI5r7A+CmmfFPQo457NtHuoVxujuVlVvwK5r8R/2l/2TP+Ch3/BDv48Wt7aeMb3RrfUmb/hHvHPhedn0nXUQ8xurrtLgctbzLuA7Ec19Sfsp/wDByta6Jo0fh/8AbJ/Zumv76FFVPFXwzmitXusADdPYXDeTvJyS8MkS84EYry8+8Nc5rRWOyWccVh5axs0ppeadk7bOzvf7KPYwfGeDnH2ONg6c1v1X+a/H1Z+0ngLx5rEVqia74Wa3PTzbK686P/x4Kw/Kus8W+G/hd8dPh5qHwu+LPgfTfEnhvVo/L1LQ9asRNbzDsSrDhh1DLhgeQc1+b/hj/g40/wCCY1voy6jd+MfiBbXG3cdLk8Bs0oPpvS4Mef8AgWK4/wCI/wDwdf8A7LnhvSZI/g3+yt8QvFGoI+2NfEmrWOi2jL/e3Rfa5T9Nqk9MjrXh5Zwbxx7VeywdSMk9G1ya+smvv2MMwzXI6i/iJ+mp8/8A/BZL/g3c1v8AZZ0q8/aj/Yeg1LxF8PYy03iTwXPun1Lw2uc+dCwGbq0xwc/vIsDO9Tlfyxi2ModGDKV49xX31+0l/wAHKn/BTf4/abd+GPB/iHwt8MdDu4ZLeS18C6M32qSFsjEl3dyTS79vBaMxg/3R0r4EhijtoljRMKq4Wv6f4To8UUcu9nnTi5q3K07ya682lr9mm79T84x0sFKtfDXt/WxOqpjJre+GXw2+IHxm8e6V8KvhL4M1HxF4k1q6WDS9H0u3Mk08h7AdgOpY4CgEkgV3H7Gv7FP7Rf7eXxZj+D/7OPgWTVLxFWXWNWuMx2Gj25bHn3U+MRLnOByz4IUHBx/RB/wTj/4Jd/ss/wDBLL4W3XiGzvLHUvGR0lpPHPxU17bCfLADSx25fiyslI4XO98AuzHCjzuMuOst4To+z/iYiS92mt7vZy7L8X0N8tymvmMrrSC3k9v+HPNf+COH/BE/wp/wT30y3+Nvxvl07xJ8ZtTtWH2iy/e2XhWB1INtaOwHmXBXIluMADLRx5UGST5d/wCC5/8AwXOaeXWv2Hf2HfGrLCA9l8RviJo9wP3p6PplhKh4UfdmnU5JyiHAYnh/+CzX/Bf3VPjxJqn7KX7CXiC603wPte18V/EKEtDdeIj0a2s+jQWY5BkPzzHP3UA3/lXCIrSEIo2qgwK+T4V4LzTOsyXEHEr5qjs4U3tFdLrZW6R76y10PQx2Z4fC4f6ngdI/al1ZJEsNvCEX5Y0HHoK/UL/ggX/wRL1z9sTxlpv7Yn7Uvg+S1+EGjXAl8N6PqMZV/GV4jcFUPP2GJh88h4lYeWm7EhTA/wCCH3/BDrxD+3Br+m/tR/tR6JcaX8G9NuvN03R5d0V14znQ8RR/887FWH72brJjy4/vM8f9AfxI+LHwe/ZQ+Dp8ZeM2t9F8N6FaxWemaXpduqs5C7YLK1hXG5zgKqL0HoATXZx1x7Ty+Usry581Z6SktoX6L+9+C9dufK8qqV2q01p0XVsm/aS/ae+G/wCyD8ILn4p+Pba5vDGyWXh/w3pMYa81q+YYgsrZP7zEAZ+6igscAV8U+B4viB4l8Wat+0X8f7qG4+IXia1CXsdrJut9A0/O+PSrUnoicGR+DI4JPFUNR8RfFD9oj4tN+0l8e7OPT5oY3h8CeCIZPMi8M2Ld5G6S3sowZZBwv3F4HPT2STaxeQ6Nb/6y+uoraJfVpHCj+dfzfmmZe2j9XpO63k7/ABPt5pd+r201f6jleVxwNP2lRe+/wXb/AD/4Y8k/bl/br0X9hrwPoFhoXhWx8QfFvx9Yy6l4Z03W1ZtN8OaKkhiGpXSLzK8kgZYoh98qxJATDfm7498Y/tVft8fFOz0jxRfeLvjB4svXB03w/aWzTwwckD7PYRYhgjHTcyjAHLV6v/wUH0/xT+2N/wAFY/FHwt+H1yyzN4o0b4deGdw81YUtkjgdo14yolkuJSuQCc896/oS/YZ/4J+fs1/8E/PhJY/DH4DeBLW2ultY113xNcQq+pa1cADfcXM2NzMzc7RhFGFUAAAfvXAfBeD+o066XK3GLlL7TcknZP7KSaVlv1v0+LznO506jurt3suiR+R/7HX/AAa5ftKfFf7P4v8A25vipZ/DnR94MPgvwfJFqGrtGCRtmuuba1zgHbCJ8hvvIwxX64fsb/8ABOz9kP8AYN8PSaN+zd8H7DSLy5h8vUvEFxm41O/XIJE11JmRgSqnbkLlQcZFe3UV+wYPLcFgY2owS8+v3nxuIxuJxUr1JX8ugUUUV3HKFFFFABRRRQAUUUUAFFFFABRRRQAUUUUAFFFFABRRRQAUUUUAFBGRiiigD+c3/grR4fb9lP8A4LcX3xM0eBna3+IHhnxja+cNob7RLb+eR/sqUmH5192fGCMaJ8XvEegK2VttSZom/vJIBIp/Jq+c/wDg6++Dmo6f+038K/i7a3LQ2fjDwBqugSTQxkfZ7ywuI54nZ+gLLfttHX9yx7V6F4E+N1h+0l+z18O/2qNHmD/8JB4fh0bxUobJsdcsE+zXEEndWPlhxuxuV1YcMK/mPxgy90sdCul9pp/9vJNL5tSZ+p8J4j2kIp9Y2+af+R1jzu6giUj+7XI6TrPxO/Zl+Jtx8fP2c7SO6OoYXx94Amk8uz8TwKP9dH2gvkHKSjG/7r5Bras9WjkOGb9asvFDKu8fWvxyhiKmFqc0PmujXZ/1purNJn2tSnTq03CaumfUnwZ+OHwh/ar+Ew+JnwxvYtU0O+8yw1rSdStlaWynxtmsL2B87WAO1kcYZTkZBFfjl/wWZ/4N9h8PP7V/ar/4J6+D7qfQfnvPF3wvtN00uldWe500ctJb92tzlouShKfKn1Rf6Z8Tvgj8T7j9o79lvU47LxNcwpF4q8M3Uu3S/F9smcR3SfdW4UE+XcABlJwSQSK+wP2XP2rvhl+1d4RuPF3wyu7rS9e0G4WDxd4N1T93qnh67/uyJ1eJuqTLlHHfIIH2fDvE2Y8M4r69lzbp/bpt6fNf+kzW/k7xXyebZJSrw9nV/wC3ZdfJP+v+D/JCs0LKHiYOrfdI719Sf8E1v+CsP7QP/BN/xjNZ+GCPE3w71i4R/E3gDU5iIXccfarOTraXQXI3L8kg+WRWwpX9Uv8Agrh/wQC8Eftd32sftI/sdWWl+F/ild77vWPDPyWul+K7jq8inhLS8k5Jc4ilkOXKM7PX4Q/EL4efED4R+OdT+GnxT8F6n4d8RaLdNbatousWjQXNrKP4WRgDyOQejAggkEGv6VynPOGfETJ5UZRUk179OXxRffvo9pK3yeh+d4jC4/JcUnqmtmtn/XY/px+CPx6/Yo/4Kpfs4al/wizaP468I6lbxw+MPBOvRr9s0uRwdiXUAO+Bwd3lXMeAWVij5BFfkZ/wU9/4N9/ix+y5Fqfxr/ZA/tbx58O7WOS61LRpYxLrXh+EHJLrGB9sgVTkzIoZQCXUAbq+H/2df2kfjh+yZ8WNP+Nv7Pnj+88OeItOJC3Vq2Y7qEkb7eeM/LNC+AGjYEH6gGv3S/4Jk/8ABeH4I/tmXul/Cj40TWHw1+KsmyHT45L7ydJ1+4ztUWc7kfZ7hsgCCRvmJIRjkLX5li+H+LPC/FSx2SSdfBN3nTeriut0uy2nHVfaVt/fp47LeIKao4y0Kq2l0fqfz2Ryxyr5ifMOxFL5KOOBX9EX/BRj/ghT+zD+2teap8S/AlnD8MPiZeSNcXetaXpuzT9UuWYs731mgXEjklmmiAck7mVySa/D39sb9hH9qH9gz4gJ4A/aR+Gtxpf2rc2i6/Zt9o0nWI1xmS1ulGyTG5dyHEiFgHVSQK/TuE/EDIOLaajh58la2tOVubzt0kvNa90jwMyyXG5XL94rx6SWzPGXtU2cLX0x/wAEuv8Agl58YP8Agpt8apvBXhG4k0DwboXly+OPG8lmZYtLgY/LFGuQJrmTB2R5HQsxVQTXzXIWEZKivoT9jH/gq1+3T+wR4fn8D/s5/FqGz8L3WqNqV94V1jRba9sbi6ZVRpCJE8xSVRQdjr90V9JnaziWW1FlnL7Zr3XNtJeeid32T07nDhvq/tl7a/L1sf0ifCr4KfBX9i34G6L+z3+z94Qi0DwtoNvtjMrK1xe3BH7y7uZAoM9xK3zM2MdFUKiqo4T4i+Kbl4nktdRVeDjzcs5/Cvybs/8Ag56/acvtOhh+JH7MXw/1y8RSJr6zu76z3nPUIsjBfoKp3n/ByN4+vIf+TN/CzPtPzSeK7/GfoAP51/LOP8L/ABCxWKlUqUFNyd3L2kNX31knr5o/UcBxPw5haEYKTVunKz9APFOinVZ98sDS3EzYTauWdj0AwMk+wr5u/bO+O3wC/Yn05z8ZNfOoeLJIfMsPAGlyD7fKSPkNyST9kjPXLjeV+6pyDXxL8Yf+C6H7dPxEs7rSPh/rWg/De1uQyNN4H0vyb/y2GNn22VnnT6xshr45v7rVtc1O41vWtQmury7uGmuru6maSSaRiWZ3ZiSzEkkkkkk5NfY8MeDeZe2VXOKqjBfYg25S8nKyUV/h5m+jizizTjynyOGBg7/zS2Xouvz08mdl+0f+0b8QP2nPiTdfETx1JFCrfutL0mzBW1023H3YYlJ6AdWOWY5JJJridI1fVPD2qW2u6JfzWt5ZzJPa3VvIUkhkVgyurDlWBAII6EUfZtnzEZoaImPgV/QOGwWGweFjh6MFGEVZRS0S7H5vWr1sRWdWpJuTd2+tz+lL/glx+3lo/wC3R+zPo/xnsNQjt/GuieTp/wAQdOixuttVRflvFXn9zdKPNXPAfzY+dvP5kf8ABc7/AIJp6z+yj8ZJP23v2cfDq2Hw/wDEutrdX9jpUJWLwtrEjb2iC8iO2lk3PCOFXJiAAVRXyj/wT9/bq+KH/BPn4+2vxg8CQ/2hpt3F9i8VeHJpSkOr2BYM0LH+FwQHR8Eo4B9RX9GfwG+L/wCzr+3b+zpH4++H8lj4u+H/AI00+TT9a0PWLdJDHuA87Tr6HnZMhwc98JJG2NrV/MmbYHNPB/i7+08FBywNZ2ceiTd3Tb6Sjq6be60194/RMLWwvFmVrDV5WxFNaPvbr/mj+aHxH4Ys/H2lXfxW+GdsrCMed4k0GIfvdOc/emRerW5bJyPuZwcDBrjYL+OZc1+jn/BT7/gh38bv2HNeuv2sf2IodY1/4c2e661C3smM+p+FAfvLcRj5rizwSPPCsqruEoUYZvhuCX4S/Fxlkv7q28D+JJG/eXDRt/ZF5IT1YKC1qSeuAU56KK/orIeIMr4iy+OMwNTng/vi+0lumv8Agq61PgcZg8Rga7pVo2kvx9DoP2Q/2wvir+xh8VYfiZ8NpVu7OdRD4i8O3EzJb6ta5yY2K8xyKRujmX543AYdwf6EPhz/AMFYPgp8X/8Agn5q/wC05e/EqS10rRtPP/CSavIi/bYLdQoNpOoIAvpHKW6YP74yKw6nH83fj/4M/Fn4aQpfeKPCUzabMN1rrWmut5YXK9mS4hLRtn03Z9QK52HX/EA0S48LWviC8j0y6uorm80uO6ZbeeaNXWOV4wdrOgkkCsRkB2x1OfkuNPDfK+MK9PFRn7KqmlOUVfnhfVPb3kvhlutmmtF7GT8RYjKabpSjzx3in9mXdeT6rZ6Pc9Z/bN/a48f/ALb/AO0Jqvxu8ds9vav/AKJ4b0UN+70jTYyRDboBxwPmYjlnZmOSc151E4jjrOgdYUVTwOlOl1O3i+TzB7V99gcDhctwdPCYWKjTglGKWyS2PBrVquIrSq1HeUndvzZdlmBHJ7VQvNQjgUlmrrfh58D/AIwfFm3k1Twn4Rkh0i3/AOPzxJrMyWOmWi9zJdTlYxgc7dxY9gTW4uu/Ab9n+5+0eF/sfxK8XQg7NUvbRxoenzf3ooZAGvWU9GkCxnrsYV0OdtEZ2K3hLwRonwd0az+M/wAarCOa6uEFz4R8Gz/67UD/AAXdwvWO1B5GcGUjA4ya+w/+CLv7BXin9pn4uS/t+/tF6XJeeGdD1prjw/HqUX7vxDrSNuDBSPnt7dsM2PlLqseeGUVf+Cbv/BG74/ft9+J4/wBrH9sO41bQ/h3eXAuY7zUm8vUvFrA/6u0jPzJbADBuCFjAIWLeQ2z9Tv2n/jv+zr+wD+znH8QviDb2+h+FfDlnHpHg7wfowWKS/kRT5WnWadu7SSkEICztlmAb8J8S/EGWvD2Rt1cTVfJJw15b6OEbfbezf2Fe9nt9tw3kVOX/AAoY73aMNVf7TXX0/P8APxT/AIKx/t4H9if9mu+u/Dms5+JPj23utO8ItJMxmso5FaO71bIIO+NXdYnzxOyvz5ZB/AZ3Z23McknJb1r0/wDbB/av+Jv7avx31b47/FCaKO6visGm6TaM32bSrGMYhtIAxJEaL3PLMWY8sTXnFvZ7zzmvtvDngunwbkapTs69S0qjXe2kU/5YLRd25S6njcRZ1POswdRaQjpFeXf1Z3n7MX7S/wAQv2V/ifbfEjwE0dwm3ydX0e8LG11S1J+eCUDseoYfMjAMORX7KfsT/tLfs/ftoeG4R8G/EHk+KIrbfqfgPU2VdTgIGWaADH2yIf34xuA+8g61+G6afubAFWtM/trQtTt9c0DVZrO9s51ms7y1maOaCRTlXR1IKsCAQQQQRVcaeHuW8XU1V5vZV0rKaV010U43XMuzumujto98h4mx2SPkXvU3vF9PNPp+R/Sd4B8La54V1ZdU8L6zdaVfRth2tPlRz/dkhbKOPqM+hFfRPw/+KHiuSCJPEfhO2aZfv3ulzFI5PcxNnYfocV/PX8Ef+C8f7fXwrgg0rx34t0f4j2VvsVf+E200TXwjUY2C9iKTsT/ekaQ17zpP/Bz38UrML9n/AGOPCscir96HxZfqGPuMH+dfgmL8IuOsNWtTpwqrvGcV/wCl8r/Bn3L4yyHFU06nNF9mr/imftv8c/gl8EP2zvgtq37Pv7RHgVdY8Ma9DtuLdyEuLOYD93dW0uCYZ42+ZXH0YMpKn+bP/gqP/wAEt/jL/wAEyvjXH4P8W3TeIPBOuySSeB/HEFqY4tRhU8wTLyIbqMEb48kH7yllOa+jfG//AAdF/toalaCL4ZfAz4d+HJM/NNe2t1qjY/7bSKM/ga+P/wBr/wD4KL/tmft539g/7Tfxmuta0/SZnl0jw/Z2kVnp1k74DOkEKqpfAxvfc4HG7HFfqfhzwzxxw5iHHGckcPLWUHLmafRx5U0n31s152Pis+x2UY58+HvzLra1/W54yqkDYx+lO8oFiWPtTQZC+K9C/Zk/ZY/aG/bG+Ktt8HP2bPhbqXinXrgb5orGHENlDuVWuLqdsR20KllzJIygFlHUgH9irVqOHourWkoxWrbdkl5tnzMYylK0Vds8/kkWBC7HAFfen/BLv/gg5+0V+3iml/F34q/a/h78KbkpPHrt5an+0Nbt8A/8S+FwMowPFw/7sA5XfjB/RH/gmx/wblfs/wD7My6f8U/2uBpvxU8exbJrfRWtTLoGlTYzhIXGb51PAaRdhIyEORj0v/gpz/wXW/Z0/YIub74eaPcw/Ej4sbG3+FNL1BTbaRJtO06jcISImB2/6On7zb12ZGfxnPPErHZtjHlfCtJ1aj0dS2iXVxvpb+9Ky8nufSYXI6eHp/WMfLlj/L1Z64tv+wf/AMEfP2RR9nXR/h38P9FZI2mmYSahr1/twNxx5uoXsnLEDIRdxAjjXj8M/wDgrB/wWw+OP/BRW+m+FHgiK68E/CGzvd9r4agm/wBL1x0J2XOoyr9/jlbdT5SHkhmAYfO/7Y/7bX7R37dvxVPxa/aO8eyatdQq0Wi6TCDHYaNbk58i1hB2xqeCzcs55Yk15t4V8K+LfH/ijT/A3gLwtqOua3q1ytvpekaTZPcXN3M3CxxxoCzMT2Ar2uEfDzDZLUeZ5rP22LfvOUneMH1avu1/M9ulrXfPmGcTxUfq+HXLTWiS3fqUHeG2iLttRUXNfq//AMEXf+Dfa+/aKstD/ay/bs0O907wHO0d94X8APvt7rxJDw0dxdMMPBZvwQow8y8gqrBj9B/8Ejf+Dd/w5+zzd6V+0Z+3to2meIvHMUaXWjfD2QJdab4fmPKvdnmO7uk4+Qboo3zy5UGv0S/ah/bA+GP7KnhK38UfEi+utU17W5jD4X8I6b++1PXrnH3YkP3Yx/HM2ERe+cA/L8b+KKlKWW5HK8npKoundR/+S27dzvynh+dTlrYhb7R6vsdJ8XPi78If2VfhHJ8QvHtxZ6H4c0WGKz0/TtPtVj8x8bbexs4EADO2AqRoOAOwBNfEmu+K/id+078SLb4/ftB2v2BdP3DwH8P45N1t4cgb/lvNjie/kH35DkRj5Exg1y/iLWviT8dviZb/AB2/aZvbe71zTjIvhHwvaSFtN8KQv94QqeJbpgAHuCM8YXAroYdakYbmkFfgmIxUoKUKcryl8Ut7+SfVPq+uy01l+l5flscOlOa97ouy/wAzqPtvy4z9a3vg5PFdfGvwrBIN0UGqfbZ19I4I2lZj7ACuATWTIcFx+dO8Z/FSz/Zv/ZY+L37XutXSRnw/4NuNC8IrJ1vNc1DFvBEg6sd7pnHRQ5PAOOTB4apisTChBXcmkl5t2R0Y6pGjhJzfZ/e9EfKv/BD3wAf2n/8AgsTovjrUx9stdL1rxT4+upGJ5C3DRWr/AIS30B/4DX9HYGOBX4h/8GlPwEB+Jfxc/aDvbS48rw74d0nwdot1/wAsZHmY3V+o9XX7Lp568CT/AGq/byv7f4coRoZXC3W7+V9PwPxHOKnNjmuyS/AKKKK908sKKKKACiiigAooooAKKKKACiiigAooooAKKKKACiiigAooooAKKKKACiiigD5i/wCCvP7Ckv8AwUH/AGJPEXwW8N/ZofF2nyx614Fvbptqw6pbhiiFsHakqNJAxxwsxPBAI/nk/ZY/bO/aB/4J2+P/ABR8PfEXwxg1DTrzUDB8RvhP4udrZZL6FRGZEcBja3aoqqJQCrqEzuG0j+rivmn9tn/gkp+xB+3vcS+Ivjb8LBbeKJLdIY/Gvhyb7FqsaoGCAygFZVXecLKrr0yDgY+a4i4cwufYdwqRTurNPZrs7arya1XQ9fK80lgXyu9t9N0+6Pyj8Cf8FPf+CXvxLgjufFnjP4lfBTUWAWTT/FHhd9W0/wAzriO6sfOyvbc4Q+wr07RP2jf2FNbtY28Lf8FNPgzM0n+rt9d1d9NkPsRNgg/UCuf+PH/Bpf8AGrTNWuNS/Zf/AGwvDurWEkx+y6P8QNAnsbiCLsGvLFpEmbrki2jHtXzb8RP+DbT/AIKq+GLua3g+CPhPxXBGeLzQfGNoyuP9lbwQyH8VBr8exfhDh/aXgqiXZSjJfK8b/e36n2NLiqpy+7VX/by/Pqfeei/DDV/iHafafhd4+8A+MkePcq+F/GNvcOwI6hc5NeM/Fj4T+OPCXxDtfiN4K1vU/h/8StBXZY65HCQ0sQP/AB73UZ+W5t26FTkY5FfmF8ev2Of2r/2LtYTVPjz+zR4t8AsrFbbXzp720X3guUvLVtq5JAHzjJPFfd3/AASj/bZ+Jf7WfhvxB+xB+0b4rbxNrGn+HZta+FHizUsNqW22UfaNLnlABnAGHR2+bazAk4UL8XnfAuYcN0HjKFRvk1acbPl621kpL+ZNLS7s9T3MDxBDGS9nVScXpddPX+v+D9p/sj/8FC9J+NuvR/A/4+eH7TwR8UoY8Q2Mc/8AxKvE6KOZ9Olbo56tbP8AOv8ADuFP/b+/4Jf/ALLf/BR7wi2l/Gfw9JpPi3T4RHofj7RYVTVLHAIEcmeLqAZ/1UnTA2spFfJvxB8E+E/iToX9j+LNMFxbviSNlYpNbSDpJHIuGjkU9GBBBFdx8Bf+CgnxR/Zq8v4bftcPqnjD4fxgJovxNsYfM1bQU6CPUohzdQDgecnzqPvA9R8tgcRisLili8rm6VaP2U9/8L636wd29lzXsu7H5XTqUXCa5ofiv6/roj8b/wBvr/gmD+1d/wAE5vG76J8bPCJv/DNzMf8AhHviBosby6TqseSB+8xm3m4+aCUK6n1UqzfO7osw2SLuB7V/XOB8L/jr8LM3B0Dxt4K8TWg/1ix32nalCR0ZTlSfY4ZT6Gvyi/4KR/8ABtbZvDefGf8A4Jv3kv3Wn1L4S61eb2VgCSdLun5cHHFtMSwJOyRgVQfvPB3i9gcyksHnCVGrtzfYk/P+V+unofneacMV8LH2uGfPD8V/mfPP/BPD/gv9+0b+yNZ6d8LP2htNvPil8PbXEMK3F/t1vSYef+Pa5kyJlXORDNkEDaGQHI/ZP4K/tD/sVf8ABTP4HXmn/DjxDoPxE8K6jCp8ReDNesl+12D4Py3djIS8Mi84mjJXIykhGDX8wnj3wF45+Fni698A/E3whqXh/XNPlaO+0nWbN7e4hYEg5RwDjg4PQ9iRUnw4+I/xA+EXjC1+IXwr8b6p4c17T3D2er6LfPb3EeCDw6EZGQMqcg45FepxR4W5Jn8/ruXS+r1/iUofDJ7ptLZ/3otPq0zmy/iHF4OPsay9pDs/6/M/Xb9u3/g2V8O+KTefEL/gn14zi0nUvmlb4a+Lr/FpdcD5LG/b/UuTuxHc/ISwAlULg/kr8cP2d/jf+zZ42uPhv8fvhRrvhHXLd8Pp+u6e0LOP70bH5ZUI5DoSrAgg4Ir9Qv2EP+DmfxFoK2vw6/4KE+BJNdtVCRW/xK8IWqx6hCMnLX1lkR3QwV/eQmKQBOVlZsj9PPDvif8AYn/4KXfBvy9JvPA3xe8JtGHl026iS7ayPBw8Lhbi0cHAOAhDDqcV8nR4y484BmsNxDh3XoLRVU7u3+O1n6TSl5noyyvJ849/Az5J/wAr/Q/lOkgw3JqGa0YMfnr9v/2vv+DXD4PeNY7jxj+wx8ZrnwbqDHK+C/Hk0l9pUmSOIL+NTcW4AyQsqT7mIBkQV+XP7V3/AATa/bW/YsuZT+0H8Ada0vTo2ITxFZxfbNLlUY+ZbqHdHj5h94rycda/VuH+O+F+JYpYOulN/Yl7s/ue/wD262vM+cxmU5hgJfvoO3dar7zzH4LeI/h/4T1+6m+IVgzRT24S3ufsK3McTZ53oecEd1yR6V6K3wZ+EHxGVtR8F3sOG5aTQLwZX/et5RuX6YWvFGhEgyTuHqDTYLSSCdbi3lkikU5WWNirD3BHNfVyhd3TPO5j0XXP2WPFUZZvC/ijTr5eT9nvg1nP9MNlP/HxXIaz8IPib4ZLSa54D1KKNeWmig86L8HTKn862vDnxz+LXhcLFF4kTULdf+XXVrcTqfbJ+YfgRXc+Gf2wIrRQvib4ayQt/wAtLjw/qrRr/wB+pVbP/fYqeatHzH7p4fNbQq4huV2P/ck4I/A17V+w3/wUC/aJ/wCCenxOHjz4H+II5tNvJI/+Eg8KapmTTtYiU/cljBGGAztkUh16g9q66H9on9n7xhH5OvSNCzcNH4g8PJJ/4/Hv/pS/8IZ+yH41Taj+GTL2Om6zJZOP+Ak7fzWuTHYbB5ng54XGUlOnJWcWrpr+tuz1WprRqVKFRVKUrNbNH7z/APBNT/gqp+yx/wAFB/C9vJ8MPFMfh/xxDCf7a+HOt3iDULforPbE4F7bnIG5BuG4B0XPPKftyf8ABuv+w3+2zd3njnwRaTfCfxtd/PJrXhWxR9PuZMsd1xp5KoSS3JiaNjtHvn8LR+zf4I0fXLbxR8Gfi7qWg6xYXAnsLuPVoJ2gkXkMkkTRuhB78mvuD9jf/g4a/b4/ZPe18F/tbfDaH40eFbU+XHrUN59j1y2jHGRdKrR3IAy2yeMuxIHmqBX4fivDXOuGsdLG8LYhpPenJ2kl2TfuzXlLXzk9T6n+3aGY0VSzCF2vtL9e35Hmnxw/4N7f+Cx/7Fmp3ur/AAG0r/hYfh5SXOpfC/WvOklQthVl0yfy7gyFcFlSKVF6b2xmvmjx037V3w31Obwr+0H+xnHJqEJ/0q38TfDeazuFPqzxJGcn3r+hT9nL/g4y/wCCU/xzNrba58a774eapIm6TSfiLor2JiPTH2iLzIGPptf8q+yfCH7Uv7KvxPtLew8MftGfD/XFuhm3tYfFtjO0vGeIzIT09q97A8Z8WYX93meC95X1Sabt1drr7raW+fmVsDg5a0Z6H8fR+LfhG0lU6j+xR4S8zoqTyanGG9cL5wzXQeGvG/7QOv30OmfAz9jLRdPur6RUtW0X4dzX0zMfuhGnWXn0x3r+wi8+EPwh1Ux3s/wx8L3jLlopH0K0kxnuDsPtWB49+NHwL+Ctj9i8YfFbwj4Rt442IttQ160sBheuEZ1zj2FbYjxKlTjanhHKXa7/AERNPLYylrM/me+FP/BCz/gtB+3Xrdvqfxh8E6h4K0ZSR/bfxa1Q6bDbYUcRWCK9ycj7pjtwh6Fl61+l/wCxh/wbl/sQfsfT2vjD4nLN8XvGVqwePUPEliINLt5QQQ0Onhm3YIBHnO/f5cHFep/tS/8ABxV/wSs/Z9SZLX46XfxD1QKCuk/DnTTetId2CpuZmjgQj/acnHQHpX5Z/tg/8HFX7ev7Wd9d+D/2XPB8Pwa8H3RKC+0+RrvW54sjmS+dVEecZ2wJHgEqWcc183jKvihxsvYUIfVaD0b1hdeus36RVu56WH/sPLXz1P3kux+in/BSj/gqn+zR/wAE9/DMll4y1u38UfEOS32aD8N9GuF86IKgCSXzJ8tjbL8oCf61wCEQBWZf59/2v/2zvj/+3J8VJfit8efF7Xk0atDpGk26+XZaTblt3kW0X3Y1zyTyzHliTWpP8G/D2ravceKPib8R7zU9QvJmnvLi81GGKSeRjlmd3d3JJ6nrWrY6X+zR4ZTzJm0BnUc+feS3r/8AfIyP0r7rgrw9yXg2n7WC9riGtajWq8or7K77t9XayXn5tnmNzaXLJ8tNbRW3z7nhFlaieTbDCzt/dVSxP4Cuo0H4WfEfxAFOieA9UnVvuym1Maf99vgCvYrb9oX4LeF4tujWGoXHGFXStFit1/76cgj/AL5NYfiL9rnW73934W8BWtsvabWNQe7bHrtXYoP1Br9C56j2R4do9zN8P/spfEXVNr67q2l6Uv8AFCsrXU4/4DECv5sK34vhD8F/hrJ9s+IHiy3mkj+Yrqk/Lf7ttDuc/Rs+9efa/wDGb4s+KImttT8a3EduwwbewUW8ePTCYzXLi1QytLIMsWyzsck/iafLUluw0Oq+OHi7wb4+8UQ6n4J0Cazt7e0W3klkhSHz9p+VhGv3Rjjk5I61yMNu2crgVYChQWZ/l/iNetfsyfsM/tcftkauuk/s1fAPxF4nXeFm1KzsSllB8wUmS5k2xKASM/NkZzior4nD4Gi6leahFbuTSS+b0KjGVSVoq/oeTxpt5JrpPhj8Jfij8avGVp8Pvg58Otb8Va9fNttNH8P6bJdXMpxnhIwT2PJwOK/Xj9iz/g1SSKe18bf8FAPjWjRx7Zf+FffDuYln4DeXd6nIu1MHKslvG+Rysymv0r8N+A/2Cf8Aglz8Gm1DRdN8C/CDwqsSpNqV3OtvNfYCrl55C1xduflzy5J5wM1+W554tZLg6n1bKoPE1nouVPlv67v5L5nvYXh/FVY+0rtU4+e5+Xn7AX/Brr4y1h7L4j/8FEvHC6Da5Esfw08J36T37/MDtvb1cxW4IyDHAZH+ZSXjIK1+nXiPxX+wJ/wSW/Z3+y6pd+F/hR4Ig/ewaZZw/wCl6vOFONkK5nv7hgpAY7sY5ZQOPzr/AG+/+DonRrC1ufhv/wAE6fAv228LGOf4meNLArDCuCM2Gnkgs4JUia5JUbWHknIYfkT8a/jr8Yv2jvH1z8Ufjx8StY8V+ILxiZtS1q8aZ1Gc7EBO2NB2VQAPSvn6HCfG3HVVYjiGs6FC91Sjo/8AwHp2vJuXkdkswyvKY8uDjzz/AJn+h9+/8FGv+Djv9ob9p2LUPhb+yNp198LPA8zSQvq/2rPiDVYckbpJo/ls1ZcHyoSWXJBkbg1+ayqo3Pn5mbdIzHJZupJPc1Y0TSda8S6rb+HfDelXeo6heS+VZ6fY27zT3Eh6KkaAs59gDX6v/wDBMv8A4NofGnxFksvjP/wUefUPC/h1Sk1j8MdMuhDq2pkMD/p0wB+xQEAgon79g3BiwGP6JKpwj4d5Vb3aUOy1nNr8ZP8ABeR4sVmGcYjrJ/gv8j4G/Ye/4J3ftUf8FEPiTH8P/wBnbwFJNYW9xGPEHi7Usw6TocLHBluJ8YJADERJulfaQqk1/Qt/wTl/4JKfsvf8E0fD1vqXw900+JfiJcWjQ6x8RtXth9rk3Y3x2seStpD0UKuXYfeY7iK9z8M+GPgb+yt8Gl0Lwfonh/wH4F8M2+9obZUs7GyQDl2J6se7MS7Hua+NP2gv+CkXxL/aAlm+G/7GH2rwz4TkYx638WtSt9t5ex9DDpFu4ygP/P1IP91ehr8D4q8Qs64v5qGF/cYVb67r+9Jbt9IRTb7M+4yjhulhZKU1zz/BHtv7YX/BQ/RPgPqTfBP4GaNa+NvixeJ8ujebmw8PRnj7XqMi/cA6iAHe+OQBXyt4N8N+KJvG1x8T/iZ4q1Dxt8SNf/d3mtzQmSXaTxbWkKgi3gXoEUD3JNZ/gDwZ4M+E/hibTvDFj5KyyPcalfXEhlur2Y8tNPM2WkcnkknrXB/8FE/2u/FX7LPgrQf2cPgr4gl0Lxv4s0OPXfiD4msdq3+mabcZFnpltIcmB5VBklkUbggCgjcc/F5fgq2Z4hYDAqyl8UpaNpbuVr2iukVe7aTbdrfW1ZUMro+1nrJ6L/gf5/8ABZ9Na98OpfBVgNV+MHxU+H/w/g2gvJ418X29rKmfWLcWB9jiucu/ir+wfoSFPEH/AAU/+Ckci8Mmm6x9scH/AHUY1+UHwR/Zh/aJ/a68W3lj+zz+z14k+IOoQN/xMb/T9NkvNhBUfvrqYlQ3zL9584OcYr618Bf8G5n/AAVe8Xi33/s4+F/DcNwBuute8ZWcXkj1dLcSyD6BSa/SML4TyqU03UnL0jGK/Fy/M+Zr8UVIys5xj+P5nv8A4t/b+/4JUfCSKa5k+P3jL4t6hFwui/DrwbMkUrdgbm4EcIB7kSHAr45/a+/be+Mn/BQbxr4T+E3hL4Snw74Y07Wgnw7+FOgzG9urnUHDRrdXLoP9IuirlVCjZGGY56mvtX4D/wDBqB+05q2pxXH7SH7XHg/wzpscqmaw8C6LcatdTx5+ZRPefZ44Gx0byZgD1B6V+mX7CX/BIP8AYk/4J7ldf+DXw/m1TxZ5LR3HjvxZOt5q0qtwwWQIqQKRxthSNcduTn7bh3wwwuW11Wknf+aTUpLuopKMV62b7Pc8LMOJvbRtzOb6dF8+/wCAz/gkB+wfL/wT3/Yr0T4P+IfKbxVq11JrvjWSFwy/2ncKm+MMPvCKNIoQe4izk9T9RUUV+wUqcKNNU4bJWR8ZUqSq1HOW7CiiitCAooooAKKKKACiiigAooooAKKKKACiiigAooooAKKKKACiiigAooooAKKKKACiiigAooooAwfij8MPAHxo+H2rfC34peFLPXPD+uWMlpqml30IeOeF1IZSD0PoRgg8ggiv5ePEPgLxB/wSD/4K32HgfxVfNFY/Df4lWEttql0rJHf+G75gi3J5O4fZZ2V+SBJA4zlTX9UtfiL/AMHaX7I66742+F/7VNppyrZ6pot34I8T3m5iUw73ensRjaArS3o3EgkyKOe3z/EmBo47K5qpsk797NWf4M9XKK0qeKUP5tPn0D9oXwaPhn8efF/gSFNtvZ65NJYehtpv3sePba+Pwri5GSVGjkRWUrhlbofapvDHxX1L9pn9lf4R/tTa3cebrV94ZHhTx1N1Zdd0smCRpcdHlRVlAPaQVXVSGLMetfxficLUwdadCqrSg3F+qdn+R+54Gv7bCwqX3X49TB+G978Z/wBlXxlcfED9kfxTFY2t/J5niL4cayTJoWsnuwTraTHtLFjnqCOK+yv2YP8AgoD8E/2kNXt/hpqUc3gX4iMMS+AfFEyxzXDDgtZTnEd5Ge20h8dVr5SaZYjlqwPiJ8NPAnxb0IaD4+8PRX9ujiS1kbKTWsg6SRSLhonB5DKQQaupUo4yyxad9udfEvVOymvVqWyUklYmtg4yfPSdn+D/AMvl9x96ftf/ALA/7Jn7d/gtvAX7U3wjh1S7t7dotL8TWbfY9b0STaVD290o3YUnd5MokhYqu6M4r8V/28v+DdT9r39mJ73xp+zlDcfF/wAFw7pfM0WzC61ZRYYnz7EEtLtAALwF8kj5Rk4+8Pgv+2l+2P8AsxWtv4f8bQ3Xxy8C2ahIjeX4j8Vabbr2Sd/l1AKP4ZPnOMbjX2p+yz+17+zt+2Jok2s/s+fEmHVL/TAG1vwrfKbPXNGbIH+kWcmJFwePMQFSehr63h3i7ijhCN8NNV8Mt43bir/+TQfqkn0uj4/NMiwmKk/ax9nN9Vs/0f8AwT+TV4Wt72TT7uJ454WaOaGWMq0bg4KsCAVYEEEHmt/4c/En4lfB/wAWW3j74RfELXPCuu2b7rXWPDuqy2dzGRxxJEwPfFf0yfty/wDBIX9iT/goNczeLvi58Of7D8cSRbf+FheEQlnqczBdqm6AHl3wGFGZVMm1AocDivyP/bQ/4Nuf25/2c1u/F/7PlgPjN4Xt1aRovCtmy67bR7jjfpxJe4ONuTbGQkk/KAM1+8cP+JHDPE1NUKzVOpJWcKlrO/RN6NetvQ+HxuS47L5c1rpdV/Wh3/7HX/Bz18dvAVta+Ef23PhVZ/EKxVtj+MfC8cWm60FwfmmgUC1ujnaMhYWwCSWJ5/Uf9kX/AIKU/sLft02X/CO/A/446PdateIsdx4J8SbLHUpd2f3f2W4+W56Nwhk4GSBmv5dprG/sNSutF1PTrizvbGZob6xvIGimt5FbayOjAMjBgQQQCCKc1hb3Cqs9urbeVboVPseo/CuLPPCbhjNpOthE8PN63h8PrybL/t1xRtheIsww65Kj549pf5n9In7Wf/BAH/gm7+1M11qKfBiT4W+KpE/5D/w1xpys2048/TnDWkgLHcxjjikf++K/OP8AaU/4NYf2xvhs9xrH7N3xR8L/ABL02Pc1va3THR9TdAoODFKWhZycgKsh7EmvGP2T/wDgt3/wUh/ZL0618K6H8dJvG3hi12iHwz8SEbVooEAUbILh2FzAoVQqosnlryQnWv0Q/Zz/AODpv9n7xFHDp37VH7O/iXwjM3E2reD5k1eyU7upikMc6qByzfN7A183Sy3xV4Sly4aqsVRXRvmdu1pWkv8At1tHVKtkOYfHF05d1sfjF+0H+xr+1T+yjdSWv7Sn7OnjDwZGk4h+3a1ocqWckhGQkd0oMMhwM4VzXm32aF08yEiRf7ynIH5V/XD+zH/wUd/YS/a7Eejfs3ftceC/El5e7418KyastjqU4C/P/wAS29Ec0igdWEbL7muc+PH/AARm/wCCYH7RbtdfE79iHwbp+oMJCuseE9Nbw/dGR+srNYGFJ3zyDKr8/U59XCeLE8NU9lm+CnSkt2r/APpMrPfz/LXjq5HGXvYeopI/lAFhC3OKV9JgHVF/EV+//wAYv+DSz9k/xM0l38A/2jvHXhWRbc+TZ+Ibe31eJ5exaQCKQL7DJr5j+KP/AAaWfty+HQsvwi+O3wz8WqQfNXUZrzR2X2G+OUMfxAr7TAcfcL49e5iFF9pJp/1/W559XLcZR+KP3H5Nx6HaA5RFVv8AZQUf2ROh/dXky/7kzD+tfc3jj/g3r/4LAeA3vJH/AGMb7XLWz4+3eFfFGl3yzj1jiW4Ezf8AfsH2rxHxF/wTw/4KCeEkmn8VfsBfHDTYIC3m3V18KdWEK46neICuPfOK+gp5tltWPNCtB/8Aby/HX8zl9hVWnK/uPAZbC+I2yahO/wD10csP1pkdjNbXC3dncNbzKcrNb5RgfqMV0/iHRNQ8K3baZ4o0XUNPuo+JLe+0ueGRD6FXQEVmvNYZ++f+BRsP5iu6MoVI3Vmn9xm4yjvoxqeMPiahCR/EvXlHoNWnH/s9Zusy6vrMyvr+s32oSD7sl5eNJj/vrJq9Nc2u7aqsT7YqMXVmRykhPoIyf5UKnTi7pJBeWxjppSo+Y329/l7VK9reyjEl7cNj+9K3+Nb/AIe8LeJfGV6LDwj4Q1jUpjwIdP0madz6cIpNes+FP+CcP/BQ/wAcCF/CP7A3xq1CG4IEN1b/AAv1TyGz380whAPckCsauOwdF2qVIxfZtL82VGjUkrqL+5ngiaZb5+ZQx/2hmp4rRF4A/SvuXwL/AMG6f/BXrxjdQJqn7KkXhe1uE3x33ivxlpdqqD0aNbh5lPt5de9fDP8A4NM/2x/EMcjfF/8AaN+G/hXaQY00lb3WDIPTKRxKp/EivGxXGHDGC/i4uC9JJ/8ApNzop5fjanw02/kflGY4lXlhRiGP52dVH95uK/fT4Tf8GoH7GfhWRbj40/H/AOIHi5mhGbXR1tdIjSTuQ+2VyvscGvrL4D/8EY/+CX/wGu01P4c/sQeE9W1OKNY21Dxday+IptwORJsvWlhifPO9I1P0r43MPGDhfC+7h1OrLpaNl97s/wAP8z0qXDuYT1naK82fzSfs+fse/tS/tWX62P7OH7Pni7xnum8prrQ9ElktYpOu2S4IEMZx/ecV91/s4f8ABrX+3D8T2ttZ+P3jjwt8M9LmaN5raa4/tTUkjJ+cCC3PlrIo/heQA561+1n7Rv8AwUC/Yi/ZBsn0D9pL9qvwT4Tm0+GNf+EV/tmO4v4oyPk26ZZb5lTA4PlBR6ivgf8AaJ/4Oqf2Z/CtvNp37L/wC8U+MrpcrDqXieRNHsdwbGfLQyTOhHIPyH1Ar57/AF68QOJFbJsD7OL+21f/AMmlaP4P8Udn9l5Pg9cTV5n2R7F+yX/wbn/8E2P2apbPWfGvgDUvi/4oh2PHf/EG432KShSGMOl2+2FkbOdlwbjBAIPFe6ftN/8ABQL9hP8A4J8+GU8NfGj4w+HfDMtjCq2fgXQI45tQQBRtRNPtf9T8uMbxGCB1Nfg5+1J/wXs/4KX/ALTUV1oNv8cZvhz4dumw2ifDFW0t3TJwst4pN1JwdrDzFRh1WvjSZmeaS7ldmkmYtNNI5Z5GJySzHJY59Saqj4Y59n1ZV+I8dKX9yLvbyu/dXyiwlnmFwkXHBUkvN7n60ftgf8HUPxb8SR3XhL9hj4OWfhGFxsj8ceNYY9Q1Je2+3sx/o0JzyGl87IPKg1+Xvxp+PXxu/aQ8aS/ET4+/FvxD4z1yZsyal4i1SS5dBn7iBjtjQZwEQBVHAAAFcpO4UrGW+ZjhFHLMfQDqfwr7n/Yv/wCDer/goV+1ta2fjHxl4KHwl8I3i74da+INtJb3tzHg4e307AuHUnGHcRoVYMrMK/QsLlfB/A2D9rGMKKtrOTvJ283eT9F9x49TEZhmlSzbk+y2PhOR4ohl3wvQmvuL9g7/AIIC/tuftqW9j448WaH/AMKv8CXW2RfEni61dbq8hOTvtLLiWUHHDtsQ7lO4g5r9hv2Ev+CG/wCwV+wbf2fjuDwW3xE8eWMiyW3jHxxax3H2KUMGWSzszmC3dWVSspDyqRlXXJFe9/tRftgfAL9lDRk8TftAfEaLT73VGP8AY/hy1U3WtazJ2W2s0zLJzxvICDjLCvzPiLxilUqfVMgpOUnopyV//AY/q/uPewPC8naeLdl2W55z+wH/AMEpv2K/+Cdeix/8KK8ANq3jKaHy9R+Inibbc6xdMc/JDgCOyj5wI4FUkBfMeQjdWp+1P/wUG+Cv7NWtSfDRLe98aeP3iLx+BfC7JJcQcZD3kv3LNOmS53Y6Ka+afjR+2J+15+0lBJong6W5+Cfgu5UiRdNvll8U6hCe0lwvyWAYdVjzIBwWBzXnXgr4ceCPhZ4ek8P+AvD8NhDcSGa8n3mS4vZicmWeZiXmcnksxJya/Fsfiq+PxTxOZ1nWqPopXS9ZLS392F9NOaLR99l+UqjT5Yx5I/i/8v6sV/ix4h+M/wC1t4rt/G/7VuvQTafYzed4d+GeiysuiaO3aSUdb64A6ySZA52gVqwCO3jVIgqqowqqMAD0A9KZKrAZAqu8xQcH/wCvXLUq1K6SeiWyWiS8l+b3b1bb1Pcp06dGPLBHbfBX4fD4wfF7w78NrlttnfaksuqyZ4Szi/eSk+gKrj8a+CYdH8Y/8Fg/+Cp91oPw5vlt1+LnxDuLbR79Yjs0vw5ZIy/agp7x2Fs0irwGldR/EK+x/iz8Rb79nL9g74qftEQXf2XWPE1m/gLwDIJCsjX16my4uIyOcQxM7Fh0MddF/wAGlv7L8N58V/iJ+1XLpzDTvDHh+38G+G5pGPLysk90cYwflhtRuByDuHev1nwnyb6zjauJmtNIL0VpT+9uC+UkfC8XY7k92L+Ffi/+Bv8AI/ZX9m/9m74N/smfB3RfgT8B/Bdrofh3QbNLe0toFG+UgYMsr9ZJWPzM55JJruqKK/pZJRVkflrd9WFFFFABRRRQAUUUUAFFFFABRRRQAUUUUAFFFFABRRRQAUUUUAFFFFABRRRQAUUUUAFFFFABRRRQAUUUUAFFFFABXz7/AMFRP2PJv26P2I/GvwA0ZbVdfurJb3wpNecRxapbt5tvk5G0Mw8sseFEhODjFfQVFRUpxq03CWzVmVTnKnNSjutT+VP9iv8Abd1/9jHxZ4v+Dnx1+Des6x4M8QXwg+IHgOTFtq+g6vbHymubdZtqrcx42tG5QSbANykg19leCvHf7BXxrsYtS+Cn/BQLwPpkko+bw98TGfRNQtm7xsk+3cV6EoWU9iRzX3R/wVT/AOCCnwL/AOChGp3nxn+HHiZfh78U5LcLJ4ghsftFjrBQAIt9ArIzNhQgmRg6g8rIAFr8kvjN/wAG9P8AwVb+Gl5NYD9njSvGtjbybY9T8L+JrS8jmHqkVz5M6j1zGPx61+J8T+GtPHYt1qfMn/NGzTWy5otO7WiunF97n3+WcTezp2U7Pqntfy/r8j6R8ReFvgB4fG7xH/wUj/Z10rj5lu/HcbN+Cq3NcH4j/aD/AOCcHgECLxj/AMFTPCd5IGINv4L+Heq6ru/3ZIo2X8TxXzZpX/BCT/gqz4q1VdO0X9hnVbOT/ntqVzp1lGP+BvJj8c1n/tS/8ESv+Cin7HPwJuP2jv2i9H8HeG9Dh1m00yPR7fxd9s1K4lnOFMawRGHAwzHMgOF4FeHh/Cmn7PmrVKnKld2UI/nGZ3VOKq/NyxqK7eiSv/X4H034a/b2/wCCSFzqUOi3f7SXxS01pJhGviDXvh3LDp24nAdvLRpI0J7lRgdcV6d8aP2KPA9zrOi/FnT9fimmkhW98G/EzwVqBhuXiZcpLBdwn5htP3WypHUV+Keq6N4rW6mkjQt5LYbeDz9fqK/Sj/ggD+1xo/jW/wBa/wCCYnx48QvBovi61k1T4T6lLJ/yCtViG6509C2cLKn75F4AaKRRkyADxM+4FjlGAlj8qrzcoK8k3F+71acYx2WrTunG+1te3C8QYiVVQxSTg9Nvx1b/AK21Pq/4d/t1fttfs5qlv8YPBsfx08HwcPq3h9YrHxZZRDq7wttgv8D+6Vc19gfsvftr/ss/tY2fmfAn4u2t/qsAH9oeFdUhfTta02T+7LZzhZMg8bk3KT0Jr4+1HQta8E+L9Q8D+J4DDqGk3jW9yv8AtDkOP9llwwPoao+K/gR8Jfitcw6n428Iwzahb/8AHnrVnM9rqFqf70VzCVkQj61+a/XMLUf+0U7S/mhZffDSLfblcUuqbPer5XSqRvRla/Tdf5o+zP2s/wDgnR+xl+3Xp8kH7THwF0fWdV8vyofFFtH9j1i2AGBtu4sSNgcAPvUZOBX5i/tWf8Gl/jKzF14m/Yb/AGjbHUVG54/B/wASozbSn7zbYdQt1ZGONqqssaAnJaQV9SeAviH/AMFAP2dFhb4PfGTSfi54aiYeZ4J+LkzW+pwxf3LTWIFJJxwBcRsPU17x8P8A/gq18BWlh0H9o7wP4r+DWtPhXi8baf5ulyP38rU7bfbuuehcoxz0FfecO8XZ3ldo4LE+0h/K3drv7sveXra3Zs+NzLIZauVP5x1/LX8PU/mv/aW/YV/bJ/Y01uTQv2pf2avFXg0xybE1K8sRc6bcYUMTDfWxktpgARkrIcHg4IIHndlHFKkd1BMsiNgqyHOfxr+ynRdX+H3xe8FtLoup6L4n0DUIdk32WaG+s7hD/CwG5HHsa+aP2jv+CCP/AAS+/akubnxB4l/Z3t/DeuXW531zwDevo8xlYAeY0cP7mQjHAeMqPSv1rK/EzD4m0cZRcH1cdV92/wCJ8jWy10/hf3n8t9zoGnam2byzhmPq0YJ/PrXunwD/AOCg/wC31+zLDHpvwQ/a78baRpsSxoui3WrHULFY0+7GkF15iRp6hNvFfpZ+0X/waJeONLE2q/scftlWOoLvQW3h74saC0LImPnY6lpwbe2eim0Uerevxf8AGH/ghn/wVU+BFwy+KP2PtZ16z8yQR6l4B1C31qBkX/lqwiZZYlPUB4wfavs4ZlkecUeVyhNdpJO3Xrp936HHyVqUtLr0PX/hJ/wc3/8ABQ/wMPI+JvgX4b+OI2kX95caTPpcqRjqA1q5UsfVlPPavqH4W/8AB2V8Frlmi+N/7Efj7R441/4/PBniGw1jzG9RDcG0ZRn/AGmOK/GzxR4P8SfD64Wy+JHhbWPDczylI4/EWj3FizsOCF8+Nc/hUVvaWVycRXEcpXn9zIr/AMs15WI4L4XxV5LDqLfWN193T8DojjsZHTm+8/oV8Af8HKP/AASL8X6NHqXjb4w+K/BFxJgf2f4t+GmqNIp93sYrmL/x/Fey+D/+CxX/AAS48V2UepaB/wAFCvhXbxycrHq3jBdNl/GK6EbL9CBX8w5sREdod0/SoZ9C0+7G+5gjmP8A00jVv5ivIl4bZLFp0ak4+bab+VlG34m39pVpX5kv0/X8z+s7wh+2x+y18RLNb3wB+1X4B1q3bG2TTfHNhMp79RKa1rz4n/CXXYvKl+IHhS6Rmzh9Z0+QH3xvNfyG3Pgrw5cN+90e3Yf3Wt1/wqlJ8PfCKHcvh+zP/buK4qnhnTqafXZ2/wAN/wAeb9Co5ny6xpr+vkf123Gt/BNjn+2/Bpx/09ad/jRF8Rfhbo0OLLx94Tto1/556xp0YH/j4r+Qeb4e+GFz/wASS156/uRVc+B/DFuMJoVn/veSM1zy8KYT/wCY6X/gH/25p/bNT/n3E/rM8d/t+fsd/D2Y2fxG/bd+Gfh+XoYtU+I1hbkfgJq8v+Iv/BaD/glp8OLX7T4r/wCChnw/vIejJ4e1a61x/wDviwhmP6V/MP8A8I7pUSDZptsv+7Av+FMNnDan9xGqH/YUL/KtqfhPlmiq4mpLvsr/AIu34lf25W+zBL+vQ/oT+J//AAcwf8EmPAMCz+BfHHj74hMx+aPwX8ObmAp9TqbWg/LNfPnxT/4OzPhrE89p8FP2H/E19GyH7JqPjDxha2RVuxe2to5jj2Eua/GWdN7bgSxqldNHAMTuE/2WYLXqYXwu4Rw/xQlP/FJ/+2qP9bmNTPMwl9pL0R+iHxY/4OfP+ChvjhRD8PfBfw48FL5bJLJY6NNqLsCOCGu5CFYey9a+TPjh/wAFLP8AgoP+0TC2n/F79sbx5qNnJGySaZZa22n2jxt1jaG18tHX2YHivKPCvg3x18R7prL4beBda8RSK2Jo9B0me8aPPTcIUbH419MfB3/ght/wVb+OTrJ4Z/Y817SbdlWRb7xldW+jQsjdGU3Lgv6kAZ9u1fQU8o4PyGPP7KlSt1fLf75a9f0OSWIx+KespP8AryPkeC0tLQboLVVb+8B8x/Gm3FzGgZ5WAx94noK/Y39mz/g0k+IWpTR6v+2X+17o+iwrIC3h/wCF+kyX9xNEVyQ19eiKOCQHjCwzKfWvuX9nb/ghP/wS/wD2X7q11bQf2fF8Xa3ZFSuvfETUG1aZpUbKyiEhLeNv9yIA+leLm3ihwrliahN1ZdoLT5t2t/XmdWGyPMMTLay8z+df9nf9i39rr9rjWodB/Zn/AGcPFfjSWSVFa40rS2Wzt9xwrTXcu2CFD/fdwo7kV+kn7Kf/AAai/GDXhaeKv22/j7o/hWzZUebwh4DI1TUhkHMc124W1hZWwD5XnggnDDANftZreteE/hV4LWbWL3RPCvhvT4yI/tUkOn2FuvXCqSkaj2Ar5v8AHf8AwVf+ANpPN4d/Z78JeKPjFrKsVWPwXYeRpMT9vO1O52wquevliQj0r8zzbxa4hzKMo5bRVKHWT1a9ZO0Y+p7+D4ZocyVRub7L+vzOg/ZG/wCCYf7CP7EIt734Bfs8aVDr9vjb4u1xf7S1ctkncs8wPksNxGYghxgc12X7Q/7an7NP7M0Pn/Hn4v2em6lNn7H4ds1fUNZv37JFZwBpWYnjLBVHcgc18j+Nfi3+2/8AtBQzRfFT4waf8MdAmyB4O+E4Z75oz/Bc6vcDeTjg+RGg9D3rkvBvwS+FvwsupNR8F+FIrfULglrzWLqRrq/um7tJcylpHJ+tflWOx8sdiHVx+IlWn2Tv8ud3S8nGMo9mfZ4PJfZK0UoLy1f9ep2XxM/bl/a+/aItZovhD4d/4Uj4TmYrBquvW8d74rv4f76QAtb6fntvLuPSuC+C37LOjXXj2S78KW11rnizUkM2t+NPFF811eiEcvNPcyklIx/dXA7AV0F4k9xMsFrBJNPNIscMMfLSSMcKo9yTivnv/gsX+2NH+yP8KI/2APhLrqjxv4osU1P4zeIreXa2mae6g2+kRsvIeUEtJyNsYAwTKdu+UYXMM+x0cvwaUFPflWiit5Se8kuibs5NKKV0jrxlbCZPh/apXl0vu/8Ahv67noPjv9r7/glN8NtfuPB/xB/b4vtU1i1lKXY8A+C7zU7SJgSCPPjgaNyCDna7VF4Y/aW/4JdfEKfyPCX/AAU30zSpC2Bb+N/AOoacF+sskSIPzr8S7r4yabFJ9n0iC4jUfJDHC2FX09P0r9LPgh/wb0f8FF/jz+z34J/aX+BHiP4c+MvDnjnw7b6vpsdn4ymgnijli3GGZLm1RBKjZjZQ7AOpGcAmv2FeDuDjRvGpW5rdXTtf/D7O/wAub5s+NfF+I9pZ1I28l+t7fgfXI8J/ATXohP4G/wCCif7P+rRMM+Z/wnMMRP4bz/OuM+Ivxa/Yb+AELar8Yf22fCfi25UH7N4N+DsT65qd4w6xmRD5Ntnj5pXUYzg8V8u+Mv8Aggr/AMFZPA0iW9/+xPdXzSNjzNFvNMv1/ExTHH44ruvgl/wbg/8ABV34o6lb6Zrnwd8P/D/TbtgbjWvE3iK1RIV97azM0ztjopVQTwWXrXNR8J37W06k2uyUYv77P8F9xtLiypyfHFef/APEv21v2z/if+3h468K+DPB3wtuNH8N6HL/AGb8MPhdorG+vHupyEMshjH7+8mJC4QELuIBPJr+jv8A4JE/sR6h/wAE/wD9g/wb8A/FX2dvFLRSat40ltX3RnVbpvMmjVgSGWMbYQwOG8rcMbsV5J/wTD/4IDfsx/8ABO7xFa/GTX/E958RviXDamKPxNq9iltaaazZ3GxtAz/ZyykKXeSVzg4ZQdo+86/ZeG+H8PkODVKnFRsrJLZK993dtt6ttttvU+IzXMnjqmm2931fcKKKK+lPICiiigAooooAKKKKACiiigAooooAKKKKACiiigAooooAKKKKACiiigAooooAKKKKACiiigAooooAKKKKACiiigAooooAKMZ6iiigAr8vf+DlvXrrxH4A+GPwRstRdUvNavdb1KzVQRLDbQCGNj6bZbha/UKvyf8A+C0+tnxr+1hLphuYprPwX4FtYTGo5hubqWa4mVv+2UVo2PRq+O48zP8AsrhmtUTs5WivWT/yue9w3hfrWbQi9ldv5L/Ox+V3hX9mNPEXw3bXZ9NO7UNau2ibb/yyjIi/mG/KvlhZvFXwd+IOm+LfBmoNY6hpuppqnhbVF+9bXtvJvj59DjBHdWNfst4i+ArfC39k2z1Ge3K3Wk/DoXczel5cwGX8/NuFH1FfnX8Zf2c47/w8+gsgjaJB9nuD/wAs5VHD/wBD6gmvxXhriWM8RUjXd4SlbXXTX9LXXVXR+iY7L41KKdNapf5H6zQ/FPwp+3j+yX4M/wCCgXwzso1u72wTSvH2n2/L6ZqUB2yxyKOm1yev/LN4yOCKwdBveAW/u96/Lv8A4Jvf8FHPjN/wTH+MGuadL4Q/t/wl4kRI/iF8Ob65CQ6hgbU1C0LZRJ9ny7sbZFwr8qCP0c0r/gp//wAEQfF2lR+J7z9qrXvAM10DJN4R1jwbem7s2J/1YMdvKhHph24x06V8pxJwTmWFxjngKUqtKWq5E5NJ6pNK722ez3XZGW55Rw+H9jiny8uiffy9UeqaTfRqnmbvu9z0Fbem6tY6/E+ixumoJIMSWMcP2pXHo0YDA/iK+XPiV/wW5/4JZfCIP/wpb4D+Pvi5qkL4t77xFD/Z+nsccOBcFcr7eTmvnb4s/wDBzb+3FfRvpPwS+Hnwv+FenupSEafov9pXiehV5SseQO3lkVyZf4e8RY/WVPkX97R/+Av3vwNsRxFhYfw4uXm3Zfer/ofpfp/7BXwguZU8X+A/AnjD4VeIJPnXxV8L/EFzoUxc873txutpcnqHiIPSu+8B61/wUu+D4FtoXx98DfGjR4yxjtfiL4dOg62F/hjF9poa1kP+09uue5r8M9H/AOC6/wDwVesPE9r4yu/22ta1DyZw7abqfhrSzp1yuf8AVywJAvyEcEghgOjA81+xn/BKD/gpT4P/AOCmXwq1K2u/Den+G/ir4RjjPizw3ps2ba9gfiO/s9x3CJ2yChJMbfLkjBr3cbwzxPw/hfbOqqkFvZuVvL3oqSV+i0va+tjx55hhcbK1amlfq7P8d163R9AaZ/wUC8W+Dlz+0J+yH8RfDKqVWbU/D9jH4h08MepEliTIFHq0YPtXonwu/bq/Y9+MWoLo/gX9ofwncamz+WdFvNVSzvg/9021xslz7baw9F1W6SZV8+RWBx94qykdvY1L40+FHwg+Mmm/2R8YfhN4V8WWvUQ+JPDtte446gyoSD7g5rny/iKpCS54p+advwOPFZVg+zXo9Pud3/5Mj2PxH4C8CePLP7J428IabrEDLgR6pYR3CbSOg8wEY+lfPHxU/wCCJ3/BJz402c9r40/YP+H8bXUxluLzw7pjaPdSOepNxYPDKc/71ZWnf8E9/gB4YH/Fjtf+IfwxdpN+z4d/ErVLG1U5yMWTzSWmP9kw49q6fTPg9+2P4WuWk8Hft4ahqluI9sVj4+8BadfFfczWf2Rz9SCa++yzi2nzK/Mvufz1srdfLzPFr5VTXwVrf4k1/wCk8/5nzh8Vf+DV7/gl345MI+Hs/wAU/hzHCf8AU+DviJLcJJ7MNVjvOPoRXiHj/wD4NBvAN5qG74Sf8FC/G+jWX/Pv4p8E6drEv/f2JrX/ANBr9D49X/4KH+GYXM1z8JfFRz+72rqOlOR7j9+o/OtCH45/tfaVaLL4g/ZO0m/ZfvL4f+IkDM30WeGP9TX0NLi6MdXUbd3upS/K6+WtuxyyyzEP4ZQfT4or/wBKs/mflF4v/wCDRr46aZYlPhz+3N4V1acfdbxH4BubIH/wHu5R/wCO1wt1/wAGmf8AwUFQ/uP2m/gy4/69tXQ/rE1fszbftZ/FyMZ139hz4kwf9eN1pN2P/HbwH9KbL+2ve2rY1H9j/wCNUeDgmPwbDMB/36uWrePGUYp/vk/WLX4NL8iXlWMeigvlKL/KTPxcb/g04/4KHN/rP2j/AINn6DVf/jFRD/g0w/4KASjdN+0r8F05/wCWkWsN/KEV+0lz+3LosC7pv2X/AI2LuPGPhfdP/wCgk1m3/wC3nYRSeVb/ALJfx0uN3KtH8M5lH/j8i4rjxHHWIp3cKkfmlb9H+JpHJca96b+9f5n5FeE/+DSf9p25uPL+I/7Ynw706HvJ4e8K6heOv0WeSIH8TXdeF/8Ag0Q8F2etw3PxC/4KGeJtR0/dm6stB+G1lYTOPRJ5bmcL9TG30r9Idb/bl+IDBl8M/sFfF+6bru1Cx07T1P1M13x+Vc3qP7Xf7W+qwsND/YXXTZP4P+El+JlhGPxFusrCvlsb4iZwnLlrwSfSyVvRvX8T0KOQ1JWbh/5NH8m/0Pmn4ef8GtH/AAS88E3huvGmpfFrx7Gw/eWPinx6ltBn2Gm21s+P+B1718Lv+COX/BK34F2iQ/Dz9hH4fLJFMJYbzxHZTa5dRuOQVn1KWeRfoDiob/46f8FFNcDR2Xw/+Dnhn+7Lda5qWqsv1VI4lP51zuur+3z4oXzPEn7b9j4ZVuGt/h/8NbKJse0t81ww+u3NfIZhxpmuIi41MdLXonJped4p2+Wp6+HyB6Pkird3/knc+pPDXhLR/CNr9m8DeE7PSYdmwrpOlxWqbR2PlIoxXnvxY/bA/Zg+CryQfFf9o3wbotwrYaxutehkus+nkRlpSf8AgNfL/iD9jb4eeN7mS8+P3xd+KnxOklbdJbeNfiNemx+gsrRobcD/AGdmK2PCXwg+CPwcgFt8I/g34T8NqF5m0fw/bxSn6ybS5PuTmvj8VmdCpK8pTqPz0T9JNyf3xPdw+TxW7S9F/X5HU+IP+CnvgzVpDbfs+/AT4kfEaXdiO7sfD/8AZOnH0Jur/YCvuqmvMviB+0Z/wUP+J9rLbjxN8P8A4F6XIf3kmg2p8Sa8B3AuLnZawn3ET4PSus1HW7+YrDDLcXE0six28KMWaSRjhVUdyTxXzb/wUt/4KdeDv+CeF/D8EfhN4b8M+KPjclrFdeIrzWoPtWneC45EEkayopHm3TIQ4jJGFYMcArkyunmGcY2OGwFBcz1u/esurd/ct6w30WrSOrEU8vy2mp1byb2V9/l5d+hrD9m/wB4k1ZPGfxRi8a/FXWgwZfEXxEmu9UUN2aKAqLaIegSMYrsYLvTLSJdCtI0s1j+VbNYRCqD0CYAH5V+W3/ERD/wUwm8Wtqo/bqjjj+0Fl0z/AIV/pP2FRnOwZtzJsHTO8nHfvX0F8Mv+Dir9ovxDp6W37SP7N/w1+KmjmQebqGgF9Ouo1x1xuljLH/gA9q+qzLw54upxU60o1Oy5pK3kueMIr0jp2OTDcUYWT5Y07L+6039yX52PsK+3xncT7dKyryQHLySV594F/wCCsH/BJ34n2a3nxE0D4nfCG8Zd8iNYvqmnq3oJLcTfltXFa2o/8FHP+CJ+gxtqdz+1/wCIfFXkxll8P6J4Ov8A7Vd458v57dACen3l+or5mXC/EFOpyfVKj81CTX3pNfO9j01n2W8t3O3k9zv/APhYPgb9kn4B+KP29vjPCn9l+FbZ7fwNpMzASa9rsoMdvFEp++d2cY6AO54Qmv59P2nfi747+JXj/VvEvj7XZNS8VeKtWk1TxJfO27fNK2RGM9FHAA7Kqivrz/grD/wVI1n9s/xdpeqW/hybwr8OfBkbwfDnwK0o3ecRta+uAh2mdl+UYyIkJAJZiT+fEV7qPiHxIdd1BzJJJdLJM592HH5V/QnhfwfUyjDyxWJivaTtfra20b9bbyto5WX2bv8AO+Jc4liqllpfZdl/m/yv5EF1pV1YPDL3Zsg46EV/Vx/waX/GrUPil/wSP0fwVrN7FJceA/F+qaPb26Y3RWskgvI92PVrmXBPYe1fzNeLPh6bbR4dSWL/AFd6FY7ezKf6iv3L/wCDM74jR6Xa/Gz4CzK3mNJpWvwsz8bCstuygfVQT9RX7AnzI+Neh+6GBjGKMY6CiiqJCiiigAooooAKKKKACiiigAooooAKKKKACiiigAooooAKKKKACiiigAooooAKKKKACiiigAooooAKKKKACiiigAooooAKKKKACiiigAooooAK/Iv9sjTovjr+098QJtMiZj4h8eDw/Ep7Nb/ZtIbHtvt5G/4FX60eItcsPDHh++8S6rL5drp9nLc3Mn92ONCzH8ga/Nn9mj4d3/iT4t+Ar3X0a4vLjUDr+rNIOXmZJLtnPuZXVvrX414xYqTweCwMXrUqX+5WX4y/A+z4PXsalfEv7Mf+D/7adJ+3p4AtI/hFfaFZWqpDqniCy02FV4UQRP5mB7bLcCvgP4pfBNHsXD2w+YEL9a/UL9svQ4r2Hwr4b25X7VeX1wuO6RLGh/ORq+cfGvwkt7+3ZRFk7ef3Z5r+f6vtMDinCPSz+9Jn3eW141cHFvrf8NP0Pyk+O/7MFh4ntVj1KwkWazc/Y7y3+WWDPUKe6nupyDXh2pfs6+PdLcQQeN3MIbH7/TSWH5OBX60eOv2dYrpZBJbdsjavGfb2ryXxV+zBdeeVXTiO670xX1uV8X4rC0VTvoujSdvS6dvkPEZbh68ufr5afkfnWvwAR8Pq+q6heN/Eu4QofwQZ/WrFv8IdM0c7tK8PW8LYw0yx7nP1c5P619sal+zHcibYlg3T7vl8/kKw9S/Z0urVipsmX6pXtf63zqaSn8tl9y0Ob+yqa1SPivxL8MftcUkM9ozRyLh17j3FH7OP7Q/x0/YW/aM8N/H/AODOtJZ+IfD9w32X7TuFrqtm2BPY3Cjlo5FGGHVTtccqDX1drfwK8tCDZf8AjteQ/FX4D2mq2c1hf2L+Ux3KyjDIw6Mp7EV7mW8TYet+6rawej+ehw4zKZSjeO5/Qv8AshftZfCL/goR+zXon7UPwXfyV1CPyvEWgtIGuNG1BcCa1lx3VvutgBlKtxnA9M07zkby5EI9K/mY/YD/AOCgP7SX/BJz9oiTxZ4Gt4tZ0jUlEfi7wTqFy0Nl4ls1+7LE+D5N0g+5IAcH5XDIcV+sWvf8HTn/AAT4tPAEPifwn+zz8WNT8T3EfzeFZtFtLWO2l25xLdyXBjEe4Y3IrtznZ1x8/mvB2Iji/a4L3qctU1d6edlp6vR7rqo+TTxVSlF0pxbttt92v9fm/wBItMhupTiGJm9gtch+0R+2T+yV+xr4Zk8S/tT/ALRnhXwdEsbPHZX+pK95cYGSsNtHummfH8MaMa/CT9rb/g5Y/b8/aIa48HfBq30X4PaLcrsj07wfI2p606nHD3skahTn/njCvBwSetfD+q+Gvin488Sz+MvGN/dLqF5mS+17xReSXeoT9edpZn+m91+letl/CP1aKnjaij5X+/Z6+Ti5ehjJVcRLRWXlv+O3zXzP2y+Pf/B198ANDuX0n9lP9l7xN4yt0ZkXxL4w1CLRLOTH3ZI4G8y4kQ/7SRkelVPgH/wdgfBzV/Flr4f/AGof2br/AMM6XcsqSeJvB+tLq0NoxP3prZ44pggHJaMSEf3TX5Q+Hf2ZNAtPCD+LPEOo6tqDR6a943nSLDEqiMuDsQEntwW71f8A2Iv2HP8AhtH9qjwv+zno+vzeH7zxQLxLPVFg8+K3mjtZJkMiZDeXuQBipyASQCcCveweAybHVPYUU21on1b+futru4fIVfBLDUuaotN99v1/E/qg+FnxX+Fvx5+H2m/Fb4OePdM8TeGtYt1n07WNJulmhlUjplScEdCOoPBradBH0PHrX83/AMMPih/wU5/4IBftH3Xw78W+CI1tbi687UPCd1qDHw/4vtsj/SrC6CkQzMg+/s3KeJY8qVH7jfsKf8FKP2Xv+Ch/gk678FvFb2eu2sKnWvButhIdT01z1EkQZty56SIWQ8YPavms2ynEZZW5Kkfn0v2a1cW+l9H9lt3S4/Z2jzwd49/6/rulpf3S6uWReJX/AAc1iancPIGHnO31c1p6lDcw/Iy5P8O2vmr9vf8A4KV/sx/8E7PBEniH406+2peJrqBn8PeA9IkR9S1N8fL8hOIYs/elkwqjP3jhT8xWp18RVVKEW29EkmdeHUYq6PVPHWq+DvAnhDUfiR8TfGGm+HfDuk273Gqa3rN2kFvbRKMszO5AAAFfnb8Sv+Djj/gmr4X8XXOg+Dvhx8WvGWmW8xRvFHh3Q7eO1uGB5MC3M8Tyr/tbQD1GQQa+Afi98df+CmH/AAX+/aN0/wCCfgvQI5rG4m8+z8D6XeSReH/DVqG/4+tQnIJmZAPmkZcu+RFHyq1+enxh8Y/Ej4XfFHxF8LdV1WzmuPDetXWlTzWtrIkbyW8zRMyrKqOAWQ8MqkdwDxX3GSeF8cZR9rjN30TSS9XZ3fpZLvK6sYnOvq0uVyfy/wCHX4/cuv8ATl+zV/wUV/4J9/topHp/wH/ais9J8RS4U+B/iFEdK1MORnakc23z/doWlUeteneNfDfjLwpmXW9BcQ9VvLRhNGR65XkfiK/kt0/40ahIkcHjPRUu40YNHcQgJJGfUe/0xX2N+yB/wWb/AG1/2cIodN+D37Sl9rWjw4/4o/x5GdUtCo52ASsJYwemY5OB0xXk5/4R4nD3ngp2XaWq/wDAor8HGPqduA4kUnZtS8no/wCvvP3K8Q6/CYwyTdz+FcjrWvr1VvbABP4e5r5H+FX/AAcVfsyfEizj0/8AbQ/Y28SeGdUXakniH4W30eo2crY+aQ21w0M0K5/hDSn3Nafxa/4Lv/sC/CTQ21n9kr4KeOfiN4wkTOmS+NrBdJ0rT5Om+Zmd5ZCv3gkceGxjeuc1+dz4J4ohiFReGk2+qs4/Od+VfNn0tPPMv9jzXd+3X7t/w+R7H+2v+2Jon/BM79nUfF3xRNZz/FvxlDLafCnwXcMGlswRh9UuI+qpGDnnjdtTOWOP53/jV8S9a8Ua7qSal4in1TUtU1KbUPEusXEhaXUL2WQySu7HliXJJJ6n6V6N+2X+1z8V/wBor4ta18Z/jR48fxD4417CXNwqlYdNtlz5dtAnSKJAcKg6csck5PiOkeG7jUD50qOSxzjaa/o/w94Lo8OYH2lT3qkrOT6NrZK+vLHWzfxP3n0S/O8+zirjazXXy6Lt69/+CzHHWrGnalqWk3AvdLv57aVfuyW8pRh+INdhZ/DuRh/x6t/3z0rVs/hYkif8e7f989a/S5crjZnzKTWqMjRfj78RdL+W71CPUF6f6ZEGbH+8MH86uX37Q/iq8j8uz0Sxhk/v7Wf9Ca0m+EcGMrC2f92rNp8JreNgTBn6LXnyy3LZS5nSV/S34LQ7I4zGxjbnZ55eSeIvGOof2nrt7LPI3G6Q/dHoB2HsK6bQfBe+02rFhmXj613Fn8NoYQpjg6cHjvXRaJ4St7aMBxjvwvcV2KUKcVGCskcz5pSu3qejan8OF8Ufs+yeJ4bcbm0O21JfZo9hf8iHr6z/AODZL4hwfC3/AIK1eGPDdzLJt8ceD9a0FFRvl86OBdQRm57JZTAe7e9eafsg+HNJ8d/Bz/hDdTI22upahoVxlekNwvmxH/vm4P8A3xXk/wCwf8Zbz9mL9tn4M/F/W9Sk03/hEfidpA8Szgcw2Yu1tdRB9vs73Cn2Jrmw1TmqSh2f5/8ADFTjaKfc/sMooorvMAooooAKKKKACiiigAooooAKKKKACiiigAooooAKKKKACiiigAooooAKKKKACiiigAooooAKKKKACiiigAooooAKKKKACiiigAooooAKKKKAPPf2r9SvtM/Z08XNpoU3F1pD2kasOD5xERH5Oa8T/Zt8CW9v8Y7i7SFVj0nQ2ji2jgb2WMD/AL5Q16n+2NqEcfw+0jQjOVfUvFFmioP+WixMZ3X6bIm/KsT9mW0E934n1zZx9strNG/3IRIw/wDIw/KvwfxClHHcbYTDN6U4c3o3zP8ASP4H12Vylh8hrVF9p2+V4r9Wc/8AHrQf+Eh+JCwsF22GkpEP96R2c/oFrj7z4e208ZBg6+1egeLXS+8e6zdFty/bvKUntsRVx/31miG1gkGSe9fk+Y0YVcxrS/vSS9E7L8EfSYStKjhacfJfirv8TyPVPhHY3LZaxLeifdAHv3rn9R+BGl3Ebf8AEvi+vlk9/wAq9+fSLeTGUH9KjOhW8mQ/zH3HHWuF4FHZHHSR8yX/AOzzZMrBNLX3VV4P1/wrjvE37NVqwbZp/wDD/DD+QH+c19lf8IvaS5LJu54Ldvwqpe+BrCQbXhU/h1qJYGpbQ2hmWup+e/iv9mqRUZ1sNy7s/LH+ma8S+K/7OJFvJJ/Z0iHH9z/61fqtr3wu0+8zm0XdjH7sDOK8v8dfs92N8knlWKR9Rnvz/M+5qI/WsNK6O6njqVTRn41fFf8AZd8OeMLFtF8U6DJNAGLwzQP5c9s+OJI3HKt+BB6EGvIY/wBijwpos+Nb8R+INZtw3yWrutqMejvF8z/htz7V+wXxD/ZEtLlmuLS1Rm/h/dFufwHA+vArxzxb+yffRuzDSd20ndIq5A/SvpMDxZmGFpezjUaXb/Lqvla5NTBYPES53FN/1v3+Z+ftr8L9F8K2v2Pwv4Vs9Kgx9y0h2s3+85yzH3ZjVa88BXN1pl1Ols27yGWNdv3mb5V/UivsbxH+zTdeZ5Z01lA+6WXOfw61c+HP7KjeI/GPhvwzeadtGoeKtPik2r1jW4WWQf8AfETV1LiRfHJ3fVvV/eEsHFRslZHGfHb4Gt4G+AviBY7fb9m0+005fl/ilnghP47d1dx/wQf+EF3B/wAFS/AOrpZb4dP8N+Ir6dlT/VhbWOFWPtuuAPrXuH7cnwrjtfgnY2q222TxB8QrNNuPvRwW91dP+RWOu6/4Ib/Ci4s/22vEnjWC3xbaD8H47W6yPuT6hq26P8002Sva8OMdVxOfYelJ7yk36KH+aPJ4jjCOU1ai7Jfe0v1P0W/ar/ZC/Z7/AG1PhTdfBr9o74c2viHRbg74vMZorizmA+We3nQiSCRezIQexyMivwV/b1/4Igftsf8ABOH4k/8AC6P2V9T8ZeM/COmM1zo3jjwlIYfEGgpuwI7pLYBpSoK5kjTy5OS0S4xX9G1DKrrtYZB6iv6KzDKsJmULVVr36/8ABXkfmeDzDEYOXuO66p7H8ud1/wAF/f8AgqzpngabwTJ+1xorNt8n+3LzwFp41a3A4K7/AJY/M/2mhLZ569ZP2M/+CPf/AAUL/wCCpXj0fFLxLFr2h6D4gmW5174vfEPzZrm+iLEF7aKUh7huDtUbIuQQQDk/0m6z+y5+zN4i8aw/EnxD+zt4Fv8AxFbkG31698I2ct7ER0KztEZBj2au5gghtolgt4ljRRhURcBR6AV4eA4RwODqOTt8opadnZbeW3kd9bOpSjalBRff+vz3PEv2EP8Agnt+zP8A8E6/gxa/Br9nXwf9nQRq2teINQZZdS1q5A+a4upsDe5OTtAVEB2oqqAB/JZ/wXU+Dlp8F/8AgrR8dfB2l2LwWr+OZ9Qt1ZcbvtaJdMwz2LzPX9oVfy2f8HcPwn1Pw3/wVbuvG0umLHaeJvAek3Vm6/8ALUxiSCRj77o8fhX1kYxgklpY8RylOV2fmpD4XXVfDkN1FBu8+1DL9cf4iuDVpbeTcjMrKfvKcEV9AfBzwz/avgaFmXc1nqM1s3sAVcfpJ+leReJvCF1oviDUdJeEk2uoTQNx/dcj/CpjLmbTHLuR6X8UvHGkxC3j1kzRjpHdRrIB+LDI/OpdR+K3jrVx5C6ksKsuNtrCF/Xr+tUY/CuoXL7FtWX3rsvA/wAJ7m6mjmuLbHzfxfWsZYPBqXM6cb+iNViMTy8vO7epm+BPh/Nq8gv7yOSR2b5mfoP8TXrPhf4ZxxIGktsn/drq/BXw8TTbRB9nTPXnsPU+ldlbaTbQDja3T0A6VM63RCjE4+08A26IC1qo3f3q0oPCdpbj/UgcA9Bg+31rppfIjJxH+uc4qrNcKq5LZIPtj8Kx5pMqxhT+HLJpMRRdvmX8fWoF0SzJGVz79q0pbyJC2yVW67WLZx/hVWS/hJY7x/wEVfvCI/7Ptlj/AHYU/wBT61A1qE+VSq4YH159aWbV143S5/xqnLqqluremAfzp2YHvn7Euu/Z9c8S+FVl2tdWdtqVuc9JIXMTf+Oun5V4z+1BokXhz9oHxpp8dttjvtQm1SzjX+FbyLzxj6O7flXUfss+KI9J+Pej2rylV1S1vLEj1ZoC6j/vqMVJ+3Vp0Wn/ABR0HxhGMrqWhmCb0LQSkD/xyUflXPH93jv8S/r8hvWl6H9Wn7GXxYm+O37I/wAM/jJdalDd3PibwHpWo31xB91rmW0jab8pC4x2Ir0yvg//AINtPi5J8Vv+CS/gG3miWN/C19qWg+WrZO2C7kKE/VXH4V94V6xzBRRRQAUUUUAFFFFABRRRQAUUUUAFFFFABRRRQAUUUUAFFFFABRRRQAUUUUAFFFFABRRRQAUUUUAFFFFABRRRQAUUUUAFFFFABRRRQAUUUUAfPP7aHiZ0+IXgfwosimGG01TVrpf4lZFhtofwP2mb/vn2rp/2ZbURfCi31yb5f7Wv7q+Y9PkMhRD/AN+41r54/bl+ItraftEeIr2xmbztD8Mafpsit0VwLm9fH1W4t8/7o9K94g1Cb4ZfssR/a5P32j+B442Zepm+zAfmXYV/Neb5lGrx5mGKnrGklFeXKo3/APSJfefc1MLKOQ4ajHebT++7/wDbkcHp3iT+1g2qtw15NJcfTzHZx+hrSt9cRAT5m35epFeZWOupZWkVm0n+pjVPvccDH1NXoPFXy/6/8AK/L6eIl9rc+nnhl02PSYdcQoAZBjPc9asRatE3Ga89t/EqMNwf/gW6rSeKVVVxJ9Of8OtdMcUYvDHoEWp268M1SHU4y2Nw/KuB/wCEqI+7Ngfh/nNSQ+KcjBJrVYoz+q9TuHuLeVcFh+dUbywt7lsMF69x+tc/D4oQ8NL+A6D6mrC+JkOC0lEq0JbkqjKOw7VfCtjcbt0IIzkiuZ1j4WaNqYYXNtHIvPysg/PGK6Y6+jEZm9sZqNtbj5O/2/8A1msZRpSOinKtE8p8T/AHQ50Yw2McbSdWEfzH3PfFN+DfwMs7f4taJ5VlHss1vbxmEY+8LZo1/WWvTZbu3uX8vc2ep/z2rf8Ag7pcdz44ur+Jflt9H2A7evmSjp+CVnQwsa2JhBbX/LX9DSvjKlPCzbfR/jp+p87/ALffgG3bV/APhm2hDfZYdW1KRPRiLe3Q/wDfLSD867v/AII7fDu30vXvjH8TIWx9o1rRvDKx9lGn6f8AayfxfVn/AO+ag/bCVdX+N0Nig50/w7b24z2aSWWVv08uvVP+CW+gWGm/s5ar4kso9r+IPiFrt5c/7TRXZslP/fu0Sv0rwwwqfHE1HalTl9/ux/VnjZ7iJf6sx5t5tfi3L9D6Qooor+lj84CiiigAr8Ff+Dx/4O2Z+LPwQ+MqyyNPrPh3WdBkj2/KBaT29yh+pF1L+CV+9Vflv/wdn/CTUPGn/BPTwj8UtJ0lJW8C/FrTbnVLs43W9he2t3p7c+hubmyBHsPSpl8I0fgj+yh4aj1aLxR4emHzwy2l6ij+6weJj+apWB8cvhhDpfxl1mKKDbHeC1v493H+ut0L/X51euy/ZYvo9J+NI04t8uraPdWre7LtmT/0Bq3/ANrawjtfHHh/XohhbzQZLWb/AH4LhiP/AByYflXn+0lHF27r+vyN7Xp3PH9L8C2Shcoqj0C9a63QtLsNOh3BFHbheRWRHqqR/wAVOOvJHkhv++vp7Vs+aQlY7CLVoooQisoHuTio5NcjALGXceOvPauLfxDxhmxxg7e3NV5PEPO0yHqP4qn2Y+Y7K68QLvzuA5+72z6Vnza6jHmUMfXtn2rlJ9fLMwL/ADZ5+br/APWqrJr+Osmf+BZzV+zJ5jp5tdDjJb7pwPQVRuNcJ5Etc3Nrfcy8egbFVZNWBGAfx9atQC50U2sk8+dn/ZqqdXDsctn056VgyaurDGefrUJ1RQM5HPFPlJO08KePD4L8aaH4wWXaNJ1q0uZD/sLKA/5oWr2j9u1DN4N0vVYWDNo/iF7Vj6JLGyj8N0S/nXy3qd6bvTLi2B5lgdRj/dIH619GfFjXJPiV+zNca+rbprrw3Y6uOf8AlrEIpZP0EgrnrQ5a0J+dv6/EqPwtH61f8Gb/AMZLfW/g38a/gPLJM1xoPirTddjDN8iw31s0O1R2/eWMhP8AvD1r9oq/md/4NG/jvZeAP+CoWrfCfU9XkitviJ8L9Qs9PtV5W41CyuLe9iJ9Ntsl+R9fev6Yq7zEKKKKACiiigAooooAKKKKACiiigAooooAKKKKACiiigAooooAKKKKACiiigAooooAKKKKACiiigAooooAKKKKACiiigAooooAKKKKACgnHWiqXiTV08P+Hb/XpE3LY2Utwy+oRC2P0pN8quwWrsflv8c/GD/Ez49+JI47+O6HiLx21jDJCc74Ptv2RPyhiQfhX17+1z4ng8PfA250uN/lvtStLFB/s+ZvP/jsdfAP7K1/F4u/ab+H9mA3l33iBtT8luflRZ7sg/TGa+ov+Ch3jZLPQfB/hr7Rta81a5u3Xd1WGAKD/wB9S1/GGMx0qlXGV/8An7Kb+9tf+3M/XquFX1rCUP5En91v/kTg4fGcjNnfyf4vWtG18WfN8zZPXA7V47aeMdrbPM28Y5ar8PjFm4D59lY4r5xXSPalRPYI/Fyqu55l9uetW4PGgHyi4wOgw2Pzrx+LxgEXIkHodoqceLZNqsJB1+XsAaalIh0UevL4sjccSL9c/wCc1ND4sA+7IPzrxbxD8VvCngLSW1/x74stNJtOkUl5Lta4btHCn3pXJ4CryTxVBPjslr430/4deLvBfinwjq2uabJqXhmz8Y6JJYNrVnGQJHt94HzoWBaE/vFVlYgAjPVToYutRlWhCThH4mk2l6vZESp04yUW1d7Lv6dz6Aj8YKx4kX8BVlPFP3Qxz/d3NgD8K8ftfGgEYPmbQPer0HjOInBuFUe7H0rFVJCeHPV08U4kwZuBn7v+f/rU9fFBPzBwv+0SW/L/APVXlsXi1Co2yAjPAC8fz/xqf/hMVT/Wyfr0p+0ZHsT09fFSYx54Vf4QeMmvUv2a7pdQ/t7V2l3Ynt7dfbbGWI/NhXy3N4037f355PDf4V9KfshTfafhT/a2c/2lr94Vf1RJBAP/AEWa78pqXxyfZP8AHT9Tzc3p8mBfm0v1/Q8m+PHiK2vfjx4lv57hdljexwFieB5MCZ/rX0v+wPYpZfseeAZxbeTJfaDHfXC7cZlnYyu31LOT+Nfn18YfiPPev478TWM297jUtXkhOepDSqv/AKCtfqB8GtDl8M/CLwv4euLUQyWPh6zhmhUfcdYEDD881+xeD9P6xnGYYvpol/29KT/RfgeBxZH6vl+Gof17sUv1Okooor98PggooooAK+Uv+C4vwstPjD/wSZ+OvhO6Em618DTa1aiP7xuNNlj1GAfjLaoD7Gvq2ub+MnhCH4gfCPxR4GuLOO4TWPD95ZGCZQVk8yB02kHsc0Afxo/DjxOPDvxZ8M62rfKusQqx/wBmTMZ/R69W/bCmS48L6LqqbS1nq8sLYHQSQ/4xivn3xlZ6j4B1ubRdRO288P35gudvaa3l2tj/AIEhr279pW8XVvg/qV9E+Vt7i1vY2/2fMH/sslebUjatCXy/r7zoXwtHiLa+EOSRk8cmom1/MeFboP72a5WXVHI4fvjFRNqTHnNd3IZ3Ook1xvu7u3UtUL6ypc4P/fNc2dSYDG78ajbUjn7xp8oXOgk1dV3H5fY1Xl1c53b+/NYb3pA5bgV1nwC/Z++Pf7Wfjyb4V/s0/CXWvG3iKDSbjUptH0G1MssdpCB5kzdAqAsq8kbndEXLOql8oXMhtYVt3zjpSHVN3yZFZHifRvE3gbxJfeC/HPhzUNG1rS7prbUtJ1aze3urSZTho5YnAdGB4KsARVRb8YyHquURvNqPCglf8KPt7A5J/MdKxUvt4wG/Whb7HKtRYRrNflW353Y719BfBLVoPEnwQ03w3dSgodNvdIm+mZUX/wAdda+Z2viwPPX3r1b9nnxQyeFtQ0vzPmtdSE0fsJEHP/fSVz4iPNT9Cov3j0T/AIIp/Gi6+Af/AAVP+BnxEn1OGxjtfHlrpupXFx92O2vCbC4z/wBsriT8a/ssr+FVNdb4b/HR/EtshI0nxDHqNuvrsmS4A+hxiv7ifhJ45j+J3wr8NfEeFFVde0Gz1HbG2VXzoUkwD3xuxXRe9mZnQ0UUUAFFFFABRRRQAUUUUAFFFFABRRRQAUUUUAFFFFABRRRQAUUUUAFFFFABRRRQAUUUUAFFFFABRRRQAUUUUAFFFFABRRRQAUUUUAFeW/tu+PLr4ZfsifEbxzYSqlzp/hG9a1L9DM0RRB+LMB+NepV8g/8ABbn4gDwj+xQPCCb1k8ZeNNK0lZI/4FikbUJM+xjsXT/gdeVnmK+o5LiK/wDLCT+dnb8Tty2j9YzClT7yX3X1/A+Kf+CdFjHqf7YFhJF/qvDPgPVLr5e0jNa2i/pK+Pxru/8Ago94+M3x38N+EkkHl6T4L+0yLn+O7unxn32QCuQ/4JU2Rl8dfE74gOp/cabo2jWrHpvlkubmUD/gMcGfqK8//bX+IX9u/tg+PrhrjdDpl5ZaPa/N0S1soVYf9/Xl/Gv4xneVV0V0S/Gz/U/ZYwUsdzvov0X/AMkyGDxSA3yv/F/Fg1eg8SZZUaXJ/u7uleW6P4on17Xrbwn4T0fUtd1y84sdB0Gxe8vLhsdEijBY/U4HqRX15+zj/wAEdf2qfjLFb+Kf2i/GkXwt0GVlkXw5o7R3uvXMfPE83NvZ/wAJ2p5z4JBMbCvbyXhHO8/qcuEpNrrJ6RXze/yuwx+aZflsb15peW7+48b1D4haT4dltLC7lluL++mEWnaTY273V7eOeiw20QaSZj6Kpr6D+Bv/AATs/bF+O8Met+Pwnwk0CbmP+0EivtenjIyHECsYbTOfuyFpF5DIpGK+3f2bP2Hv2Zv2ULdpfg98NLW31WeMJfeJNQZrrUrvjHz3MpL4PdVIX2r1qv2jh/wjyvBWq5nP20/5VpBevV/gvI+DzLjLEVrwwkeRd3q/ktl+J4b+zt/wTp/ZS/Zq1+Lx94S+H39seMY0YN448VTnUNW5BDbJpc+QCCVIhCArwQRXSftafsmfCf8AbI+E0vwr+KmnyL5N0l94f1yxby73RNRjB8q9tZOscq7iOOGVmRgVZgfTqK/VaeAwNHC/VqdOKp2typK1vQ+RlisVUre2lNuXe7v95+NvxY8J/Gj9lH4qR/Ar9pKGNr28UyeFPG1nD5eneKYR1K8n7Pdp0kgY/wC2uVYEx2vi0+YELMvI49K/Vf8AaW/Zn+Ef7Wfwovvg/wDGbw4t9pl4N8E0bbLiynH3LiCQcxyKeQw+hyCRX5NftI/s8fGb9hv4j2/w6+MV62teGdSkVPBfxGSLy478f8+d4Puw3idBztmXDKQxZF/nTjvw5q5LUljsvi5YfdxW8P1cfy9D9M4f4ip5jFUMQ7Vfwl/wfL7jetvFm2T5pCzVJL4wCpsWUf7IBHP4V53Nq8kA3Fs+uaqz+KBs5Y9f71flPs+Y+q5T0hvGUcTiWWTaq/NI2f4Rz619rfsu3snhb9lTwbqWqzbGbweNYumY/dM0cl4xPp9+vzH8X+L508MaglszebJZyxwkdS7LtX9SK/Q79qLxJB8F/wBkDx6lhJsXw/8ADmbS7HHaQ2y2UeP+BOK0w8nh6l1u3b9Tzc0o+2hCl3f+S/8Abj4j8D3GpfFaw8N+BtPulivPFXiHSbCFpidpku7+DdnGeNhkr9uFUIoRRwOBX4qf8E+IdN8X/tr/AAb+H1xD5kNv4nm1ArntY6RfTRn6CZYj9cV+1df0V4O4JYfIq9a3x1LfKMV/mz4njitzZhTp9o3+9v8AyCiiiv14+JCiiigAoooNAH8Zv/BUH4c2Hwb/AG+PjV8JrESeTo/xG1eGFn+8Ue4eUH8pPyqGXWm8bfs8FN3mSX3g/AHrJFGVP/j0NfRX/B0Z8O7v4b/8FffHupHSltbXxToOh63Y7VAEyPZC3ll9yZ7WYH3HvXyV8B9dS5+HFpY3D7ls9UuLWRfRGcP+WJDXPiI+6mujNafmeMLqPngTI/DANz7801rorxv6dqp3dvLo93Po0x/eWdxJA/1Riv8ASozMSeT9cV02ILxuyT96mm5LPtDfrVQSEjrX1v8A8Ejv+CPv7Rv/AAVo+NEnhX4fJJ4f8C6HKjeNPH95alrewQ8i3gHAnunH3YwQFHzOQAAWByf/AATi/wCCdX7SX/BUD492/wADf2dvDJMNvtn8WeKb5Cun+H7MtgzTuOrtyI4Vy8jA4AVXdf6tv+CXH/BLD9nP/glX8BP+FSfBXTPtmtas0Vx408Y3kKi9125RWCGRh92KPe4iiB2oHcj5ndm7D9gv9gT9nP8A4Jy/AOw/Z+/Zw8JLY6fBiXVdUuNrXusXe0B7q5kAG9zjgDCqMKoAFe1VJJ89/tyf8Esv2Fv+CiuifYP2p/gJpOtapDZ/ZtP8WWsQttYsIwWKrFeRgSBFZ2YRsWj3EkqSa/D3/got/wAGgv7Svwea88f/APBPrxgPiXoaF5T4P1q4hs9Zt03Z2xSOVhudq9i0bnbwGJC1/SNRQB/B7498B+P/AIT+L734efFHwPrHhvX9NmMWo6Jr2mS2d3ayDqkkMyq6H6iskXIU9Priv7Zv2z/+Cbv7Fv8AwUA8K/8ACM/tTfAfRvEcscLR2OtND5OpWOVYAw3UeJFxuJC5K55xmvwz/wCCkH/Bn3+0B8JYtQ+KP/BPb4gL8QtDikkmfwDrmy21u2i+XC20xIhvcZclXMLgKoXzWbFMZ+Mv2xWGAT612PwS1s2/iC/sO11p+78Y3B/kTWJ8VPhD8Vfgh4xvPAPxe+HeteF9csZWju9J8QaZLaXETqcEFJADweOMiqvw61A2PjOxmL7VkLxMPUOhH88UpRvEa3NT4uIsPj/7Y33bq0jfH0yp/lX9eH/BAD42p8fP+CQvwT8ZedcSTWHhc6HeS3Tbnkn0+eWzkYn0LQkj2Ir+RH4vNm607UMbvkkib2wQw/rX9FX/AAZgfHy38cfsFfEb9n+91p7jUfAfxKN9DZsTi007UrOJoVX2a5tb9vqT60o/AhPc/YyiiimIKKKKACiiigAooooAKKKKACiiigAooooAKKKKACiiigAooooAKKKKACiiigAooooAKKKKACiiigAooooAKKKKACiiigAooooAK/N//g4D8eG2h+GXgKLUV8uGTU9XvLTPPmbIrW3f8proD8a/SCvlP9un/glv4f8A26fjN4Z+JHi341aroGk6NpsdjqeiaTpkTTX0STTS/LcSMRDuaVQf3THCcEE8fOcWZfjs2yCthMIlzz5Vq7K3Mm9fRM9bJMVh8HmUK9f4Y3e19bO34nx7/wAEuZLPTfgLfa/Pvkl8Q/EbULmG1tozLPcx20FtaRpHGuWb5opegxlj0q78GP8AgiR+0L+0t8QNX+Ln7YPj1/Aeg654gutUfwv4ekWbWb1Z5WkCyznMdkuGUFVEr4BXKEBj+k3wH/Zn+B/7M/gmy8AfBf4fWWj6fYxssTIpkmcs7OzPK5LszO7scnqxxgcV3dfGcOeFuW5bXliswl7WbekdoxS2XeXq7LyPYzDizFVrxwq5F3+1/kvx9TzH9mz9jb9mr9kbw7/wjvwA+E+m6CsiBbq/SMy3l17y3EhMkh4/iY16dRRX6lTp06NNQppJLZLRHydSpUqScpu7fVhRRRWhIUUUUAFc18XvhB8Nfjz8PNS+FXxd8HWWvaBq0PlX2m38IdHHYjurA8hhggjIIrpaKmUYzi4yV0yoylGSknZo/F79tj9jnx3/AME9vE0cepahqOufCnVLzyfDPi64VpZdHZj8un6i69ADxHcNw6/Kx3DnxbWtZlsjgt9COhHrnvX76+N/A/hD4leEdR8BeP8Aw3Z6xourWb2upabfwiSG5hcYZGU9QRX43f8ABQf/AIJu/ED9hBJvG/gK3v8AxN8HvtDNFe7mmvvCkbtxDc9WltlJCpMOUXhxxuP4Lxx4dvCTlmGWRbg9ZQX2fOPl3XTofpHD/E0cTFYfFu0+ku/k/P8AM8h+Gu3xp8WPB3hB/mj1PxhpcEidjH9qjd/w2I1fY/8AwVG+Iktv+yLqlhG+1vFHjPSbB/m6x/ajeSAf8Bt6+Pf2PYItV/ax8AT27rLb299c3+5W3KVispmB/MivX/8Agq542a3+Gnw+8Kef/wAffii8vmT/AGYLPylP5zmvxmVP/hQpQXm/uv8A5H1lSKlNN9Lfnf8AQ2v+CG3htvGv7ec3iu5tfOt/C3wy1KdZNufIvLu8soYjnsTCl2Ppmv2Gr8wf+DcTwxPdD4w/E9lXyZrrRtEhPcPbxXFy/wCGLyP8q/T6v6u8P8H9T4VoK1ubml97f6WPyniit7bOqnlZfh/mwooor7Q+fCiiigAoooPSgD+d/wD4PSvg4NA/aW+Cvx+t52Y+KfAmqeHp4dvyx/2ZeR3SNn1YarIPpHX5E/A/Vmj0zWNO877txDcRrn1VkJ/Ra/oi/wCDyH4Q3XjH/gnH4R+LumabHJN4H+JlrJeXjD5obO8tp7V1Hs07WuR/sj0r+bz4T6ktr4lurRvu3Fiw/FWDf41NRc1MqO5mfEyMQ/EHVyF2rNc/aF9/MUOf1JrHjZSMsccce9dJ8W7RR4ghv14E1mqt7lSR/LFfoN/wQz/4N5/iz/wUv13Tfjp8e7HUPCnwTtbrzJtS5ivfEqowzb2QP3Y2IKtcEYUZ2hmxVRfuJg9zjf8Agir/AMEIfjp/wVg8ax+OdfmvvCPwc0m+8vXvGXkYl1Blb57PTw4Kyy9mkwUizzlsIf6q/wBmL9l/4Gfsc/BXRf2ff2dfh/ZeG/C+g2wis7Gzj+aRsfNNK/3pZnPzPIxLMeSa3fhJ8JPhp8B/hvo3wf8Ag54J0/w74Z8P2KWejaLpcAjgtYUGAqj9STkkkkkkk10VBIUUUUAFFFFABRRRQB49+2B+wP8Askft4+BJvh9+1L8E9H8UWjQslveXEGy8s8g/NBcJiSJhnIKsOa/B3/go5/waE/Hz4EXV58WP+Cefje6+JHhy1/0r/hDdflih16zCDcVikVUhvgSpwoWKT5lUK5yx/pDo68GgD+FT48+DPHnw/wBQuvAnxL8Hal4f17SrsG80jWLGS2uIW+ZTlJADj36HHBNfqd/wZbfG/wD4Q/8Abu+I/wAEr7WVhtfG/wAO0uLezb/l5vbC5Dx/isE92foTX7zftuf8E0f2Jv8Agof4IbwV+1b8CNK8QtGjf2frkSta6ppzHHz293EVlj5VSV3FH2gOrLxX5e/sof8ABuh+0X/wSg/4KifDr9qf9mX4j2/jr4Yp4gk07XIdQhEWs6bpt3A8MjyqAIpgpcfPHtOBu2L0o6WA/bmigHIzRQAUUUUAFFFFABRRRQAUUUUAFFFFABRRRQAUUUUAFFFFABRRRQAUUUUAFFFFABRRRQAUUUUAFFFFABRRRQAUUUUAFFFFABRRRQAUUUUAFFFFABRRRQAUUUUAFFFFABRRRQAVBqml6brem3Gjazp0F5Z3ULQ3VrdQiSOaNhhkZWBDKQSCCMEGp6KAPzA+Mn/BLzRf2DfjtdftT/Bt7y4+Fhs77+0fD+1ppPBxuEw80R5Z7BeSVOTApJyUUkfI3/BUzxhHqnxB8C6Ha3kdxDa+Gru7SW3mEkbCe4QKysDggrHkEdRX77SRpLG0UqKysuGVhkEelfk1/wAFa/8Agjx438PvqP7SX7HejrfeHrLT5ptd+HNquJNNjG6SSbTU6GPO5mtVxgn90DnZX4vxl4dKpmH9r5ctUnz0110fvR+/Vdd1rv8AeZDxN7iwuLfpL9H+j+893/4N4fAkfhz9hG68aPA6XHirxxqV5MzrjcsZS3jI9RsiWvvCvFP+Ccfw5Pwr/YY+F3hCWHy5l8H2d1cL5e1hJcIJ2DD+8DJg9+K9rr9WyfD/AFXKqFFq3LCK+dlc+PzCt7fHVai6yf5hRRRXpHGFFFFABRRRQB8W/wDBwx8G4Pjb/wAEfvjR4fe2uJptJ8OprdnDarud5rKeO4UY9Mpz7V/IJ4OuBY+KLe6kkCqpYSZPG3v+Ff3OftDfDZvjJ8BPG3wljaNZPE3hPUNLieZcqrz2zxqx9gzA/hX4Pf8ABAL/AINtbz4heINP/bS/4KA+BvL8L6besfAvw91a22vrjQvgajexH7tqXUmKFxmYDzGXymjMh5FI4X/gh7/wbyan+3lrmh/th/tmeGrzS/g/bMtx4d8L3Eb29x4vAO5ZCeGjsWPV1w0y8IwB3V/R94a8M+HPBnh+y8J+ENAstK0vTbWO107TdNtUgt7WCNQqRRxoAqIqgKFAAAAAq3b29vZ28dpaQJFFEgSOONQqooGAAB0AHan0EhRRRQAUUUUAFFFFABRRRQAUUUUAFGAeooooAKKKKACiiigAooooAKKKKACiiigAooooAKKKKACiiigAooooAKKKKACiiigAooooAKKKKACiiigAooooAKKKKACiiigAooooAKKKKACiiigAooooAKKKKACiiigAooooAKKKKACiiigAoIDDBFFFADYo44Y1hiQKqrhVUcAelOoooAKKKKACiiigAooooAKRVVF2IoVR0A7UtFABRRRQAUUUUAFFFFABRRRQAUUUUAFFFFABRRRQAUUUUAFFFFABRRRQAUUUUAFFFFABRRRQAUUUUAFFFFABRRRQAUUUUAFFFFABRRRQAUUUUAFFFFABRRRQAUUUUAFFFFABRRRQAUUUUAFFFFABRRRQAUUUUAFFFFABRRRQAUUUUAFFFFABRRRQAUUUUAFFFFABRRRQAUUUUAFFFFABRRRQAUUUUAFFFFABRRRQAUUUUAFFFFABRRRQAUUUUAFFFFABRRRQAUUUUAFFFFABRRRQAUUUUAFFFFABRRRQAUUUUAf/2VBLAwQUAAYACAAAACEAQdr25eIGAADmIAAAFQAAAHdvcmQvdGhlbWUvdGhlbWUxLnhtbOxZS4sbRxC+B/IfhrnLes3osVhrpJHk1669eNcOPvZKrZle9UyL7tauhTEE+5RLIOCEHGLILYcQYoghJpf8GINN4vyIVPdImmmplfXaazBhV7Dqx1fVX1dVV5dmLl95EFPnGHNBWNJyy5dKroOTARuSJGy5dw/6hYbrCImSIaIswS13hoV7Zfvzzy6jLRnhGDsgn4gt1HIjKSdbxaIYwDASl9gEJzA3YjxGEro8LA45OgG9MS1WSqVaMUYkcZ0ExaB2l8nZiTNBY4Ll1Lk9GpEBdrcXi/Qo/EukUAMDyvfVEnguuadl8iLDcVl9iZkIKHeOEW25sOyQnRzgB9J1KBISJlpuSf+5xe3LxaUQlRtkc3J9/TeXmwsMxxUtx8PDpaDn+V6tvdSvAVSu43r1Xq1XW+rTADQYwIZTLqbOeiXw5tgcKG1adHfr3WrZwOf0V9fwbV99DLwGpU1vDd/vB5kNc6C06a/h/U6z0zX1a1DarK3h66V216sbeA2KKEnGa+iSX6sGi90uISNGr1nhTd/r1ytzeIYq5oIslU/kKSEXoyPG+4DTPkaSJI6cTfAIDQAeIEoOOXF2SBhB/E1QwgQMlyqlfqkK/9XH0y3tWLSFUU46HRqItSFFyxEDTiay5d4ArW4O8vrly1ePX7x6/PurJ09ePf51vva63DWUhHm5tz9988+zL52/f/vx7dNv7XiRx7/55as3f/z5X+qlQeu7529ePH/9/dd//fzUAm9zdJiHH5AYC+cWPnHusBg2aFkAH/KzSRxEiOQl2kkoUIKUjAXdk5GBvjVDFFlwHWza8R6HrGEDXp0eGYT3Iz6VxAK8GcUGcJcx2mHcuqebaq28FaZJaF+cT/O4Owgd29YOVrzcm04g/IlNZRBhg+YeBZejECdwQNQcG2NsEbtPiGHXXTLgTLCRdO4Tp4OI1SQH5NCIpkzoGonBLzMbQfC3YZvde06HUZv6Lj42kXA2ELWpxNQw41U0lSi2MkYxzSN3kIxsJPdnfGAYXEjwdIgpc3pDLIRN5jafGXRvQpqxu32XzmITySUZ25A7iLE8ssvGQYTiiZUzSaI89roYQ4giZ49JKwlmnhDVBz+gZKO770GSPdvZvgtpyB4gambKbUcCM/M8zugIYZvyNo+NFNvmxBodnWlohPYOxhSdoCHGzt3rNjybGDbPSN+IIKtcwzbb3EBmrKp+ggV2dI1jcSwRRsju45Bt4LM7W0k8M5TEiG/SfGtshkwPrrrYGq90MDZSKeHq0NpJ3Baxsb+NWvciZISV6gt7vM644b93OWMgc/QeMvjMMpDY39k2B4gaC2QBc4CgyrClWxAx3J+JqOOkxaZWuZF5aDM3FFeKnpgkp1ZAK7WP//FqH6gwXv/wzII9n3rHDvyQSmdTMlmtbzbhVquagPEh+fSLmi6aJnsY7hEL9KKmuahp/vc1zabzfFHJXFQyF5WMXeQjVDJZ8aKfBC2e92gt8WkPf0aE0n05o3hH6OpHQAoY9mFQd7Ts8pHTJILmfFUDF3Kk2w5n8gsio/0ITWC1sl4hFHPVoXAmTED9pIetutUEnca7bJiOlsuLp5wggGQ2DvXXYhyqNZmO1urZ47ylet0L9dPXBQElexYSucVMElULifpi8BQSemfnwqJpYdFQ6jey0F9zr8Ad5SD1vNz3UkYQdRDZQ+WnVH7h3XP39CZjmtuuWLbXVFzPx9MGiVy4mSRyYRjBHbI6fM6+bmYuNegpU6zTqDc+hq9VLlnJDTQxe84JnLmqD2oGaNJyR/DLCZrxBPQJlbAQDZOWO5BzQ79PZplwIbtIRClMT6X7j4nE3KEkhljPu4EmGbdypa72+ImSa5Y+Pcvpr7yT8WiEB3LDSNaFuVSJdfYDwarDpkB6PxqeOId0yu8gMJRfLysDDomQS2sOCc8Fd2bFlXQ1P4rG25fsiCI6idD8Rskn8xSu20s6uX1opqu7MvvzzRyGykkffOueLqQmcklzwwWibk17/vh4l3yOVZb3DVZp6l7Ndc1Frtt0S3z4hZCjli1mUFOMLdSyUZPaORYEueWWobnpjjjv22A1atUFsSgvdW/tbTc7PILI70LROqVSaKrw44WjYPGCMs0EenSRXR5IZ8pJy31Y8tteUPGDQqnh9wpe1SsVGn67Wmj7frXc88ulbqfyCIwio7jsp2v34Tc/nc1f6uvxtRf78aLivjRgcZHpOriohfWL/XLFeLGf1snOgZp3HQKWeVir9JvVZqdWaFbb/YLX7TQKzaDWKXRrQb3b7wZ+o9l/5DrHGuy1q4FX6zUKtXIQFLxaSdFvNAt1r1Jpe/V2o+e1H81tDTtffC/Mq3lt/wsAAP//AwBQSwMEFAAGAAgAAAAhAK9VCURFBAAADQwAABEAAAB3b3JkL3NldHRpbmdzLnhtbLRW227jNhB9L9B/MPRcx7rbVtdZ+BI1WcTdxTpFgb5REmUTIUWCpOx4i/57R5QYOYm7SLbIS0LNmTkzHM7FHz4+MDrYY6kIr2aOd+E6A1zlvCDVdub8cZcOJ85AaVQViPIKz5wjVs7Hy59/+nBIFNYa1NQAKCqVsHzm7LQWyWik8h1mSF1wgSsASy4Z0vAptyOG5H0thjlnAmmSEUr0ceS7bux0NHzm1LJKOoohI7nkipe6MUl4WZIcd/+shXyN39ZkxfOa4UobjyOJKcTAK7UjQlk29qNsAO4syf57l9gzavUOnvuK6x64LB4tXhNeYyAkz7FS8ECM2gBJ1TsOXxA9+r4A390VDRWYe645nUYevY3Af0EQ56R4G0fccYzA8oRH4bfRRJZGHRl+sESKvia1LXRLMolkW7hdXlme3GwrLlFGIRzI7wBSNDDRNX+biC+hab5xzgaHRGCZQ+XMnInrjBo5PBcvNxpp0E6UwJSaDswpRlWrUeAS1VTfoWyjuQCtPYKIx+6khXdHscOVqee/oFMtHvpRi+c7JFGusdwIlAP3kldacmr1Cv4710voSglF01mYHu1Pm7bfwaJCDO74pIfXvICGPCS1JK9/jMbAePdskGcdcZhPkhT4rsntRh8pTiH4DfmG51XxqVaaAKO5+f+I4HsBQF7B82eohrujwClGuoY0vZMz8xIpJWJNpOTypiqgUN7NGSlLLMEBgcpbQ3kRyQ8mz9cYFbAW3slvrfCfoAzNGNxBWd4vuNacXfc1/ON+TUONTssXlluh7OEr5/pR1fVTN3SDNtIG7RF3GQZBfA7xp95iMT6L/CdbOPbn0VmbiRfHcXoWSV3f68bDU2QaeOPF2dgWUTiZdBPhGTL2wslZP8tpsJyfjXo5DdOoe8dnSOqFV2dtVkEQuGH3Bl3mWdIsxy/Snpr2HbDWYolYJgkarJv1OWo0Mnm/IJXFMwzjF58imzqz4HDYAoohSlMoJAuYtLGkIEqscGnOdI3ktuftNORZKczaT49czaDG8jfJa9GiB4lE25ZWxQvDzpJU+pYwK1d1trFWFSyME6iuis97afLUp+eQaChzM95ukWkXoyvo8Mtt105UbppWwGskRNtR2dabOZRsd9prmkDDVwG/ssxHtvU7zDeY32LmA+XNzUC7O/Qy38pO9AIrC3pZaGVhL4usLOplsZXFjQw2FZaw3u6hue2xkZecUn7AxXWPvxC1SVA7JPCq3YdQXrwVdAtSDfYJfoDVigui4cerIAVDD/BGrm9aptOm6Mhr/US3wRpl8ZShQBp142z0xNiU+LNYmj2dEyjHzZFl/Xr9pQ2cEgWjUMAm1lxa7FeDeWFS8PwGOglORh6nkzR0o2kLR2aDazMt4d2/4nKBFC46zJpGrenf7jydT1eBP5wspuNhCL0/nC78YBgHMKWu5uHqKgj/6ZrU/o6//BcAAP//AwBQSwMEFAAGAAgAAAAhAL3Ujb8nAQAAjwIAABQAAAB3b3JkL3dlYlNldHRpbmdzLnhtbJTSzWoCMRAA4Huh7xBy16xSpSyuQimWXkqh7QPE7KyGZjIhE7vap2/can/w4l5CJsl8yYSZLXboxAdEtuQrORoWUoA3VFu/ruTb63JwKwUn7WvtyEMl98ByMb++mrVlC6sXSCmfZJEVzyWaSm5SCqVSbDaAmocUwOfNhiLqlMO4Vqjj+zYMDGHQya6ss2mvxkUxlUcmXqJQ01gD92S2CD51+SqCyyJ53tjAJ629RGsp1iGSAeZcD7pvD7X1P8zo5gxCayIxNWmYizm+qKNy+qjoZuh+gUk/YHwGTI2t+xnTo6Fy5h+HoR8zOTG8R9hJgaZ8XHuKeuWylL9G5OpEBx/Gw2Xz3CEUkkX7CUuKd5FahqgOy9o5ap+fHnKg/rXR/AsAAP//AwBQSwMEFAAGAAgAAAAhAOQ+kBeDAQAABgMAABEACAFkb2NQcm9wcy9jb3JlLnhtbCCiBAEooAABAAAAAAAAAAAAAAAAAAAAAAAAAAAAAAAAAAAAAAAAAAAAAAAAAAAAAAAAAAAAAAAAAAAAAAAAAAAAAAAAAAAAAAAAAAAAAAAAAAAAAAAAAAAAAAAAAAAAAAAAAAAAAAAAAAAAAAAAAAAAAAAAAAAAAAAAAAAAAAAAAAAAAAAAAAAAAAAAAAAAAAAAAAAAAAAAAAAAAAAAAAAAAAAAAAAAAAAAAAAAAAAAAAAAAAAAAAAAAAAAAAAAAAAAAAAAAAAAAAAAAAAAAAAAAAAAAAAAAAAAAAAAAAAAAAAAAAAAAAAAAAAAAAAAAAAAAAAAAAAAAAAAAAAAAAAAAAAAAAAAAISS32/bIBCA3yvtf7B4twFHSVvLcaet6lMrVWqmTXtjcE1ZzA/BpW7++2I7cWat097uuI+P46C+eTNt9gohamfXhBeMZGClU9pu1+Tb5i6/IllEYZVonYU1OUAkN82ni1r6SroAj8F5CKghZslkYyX9mrwg+orSKF/AiFgkwqbiswtGYErDlnohd2ILtGRsRQ2gUAIF7YW5n4zkqFRyUvp9aAeBkhRaMGAxUl5wemYRgokfbhgqf5BG48HDh+ipONFvUU9g13VFtxjQ1D+nPx7un4ar5tr2s5JAmlrJCjW20NT0HKYo7n/9Bonj8pSkWAYQ6EJTXnO2vPzsFqtlEXGvir3ZFb4d+BPTT38Hh84FFZNpliVMQZRBe0xvOp4zW0h0KyI+pEd+1qC+HP595N9ovzvAq+7/S8P5gEx5fZz+2CeoLE2tGmd8qnxffL3d3JGmZOUqZzxn5YYvq7KsGPvZtzrbfxaaYwf/NZY5T8brasnnxpNgnNb85zbvAAAA//8DAFBLAwQUAAYACAAAACEACGI3h7YLAAC5cgAADwAAAHdvcmQvc3R5bGVzLnhtbLydS3PbOBLH71u134Gl0+zBkfxOUuNM2U68dk2ceCJnc4ZIyMIaJLR8xFY+/QIgKVFugmKDPb4klqj+4dH9b6L5/P2P51gGP3maCZWcjfbfTEYBT0IVieThbPT9/mrv7SjIcpZETKqEn41WPBv98eGf//j96X2WryTPAg1IsvdxeDZa5Pny/XichQses+yNWvJEb5yrNGa5/pg+jGOWPhbLvVDFS5aLmZAiX40PJpOTUYVJ+1DUfC5C/lGFRcyT3NqPUy41USXZQiyzmvbUh/ak0miZqpBnmR50LEtezESyxuwfAVAswlRlap6/0YOpemRR2nx/Yv+K5QZwjAMcAMBJKCIc46RijLVlg5NxHOa4xmSrmD+Pgjh8f/OQqJTNpCbpqQn06AILNv+axj7o4IhU+JHPWSHzzHxM79LqY/XJ/nelkjwLnt6zLBTiXndGE2Oh4dfnSSZGegtnWX6eCda6cWH+aN0SZnnj6wsRidHYtJj90ht/Mnk2Ojiov7k0Pdj6TrLkof5uKffuPjd7cjbiyd73qflqprlnI5buTc+N4bgaWPl/Y7jLl59sw0sWCtsOm+dcx/3+ycRApTAyOzh+V3/4VpiJZkWuqkYsoPx/jR2DGddy0OKYlhrVW/n8swofeTTN9YazkW1Lf/n95i4VKtU6PBu9s23qL6c8FtciinjS+GGyEBH/seDJ94xHm+//urJaqr4IVZHovw9Pj20UyCz69BzypVGm3pow45MvxkCaXxdi07g1/18N26880Wa/4Mykp2D/JcJ2H4U4MBZZY7TtzOLF2O2vUA0dvlZDR6/V0PFrNXTyWg2dvlZDb1+rIYv5OxsSScSfSyHCZgB1F8ehRjTHITY0x6ElNMchFTTHoQQ0xxHoaI4jjtEcR5giOLkKXVHYCPZDR7R3c3fvI/y4u3cJftzdewA/7u6E78fdnd/9uLvTuR93d/b24+5O1nhuudQKbrTMknywyuZK5YnKeZDz5+E0lmiWrdloeGanx1OSQRJgysxW7YgH00JmP++OECtS//15bqq6QM2DuXgoUl3qD+04T35yqYvugEWR5hECU54XqWNGfGI65XOe8iTklIFNBzWVYJAU8YwgNpfsgYzFk4h4+moiSVJYB7SunxdGJIIgqGMWpmp41xQjyw+fRTZ8rgwkuCik5ESsLzQhZlnDawOLGV4aWMzwysBihhcGDZ9RTVFFI5qpikY0YRWNaN7K+KSat4pGNG8VjWjeKtrwebsXubQpvrnq2O9/7O5SKnOUfXA/puIhYXoBMHx3Ux0zDe5Yyh5StlwE5qh0O7Y5Zmw7FypaBfcU+7Q1iWpdb0PkUo9aJMXwCd2iUYlrzSOS15pHJLA1b7jEbvUy2SzQrmnqmWkxy1tFa0m9RDtlsigXtMPVxvLhEbYRwJVIMzIZtGMJIviLWc4ad1Jkvk0vh3dswxouq5dZibR7FZKgl1KFjzRp+Hq15Kkuyx4Hk66UlOqJR3TEaZ6qMtaakj+wLukl+U/xcsEyYWulLUT/XX19fj64ZcvBA7qTTCQ0fvu0FzMhA7oVxPX97efgXi1NmWkmhgZ4ofJcxWTM6kjgbz/47F80HTzXRXCyIhrtOdHhIQu7FAQ7mZKkIiKSXmaKRJDsQy3vT76aKZZGNLS7lJeXxOSciDhl8bJcdBBoS+fFJ51/CFZDlvcflgpzXIhKVPcksMZhw6yY/ZeHw1PdFxWQHBn6WuT2+KNd6lprOtzwZcIWbvgSwXpT7x5M/BIMdgs3fLBbOKrBXkqWZcJ5CtWbRzXcmkc93uHFX8VTUqXzQtJNYA0km8EaSDaFShZxklGO2PIIB2x51OMlDBnLIzgkZ3n/TkVE5gwLo/KEhVG5wcKofGBhpA4YfoVOAzb8Mp0GbPi1OiWMaAnQgFHFGenun+gsTwNGFWcWRhVnFkYVZxZGFWeHHwM+n+tFMN0upoGkirkGkm5Hk+Q8XqqUpSsi5CfJHxjBAdKSdpequblXQiXlRdwESHOMWhIutksclZN/8BlZ1wyLsl8ER0SZlEoRHVvb7HCs5fa1a7vM7J0cg7twJ1nIF0pGPHWMyW2r6+VpeVvGy+7bbvQ67PlZPCzyYLpYH+1vYk4mOy3rgn3LbHeDbXN+Ut/P0mZ2yyNRxHVH4c0UJ4f9jW1Ebxkf7TberCS2LI97WsI2T3ZbblbJW5anPS1hm297Wlqdbll26eEjSx9bA+G0K37WNZ4j+E67omht3NpsVyCtLdtC8LQrirakEpyHoTlbAL3TTzNu+37icdtjVOSmYOTkpvTWlRvRJbBv/Kcwe3ZM0rTtra+eAHnfLqJ7Zc6/ClUet9864dT/pq4bvXBKMh60cg77n7jayjLueeydbtyI3nnHjeidgNyIXpnIaY5KSW5K79zkRvROUm4EOlvBPQIuW0F7XLaC9j7ZClJ8stWAVYAb0Xs54EaghQoRaKEOWCm4ESihAnMvoUIKWqgQgRYqRKCFChdgOKFCe5xQob2PUCHFR6iQghYqRKCFChFooUIEWqgQgRaq59reae4lVEhBCxUi0EKFCLRQ7XpxgFChPU6o0N5HqJDiI1RIQQsVItBChQi0UCECLVSIQAsVIlBCBeZeQoUUtFAhAi1UiEALtbzV0F+o0B4nVGjvI1RI8REqpKCFChFooUIEWqgQgRYqRKCFChEooQJzL6FCClqoEIEWKkSghWpPFg4QKrTHCRXa+wgVUnyECilooUIEWqgQgRYqRKCFChFooUIESqjA3EuokIIWKkSghQoRXfFZnaJ0XWa/jz/q6bxiv/+pq6pT35q3cjdRh/1Rda/crP73Ilwo9Ri03nh4aOuNfhAxk0LZQ9SO0+pNrr0kAnXi8+tl9x0+TfrAhy5V90LYc6YAftTXEhxTOeoK+aYlKPKOuiK9aQlWnUdd2bdpCXaDR11J1+qyvihF746AcVeaaRjvO8y7snXDHE5xV45uGMIZ7srMDUM4wV35uGF4HJjk/NL6uOc8nayvLwWErnBsEE7dhK6whL6q0zEURl+nuQl9vecm9HWjm4DypxODd6wbhfawG+XnaigzrKv9heomYF0NCV6uBhh/V0OUt6shys/VMDFiXQ0JWFf7J2c3wcvVAOPvaojydjVE+bka7sqwroYErKshAevqgTtkJ8bf1RDl7WqI8nM1XNxhXQ0JWFdDAtbVkODlaoDxdzVEebsaovxcDapktKshAetqSMC6GhK8XA0w/q6GKG9XQ1SXq+1RlC1XozzcMMctwhqGuB1ywxCXnBuGHtVSw9qzWmoQPKsl6Kva57hqqek0N6Gv99yEvm50E1D+dGLwjnWj0B52o/xcjauW2lztL1Q3AetqXLXkdDWuWup0Na5a6nQ1rlpyuxpXLbW5GlcttbnaPzm7CV6uxlVLna7GVUudrsZVS25X46qlNlfjqqU2V+OqpTZXD9whOzH+rsZVS52uxlVLblfjqqU2V+OqpTZX46qlNlfjqiWnq3HVUqercdVSp6tx1ZLb1bhqqc3VuGqpzdW4aqnN1bhqyelqXLXU6WpctdTpaly1dKtNBMEjoKYxS/OA7nlx1yxb5Gz4wwm/JynPlPzJowA91PHT1jurTBv2DXP697keqHlseeMeo6h8bGsFtD+8ieonMiUr+/Yp06egeo9X9dIp2/XqLGvZpjWFjYUL3VpYPXLK0dhHFa9kwsJfoR7oI2OPbCnyAjTteMKs7comcupfV9O7mbPyd1sz1tnz3ERqR6+n9m1+aaSeXLNUBrurg+8q9e7qoe7PTJbvOtN/3CSRBjxV7/kqexo9sxKlt19yKW9Z+Wu1dP9U8nlebt2f2GcNvNg+Kx+b57RPbX51AsbbnSk/Vu9bc8x3+SD96sS/Y84v+C+ps0jbhNvrUIbOdc84XvfnTj2kxUzwRHDQperZkeVsMs3/avRdRnJ7wDs6X79ObyM3Pf2ZMHFgt08mB1eTo0l18UD1TsBZ2e5lVo6qfqFeNbr6r+zD/wEAAP//AwBQSwMEFAAGAAgAAAAhAImzCmfGAQAAiwUAABIAAAB3b3JkL2ZvbnRUYWJsZS54bWzcks+K2zAQxu+FvoPQfWPZibNbs85C2wQKpYeyfQBFkW1R/TEaJd68fUeyky2EhfWlh9ogpG9mfhp9zOPTi9HkJD0oZ2uaLxgl0gp3ULat6a/n3d0DJRC4PXDtrKzpWQJ92nz88DhUjbMBCNZbqIyoaRdCX2UZiE4aDgvXS4vBxnnDAx59mxnufx/7O+FMz4PaK63COSsYW9MJ499DcU2jhPzqxNFIG1J95qVGorPQqR4utOE9tMH5Q++dkAD4ZqNHnuHKXjH56gZklPAOXBMW+Jipo4TC8pylndGvgHIeoLgBrIU6zGOsJ0aGlX9xQM7DlBcMnI18ocSI6ltrned7jSS0huDrSALHNV62mWaDDJXlBrO+cK32XqVAz60DmWPsxHVNWcF2rMQ1/iu2jCvNYqLouAcZISlxux3lhhulzxcVBgUwBnoVRHfRT9yr2OEYAtVi4Ah7hpwVY8V2t6OjkmN3DJXV/edJKbCp8fs0KcurwqIiEicd85EjEueag3dmowM3TjwrI4H8kAP56Qy3bzhSsDU6UaIf0ZnlLEd84s5yJL7/xpH7h/KfODLNBvmu2i68OSFxLv7TCZk2sPkDAAD//wMAUEsDBBQABgAIAAAAIQCpJ3JU3QEAAN0DAAAQAAgBZG9jUHJvcHMvYXBwLnhtbCCiBAEooAABAAAAAAAAAAAAAAAAAAAAAAAAAAAAAAAAAAAAAAAAAAAAAAAAAAAAAAAAAAAAAAAAAAAAAAAAAAAAAAAAAAAAAAAAAAAAAAAAAAAAAAAAAAAAAAAAAAAAAAAAAAAAAAAAAAAAAAAAAAAAAAAAAAAAAAAAAAAAAAAAAAAAAAAAAAAAAAAAAAAAAAAAAAAAAAAAAAAAAAAAAAAAAAAAAAAAAAAAAAAAAAAAAAAAAAAAAAAAAAAAAAAAAAAAAAAAAAAAAAAAAAAAAAAAAAAAAAAAAAAAAAAAAAAAAAAAAAAAAAAAAAAAAAAAAAAAAAAAAAAAAAAAAAAAAAAAAAAAAAAAAJxTTW8TMRC9I/EfVr43zkYoKpXjCqVCPQCNlG17Nt7ZxMJrW/Ykajjy3/hfjHebxQFO7Om95/Hsmw+L25feVkeIyXi3YvVszipw2rfG7Vbssfl4dc2qhMq1ynoHK3aCxG7l2zdiE32AiAZSRSlcWrE9YrjhPOk99CrN6NjRSedjr5Bo3HHfdUbDndeHHhzyxXy+5PCC4Fpor8KUkI0Zb474v0lbr7O/9NScAuWTooE+WIUgv+SbdtZ67AWfVNF4VLYxPcjFkvSJiY3aQZK14CMQzz62xK8FH5FY71VUGqmDsq4XghdcfAjBGq2Qeis/Gx198h1WD4PhKt8XvAwRVMQW9CEaPMm54CUVn4wbjYyAjEW1iyrsX91NTGy1srCm8mWnbALBfwviHlQe7UaZ7O+IN0fQ6GOVzHca7oJVX1WC3LQVO6polEM2ho1kwDYkjLI54eHnD8EnYYBlXInNu+xyBJeBAxlMEL601xi0kB46Kg7/4bYu3Q4eRq+FndLZ+R9/ZF37PihHDeYTog5/S4+h8Xd5N16beCkWY382uN8GpfN0Fu/LBShOxJZUaGmi01AmQdxTBdHm/HTX7aA9x/x9kFfqaXytsl7O5vQNO3TWaBOmZyR/AQAA//8DAFBLAQItABQABgAIAAAAIQAcQaguZgEAAFQFAAATAAAAAAAAAAAAAAAAAAAAAABbQ29udGVudF9UeXBlc10ueG1sUEsBAi0AFAAGAAgAAAAhAB6RGrfvAAAATgIAAAsAAAAAAAAAAAAAAAAAnwMAAF9yZWxzLy5yZWxzUEsBAi0AFAAGAAgAAAAhAC2fZVoJAQAAtgMAABwAAAAAAAAAAAAAAAAAvwYAAHdvcmQvX3JlbHMvZG9jdW1lbnQueG1sLnJlbHNQSwECLQAUAAYACAAAACEAWMZS9HkGAACpIgAAEQAAAAAAAAAAAAAAAAAKCQAAd29yZC9kb2N1bWVudC54bWxQSwECLQAKAAAAAAAAACEAOSJuYX03AgB9NwIAFgAAAAAAAAAAAAAAAACyDwAAd29yZC9tZWRpYS9pbWFnZTEuanBlZ1BLAQItABQABgAIAAAAIQBB2vbl4gYAAOYgAAAVAAAAAAAAAAAAAAAAAGNHAgB3b3JkL3RoZW1lL3RoZW1lMS54bWxQSwECLQAUAAYACAAAACEAr1UJREUEAAANDAAAEQAAAAAAAAAAAAAAAAB4TgIAd29yZC9zZXR0aW5ncy54bWxQSwECLQAUAAYACAAAACEAvdSNvycBAACPAgAAFAAAAAAAAAAAAAAAAADsUgIAd29yZC93ZWJTZXR0aW5ncy54bWxQSwECLQAUAAYACAAAACEA5D6QF4MBAAAGAwAAEQAAAAAAAAAAAAAAAABFVAIAZG9jUHJvcHMvY29yZS54bWxQSwECLQAUAAYACAAAACEACGI3h7YLAAC5cgAADwAAAAAAAAAAAAAAAAD/VgIAd29yZC9zdHlsZXMueG1sUEsBAi0AFAAGAAgAAAAhAImzCmfGAQAAiwUAABIAAAAAAAAAAAAAAAAA4mICAHdvcmQvZm9udFRhYmxlLnhtbFBLAQItABQABgAIAAAAIQCpJ3JU3QEAAN0DAAAQAAAAAAAAAAAAAAAAANhkAgBkb2NQcm9wcy9hcHAueG1sUEsFBgAAAAAMAAwABQMAAOtnAgAAAA==', 1, CAST(N'2026-02-12T19:18:30.1536272' AS DateTime2), CAST(N'2026-02-12T19:52:11.3294790' AS DateTime2))
INSERT [dbo].[CertificateTemplate] ([CertificateTemplateId], [Name], [Description], [TemplateBody], [IsActive], [CreatedAt], [UpdatedAt]) VALUES (4, N'retr', N'sefr', N'sedfsed', 0, CAST(N'2026-02-12T19:19:53.1767321' AS DateTime2), CAST(N'2026-02-12T19:20:06.9610425' AS DateTime2))
INSERT [dbo].[CertificateTemplate] ([CertificateTemplateId], [Name], [Description], [TemplateBody], [IsActive], [CreatedAt], [UpdatedAt]) VALUES (5, N'trgh', N'rtgh', N'gth', 0, CAST(N'2026-02-12T20:20:30.9500111' AS DateTime2), CAST(N'2026-02-12T20:24:00.6545773' AS DateTime2))
INSERT [dbo].[CertificateTemplate] ([CertificateTemplateId], [Name], [Description], [TemplateBody], [IsActive], [CreatedAt], [UpdatedAt]) VALUES (6, N'testtest', N'test', N'test', 0, CAST(N'2026-02-17T20:59:53.7342731' AS DateTime2), CAST(N'2026-02-17T21:00:08.2746547' AS DateTime2))
SET IDENTITY_INSERT [dbo].[CertificateTemplate] OFF
GO
SET IDENTITY_INSERT [dbo].[Course] ON 

INSERT [dbo].[Course] ([CourseId], [CourseCategoryId], [Title], [ShortDescription], [LongDescription], [DifficultyLevel], [Status], [ThumbnailMediaId], [CreatedAt], [UpdatedAt], [TutorUserId], [IsActive]) VALUES (1, 1, N'English A1 – Everyday Basics', N'Beginner English course focusing on essential daily communication.', N'This A1-level course introduces students to everyday English expressions including greetings, daily routines, food vocabulary and simple questions. It is designed for complete beginners and helps build a strong foundation for communication.', N'A1', N'Published', 1, CAST(N'2025-12-05T17:54:01.3070496' AS DateTime2), CAST(N'2026-02-13T11:07:38.6566666' AS DateTime2), 4, 1)
INSERT [dbo].[Course] ([CourseId], [CourseCategoryId], [Title], [ShortDescription], [LongDescription], [DifficultyLevel], [Status], [ThumbnailMediaId], [CreatedAt], [UpdatedAt], [TutorUserId], [IsActive]) VALUES (2, 2, N'English A2 – Everyday Communication', N'Pre-intermediate English course focused on daily conversations and practical language use.', N'This A2-level course expands vocabulary, improves speaking confidence and introduces students to more complex everyday situations. Topics include travel, shopping, simple opinions, and basic social interactions. Ideal for learners who already understand simple phrases and want to progress further.', N'A2', N'Published', 2, CAST(N'2025-12-05T18:21:12.8691753' AS DateTime2), CAST(N'2025-12-20T11:07:49.7477040' AS DateTime2), 5, 1)
INSERT [dbo].[Course] ([CourseId], [CourseCategoryId], [Title], [ShortDescription], [LongDescription], [DifficultyLevel], [Status], [ThumbnailMediaId], [CreatedAt], [UpdatedAt], [TutorUserId], [IsActive]) VALUES (3, 3, N'Business English – Office Basics', N'A practical course for improving English used in everyday office situations.', N'This course introduces essential workplace English for daily communication in an office environment. Students learn useful phrases for emails, phone calls, scheduling meetings, small talk with colleagues, and basic professional vocabulary. Ideal for learners who want to gain confidence in simple work-related situations.', N'A2-B1', N'Published', 3, CAST(N'2025-12-05T19:21:42.3414225' AS DateTime2), CAST(N'2025-12-20T11:08:41.8161581' AS DateTime2), 6, 1)
INSERT [dbo].[Course] ([CourseId], [CourseCategoryId], [Title], [ShortDescription], [LongDescription], [DifficultyLevel], [Status], [ThumbnailMediaId], [CreatedAt], [UpdatedAt], [TutorUserId], [IsActive]) VALUES (4, 3, N'test', N'test', N'test', N'A2', N'Published', NULL, CAST(N'2026-02-13T13:18:28.4688899' AS DateTime2), CAST(N'2026-02-13T13:19:03.4743423' AS DateTime2), 4, 0)
INSERT [dbo].[Course] ([CourseId], [CourseCategoryId], [Title], [ShortDescription], [LongDescription], [DifficultyLevel], [Status], [ThumbnailMediaId], [CreatedAt], [UpdatedAt], [TutorUserId], [IsActive]) VALUES (5, 2, N'testtest', N'test', N'test', N'test', N'test', NULL, CAST(N'2026-02-17T19:44:58.3601229' AS DateTime2), CAST(N'2026-02-17T19:45:33.0194987' AS DateTime2), 4, 0)
INSERT [dbo].[Course] ([CourseId], [CourseCategoryId], [Title], [ShortDescription], [LongDescription], [DifficultyLevel], [Status], [ThumbnailMediaId], [CreatedAt], [UpdatedAt], [TutorUserId], [IsActive]) VALUES (6, 2, N'testtest', N'test', N'test', N'test', N'test', NULL, CAST(N'2026-02-17T20:50:34.3299685' AS DateTime2), CAST(N'2026-02-17T20:51:25.2899093' AS DateTime2), 4, 0)
INSERT [dbo].[Course] ([CourseId], [CourseCategoryId], [Title], [ShortDescription], [LongDescription], [DifficultyLevel], [Status], [ThumbnailMediaId], [CreatedAt], [UpdatedAt], [TutorUserId], [IsActive]) VALUES (7, 2, N'testtest', N'test', N'test', N'test', N'test', 4, CAST(N'2026-02-17T20:58:27.7542799' AS DateTime2), CAST(N'2026-02-17T20:58:43.9351321' AS DateTime2), 5, 0)
SET IDENTITY_INSERT [dbo].[Course] OFF
GO
SET IDENTITY_INSERT [dbo].[CourseCategory] ON 

INSERT [dbo].[CourseCategory] ([CourseCategoryId], [Name], [Description], [IsActive]) VALUES (1, N'General English', N'Courses focused on everyday English communication for different levels (A1–B2).', 1)
INSERT [dbo].[CourseCategory] ([CourseCategoryId], [Name], [Description], [IsActive]) VALUES (2, N'English A1-B1 – Everyday Basics', N'Beginner English course focused on everyday communication: greetings, daily routine, food and simple questions.', 1)
INSERT [dbo].[CourseCategory] ([CourseCategoryId], [Name], [Description], [IsActive]) VALUES (3, N'English for Work & Business', N'Courses focused on workplace communication, business vocabulary, professional email writing, meetings, and presentations for learners from A2 to B2 levels.', 1)
SET IDENTITY_INSERT [dbo].[CourseCategory] OFF
GO
SET IDENTITY_INSERT [dbo].[CoursePricingPlan] ON 

INSERT [dbo].[CoursePricingPlan] ([CoursePricingPlanId], [CourseId], [Name], [Description], [AccessDurationDays], [IsActive]) VALUES (1, 1, N'Basic', N'Dostęp do kursu na 30 dni. Cena: 49 zł. Idealne na start.', 30, 1)
INSERT [dbo].[CoursePricingPlan] ([CoursePricingPlanId], [CourseId], [Name], [Description], [AccessDurationDays], [IsActive]) VALUES (2, 1, N'Standard', N'Dostęp do kursu na 90 dni. Cena: 119 zł. Najczęściej wybierany plan.', 90, 1)
INSERT [dbo].[CoursePricingPlan] ([CoursePricingPlanId], [CourseId], [Name], [Description], [AccessDurationDays], [IsActive]) VALUES (3, 1, N'Premium', N'Dostęp do kursu na 365 dni. Cena: 249 zł. Pełny rok nauki.', 365, 1)
INSERT [dbo].[CoursePricingPlan] ([CoursePricingPlanId], [CourseId], [Name], [Description], [AccessDurationDays], [IsActive]) VALUES (4, 2, N'Basic', N'Dostęp do kursu na 14 dni. Cena: 39 zł. Szybki sprint nauki.', 14, 1)
INSERT [dbo].[CoursePricingPlan] ([CoursePricingPlanId], [CourseId], [Name], [Description], [AccessDurationDays], [IsActive]) VALUES (5, 2, N'Standard', N'Dostęp do kursu na 60 dni. Cena: 109 zł. Spokojne tempo przerobienia materiału.', 60, 1)
INSERT [dbo].[CoursePricingPlan] ([CoursePricingPlanId], [CourseId], [Name], [Description], [AccessDurationDays], [IsActive]) VALUES (6, 2, N'Premium', N'Dostęp do kursu na 180 dni. Cena: 189 zł. Pół roku dostępu.', 180, 1)
INSERT [dbo].[CoursePricingPlan] ([CoursePricingPlanId], [CourseId], [Name], [Description], [AccessDurationDays], [IsActive]) VALUES (7, 3, N'Basic', N'Dostęp do kursu na 7 dni. Cena: 29 zł. Plan testowy.', 7, 1)
INSERT [dbo].[CoursePricingPlan] ([CoursePricingPlanId], [CourseId], [Name], [Description], [AccessDurationDays], [IsActive]) VALUES (8, 3, N'Standard', N'Dostęp do kursu na 30 dni. Cena: 79 zł. Dobra opcja na miesiąc.', 30, 1)
INSERT [dbo].[CoursePricingPlan] ([CoursePricingPlanId], [CourseId], [Name], [Description], [AccessDurationDays], [IsActive]) VALUES (9, 3, N'Premium', N'Dostęp do kursu na 120 dni. Cena: 159 zł. Najlepszy stosunek czasu do ceny.', 120, 1)
SET IDENTITY_INSERT [dbo].[CoursePricingPlan] OFF
GO
SET IDENTITY_INSERT [dbo].[IssuedCertificate] ON 

INSERT [dbo].[IssuedCertificate] ([IssuedCertificateId], [UserId], [CourseId], [CertificateTemplateId], [IssuedAt], [CertificateNumber], [FileUrl], [IsActive]) VALUES (1, 1, 2, 2, CAST(N'2026-01-02T16:37:23.3445696' AS DateTime2), N'CERT-52D979621182451B8BB2262A449BEA7F', N'/uploads/certificates/CERT-52D979621182451B8BB2262A449BEA7F.docx', 0)
INSERT [dbo].[IssuedCertificate] ([IssuedCertificateId], [UserId], [CourseId], [CertificateTemplateId], [IssuedAt], [CertificateNumber], [FileUrl], [IsActive]) VALUES (2, 1, 3, 1, CAST(N'2026-01-02T16:44:47.1545720' AS DateTime2), N'CERT-1785DC29D78D46AF8F693F7D5ADC4F88', N'/uploads/certificates/CERT-1785DC29D78D46AF8F693F7D5ADC4F88.docx', 0)
INSERT [dbo].[IssuedCertificate] ([IssuedCertificateId], [UserId], [CourseId], [CertificateTemplateId], [IssuedAt], [CertificateNumber], [FileUrl], [IsActive]) VALUES (3, 1, 2, 2, CAST(N'2026-01-02T17:09:49.2863900' AS DateTime2), N'CERT-679F410274A942888196E0CDEB2A48A9', N'/uploads/certificates/CERT-679F410274A942888196E0CDEB2A48A9.docx', 0)
INSERT [dbo].[IssuedCertificate] ([IssuedCertificateId], [UserId], [CourseId], [CertificateTemplateId], [IssuedAt], [CertificateNumber], [FileUrl], [IsActive]) VALUES (4, 1, 3, 2, CAST(N'2026-01-02T17:14:51.5621549' AS DateTime2), N'CERT-E60F935E43EE4834BB25484ADD03C949', N'/uploads/certificates/CERT-E60F935E43EE4834BB25484ADD03C949.docx', 0)
INSERT [dbo].[IssuedCertificate] ([IssuedCertificateId], [UserId], [CourseId], [CertificateTemplateId], [IssuedAt], [CertificateNumber], [FileUrl], [IsActive]) VALUES (5, 1, 1, 2, CAST(N'2026-02-11T18:14:42.2334090' AS DateTime2), N'CERT-4D58F4616300418FA1581F7A586C0511', N'/uploads/certificates/CERT-4D58F4616300418FA1581F7A586C0511.docx', 0)
INSERT [dbo].[IssuedCertificate] ([IssuedCertificateId], [UserId], [CourseId], [CertificateTemplateId], [IssuedAt], [CertificateNumber], [FileUrl], [IsActive]) VALUES (6, 1, 2, 2, CAST(N'2026-02-12T19:27:15.7932227' AS DateTime2), N'CERT-C6BC21EC80CC4F76A0D7904882E10C7B', N'/uploads/certificates/CERT-C6BC21EC80CC4F76A0D7904882E10C7B.docx', 0)
INSERT [dbo].[IssuedCertificate] ([IssuedCertificateId], [UserId], [CourseId], [CertificateTemplateId], [IssuedAt], [CertificateNumber], [FileUrl], [IsActive]) VALUES (7, 1, 2, 2, CAST(N'2026-02-12T19:29:36.8711603' AS DateTime2), N'CERT-1DDD63D699C74CA5B06C1452F2683A21', N'/uploads/certificates/CERT-1DDD63D699C74CA5B06C1452F2683A21.docx', 0)
INSERT [dbo].[IssuedCertificate] ([IssuedCertificateId], [UserId], [CourseId], [CertificateTemplateId], [IssuedAt], [CertificateNumber], [FileUrl], [IsActive]) VALUES (8, 1, 2, 3, CAST(N'2026-02-12T19:31:08.0764646' AS DateTime2), N'CERT-796F265B6CAA47A9BFDA180A14A5CE25', N'/uploads/certificates/CERT-796F265B6CAA47A9BFDA180A14A5CE25.docx', 0)
INSERT [dbo].[IssuedCertificate] ([IssuedCertificateId], [UserId], [CourseId], [CertificateTemplateId], [IssuedAt], [CertificateNumber], [FileUrl], [IsActive]) VALUES (9, 1, 3, 3, CAST(N'2026-02-12T19:41:53.6947854' AS DateTime2), N'CERT-2049F3866D174884952E8B083770F4E8', N'/uploads/certificates/CERT-2049F3866D174884952E8B083770F4E8.docx', 0)
INSERT [dbo].[IssuedCertificate] ([IssuedCertificateId], [UserId], [CourseId], [CertificateTemplateId], [IssuedAt], [CertificateNumber], [FileUrl], [IsActive]) VALUES (10, 1, 2, 3, CAST(N'2026-02-12T19:48:32.1126231' AS DateTime2), N'CERT-D21E2D2C5E654BBBBEA8A5939D813742', N'/uploads/certificates/CERT-D21E2D2C5E654BBBBEA8A5939D813742.docx', 0)
INSERT [dbo].[IssuedCertificate] ([IssuedCertificateId], [UserId], [CourseId], [CertificateTemplateId], [IssuedAt], [CertificateNumber], [FileUrl], [IsActive]) VALUES (11, 1, 3, 3, CAST(N'2026-02-12T19:52:27.0179702' AS DateTime2), N'CERT-2C1C26C72C2D4B509658C411F152EEFD', N'/uploads/certificates/CERT-2C1C26C72C2D4B509658C411F152EEFD.docx', 0)
INSERT [dbo].[IssuedCertificate] ([IssuedCertificateId], [UserId], [CourseId], [CertificateTemplateId], [IssuedAt], [CertificateNumber], [FileUrl], [IsActive]) VALUES (12, 1, 2, 3, CAST(N'2026-02-12T19:53:27.7854253' AS DateTime2), N'CERT-C9F7CC77C63A4B8DB29EA8A44A28A245', N'/uploads/certificates/CERT-C9F7CC77C63A4B8DB29EA8A44A28A245.docx', 1)
INSERT [dbo].[IssuedCertificate] ([IssuedCertificateId], [UserId], [CourseId], [CertificateTemplateId], [IssuedAt], [CertificateNumber], [FileUrl], [IsActive]) VALUES (13, 1, 3, 3, CAST(N'2026-02-12T19:54:21.5743151' AS DateTime2), N'CERT-A4AD1C2B1C0A4D9EBE15124A6A3EBBDE', N'/uploads/certificates/CERT-A4AD1C2B1C0A4D9EBE15124A6A3EBBDE.docx', 1)
INSERT [dbo].[IssuedCertificate] ([IssuedCertificateId], [UserId], [CourseId], [CertificateTemplateId], [IssuedAt], [CertificateNumber], [FileUrl], [IsActive]) VALUES (14, 1, 1, 3, CAST(N'2026-02-17T19:38:45.3248550' AS DateTime2), N'CERT-A45705EDFEDB415786F364517396BACC', N'/uploads/certificates/CERT-A45705EDFEDB415786F364517396BACC.docx', 1)
INSERT [dbo].[IssuedCertificate] ([IssuedCertificateId], [UserId], [CourseId], [CertificateTemplateId], [IssuedAt], [CertificateNumber], [FileUrl], [IsActive]) VALUES (15, 3, 1, 3, CAST(N'2026-02-17T21:17:46.9132792' AS DateTime2), N'CERT-6E919674240F4DBFB99142D1CD911296', N'/uploads/certificates/CERT-6E919674240F4DBFB99142D1CD911296.docx', 1)
SET IDENTITY_INSERT [dbo].[IssuedCertificate] OFF
GO
SET IDENTITY_INSERT [dbo].[Lesson] ON 

INSERT [dbo].[Lesson] ([LessonId], [ModuleId], [Title], [Summary], [Status], [OrderIndex], [EstimatedMinutes], [IsActive]) VALUES (1, 1, N'Saying Hello', N'Learning basic English greetings used in everyday situations.', N'Published', 1, 5, 1)
INSERT [dbo].[Lesson] ([LessonId], [ModuleId], [Title], [Summary], [Status], [OrderIndex], [EstimatedMinutes], [IsActive]) VALUES (2, 2, N'Everyday Activities', N'Learn how to describe your everyday activities using the Simple Present tense.', N'Published', 1, 5, 1)
INSERT [dbo].[Lesson] ([LessonId], [ModuleId], [Title], [Summary], [Status], [OrderIndex], [EstimatedMinutes], [IsActive]) VALUES (3, 1, N'gfh', N'gfh', N'Draft', 1, NULL, 0)
INSERT [dbo].[Lesson] ([LessonId], [ModuleId], [Title], [Summary], [Status], [OrderIndex], [EstimatedMinutes], [IsActive]) VALUES (4, 2, N'fdg', N'fdg', N'Draft', 1, NULL, 0)
SET IDENTITY_INSERT [dbo].[Lesson] OFF
GO
SET IDENTITY_INSERT [dbo].[LessonAttachment] ON 

INSERT [dbo].[LessonAttachment] ([LessonAttachmentId], [LessonId], [FileName], [FileUrl], [Description], [IsActive]) VALUES (1, 1, N'Saying Hello – Cheat Sheet (PDF)', N'/attachments/saying-hello-cheatsheet.pdf', N'Basic greetings and examples', 1)
INSERT [dbo].[LessonAttachment] ([LessonAttachmentId], [LessonId], [FileName], [FileUrl], [Description], [IsActive]) VALUES (2, 2, N'Daily Routine – Cheat Sheet', N'/attachments/daily-routine-cheatsheet.pdf', N'Simple Present – daily routine summary', 1)
INSERT [dbo].[LessonAttachment] ([LessonAttachmentId], [LessonId], [FileName], [FileUrl], [Description], [IsActive]) VALUES (3, 1, N'test', N'test', N'test', 0)
INSERT [dbo].[LessonAttachment] ([LessonAttachmentId], [LessonId], [FileName], [FileUrl], [Description], [IsActive]) VALUES (4, 1, N'test', N'test', N'test', 0)
SET IDENTITY_INSERT [dbo].[LessonAttachment] OFF
GO
SET IDENTITY_INSERT [dbo].[LessonContentBlock] ON 

INSERT [dbo].[LessonContentBlock] ([LessonContentBlockId], [LessonId], [BlockType], [Content], [OrderIndex], [IsActive]) VALUES (1, 1, N'text', N'{"title":"Saying Hello","text":"In this lesson you will practice basic greetings: Hello, Hi, Good morning, Good afternoon, Good evening, Goodbye. Read and answer the questions below."}', 1, 1)
INSERT [dbo].[LessonContentBlock] ([LessonContentBlockId], [LessonId], [BlockType], [Content], [OrderIndex], [IsActive]) VALUES (2, 1, N'single_choice', N'{"question":"It is 8:00 AM. What do you say?","options":["Good morning","Good evening","Good night","Goodbye"],"correctIndex":0,"explanation":"8:00 AM is morning → Good morning."}', 2, 1)
INSERT [dbo].[LessonContentBlock] ([LessonContentBlockId], [LessonId], [BlockType], [Content], [OrderIndex], [IsActive]) VALUES (3, 1, N'single_choice', N'{"question":"You meet your friend at school. What is the best greeting?","options":["Good afternoon","Hi","Good night","Goodbye"],"correctIndex":1,"explanation":"With friends we usually say: Hi / Hello."}', 3, 1)
INSERT [dbo].[LessonContentBlock] ([LessonContentBlockId], [LessonId], [BlockType], [Content], [OrderIndex], [IsActive]) VALUES (4, 1, N'fill_blank', N'{"prompt":"Complete the dialogue: \"Hello!\" — \"____!\"","answer":"Hi","caseSensitive":false,"explanation":"A natural short answer to Hello is: Hi! (also: Hello!)"}', 4, 1)
INSERT [dbo].[LessonContentBlock] ([LessonContentBlockId], [LessonId], [BlockType], [Content], [OrderIndex], [IsActive]) VALUES (5, 1, N'text', N'{"title":"Quick recap","text":"Great job! Remember:\n- Morning: Good morning\n- Afternoon: Good afternoon\n- Evening: Good evening\n- Friends: Hi / Hello\nTry saying these out loud 3 times. When you feel ready, re-open the lesson and aim for 100% progress."}', 5, 1)
INSERT [dbo].[LessonContentBlock] ([LessonContentBlockId], [LessonId], [BlockType], [Content], [OrderIndex], [IsActive]) VALUES (6, 2, N'text', N'{"title": "Daily Routine", "text": "In this lesson you will learn how to talk about your daily routine using simple present tense. We use simple present to describe things we do every day, regularly, or usually.\n\nExample:\nI wake up at 7 a.m.\nI go to work every day."}', 1, 1)
INSERT [dbo].[LessonContentBlock] ([LessonContentBlockId], [LessonId], [BlockType], [Content], [OrderIndex], [IsActive]) VALUES (7, 2, N'single_choice', N'{"question": "Which sentence is correct?", "options": [ "I wakes up at 7 a.m.", "I wake up at 7 a.m.", "I waking up at 7 a.m." ], "correctIndex": 1, "explanation": "With I / you / we / they we use the base form of the verb: wake up."}', 2, 1)
INSERT [dbo].[LessonContentBlock] ([LessonContentBlockId], [LessonId], [BlockType], [Content], [OrderIndex], [IsActive]) VALUES (8, 2, N'fill_blank', N'{"prompt": "Every morning I ____ breakfast at home.", "answer": "eat", "caseSensitive": false, "explanation": "In Simple Present we say: I eat breakfast."}', 3, 1)
INSERT [dbo].[LessonContentBlock] ([LessonContentBlockId], [LessonId], [BlockType], [Content], [OrderIndex], [IsActive]) VALUES (9, 2, N'single_choice', N'{"question": "Choose the correct sentence:", "options": [ "She go to work at 8 a.m.", "She goes to work at 8 a.m.", "She going to work at 8 a.m." ], "correctIndex": 1, "explanation": "With he / she / it we add -s or -es: goes."}', 4, 1)
INSERT [dbo].[LessonContentBlock] ([LessonContentBlockId], [LessonId], [BlockType], [Content], [OrderIndex], [IsActive]) VALUES (10, 2, N'fill_blank', N'{"prompt": "He ____ home at 5 p.m.", "answer": "comes", "caseSensitive": false, "explanation": "With he / she / it we add -s: comes."}', 5, 1)
SET IDENTITY_INSERT [dbo].[LessonContentBlock] OFF
GO
SET IDENTITY_INSERT [dbo].[LessonProgress] ON 

INSERT [dbo].[LessonProgress] ([LessonProgressId], [UserId], [LessonId], [ProgressPercent], [LastViewedAt], [IsActive]) VALUES (1, 1, 1, CAST(100.00 AS Decimal(5, 2)), CAST(N'2026-02-10T18:09:01.4606575' AS DateTime2), 0)
INSERT [dbo].[LessonProgress] ([LessonProgressId], [UserId], [LessonId], [ProgressPercent], [LastViewedAt], [IsActive]) VALUES (2, 1, 2, CAST(100.00 AS Decimal(5, 2)), CAST(N'2025-12-26T10:08:43.4435679' AS DateTime2), 0)
INSERT [dbo].[LessonProgress] ([LessonProgressId], [UserId], [LessonId], [ProgressPercent], [LastViewedAt], [IsActive]) VALUES (3, 1, 2, CAST(75.00 AS Decimal(5, 2)), CAST(N'2025-12-26T14:02:24.0305504' AS DateTime2), 0)
INSERT [dbo].[LessonProgress] ([LessonProgressId], [UserId], [LessonId], [ProgressPercent], [LastViewedAt], [IsActive]) VALUES (4, 1, 2, CAST(100.00 AS Decimal(5, 2)), CAST(N'2026-01-02T14:58:57.5290447' AS DateTime2), 0)
INSERT [dbo].[LessonProgress] ([LessonProgressId], [UserId], [LessonId], [ProgressPercent], [LastViewedAt], [IsActive]) VALUES (5, 1, 2, CAST(25.00 AS Decimal(5, 2)), CAST(N'2026-01-17T17:01:37.8802194' AS DateTime2), 0)
INSERT [dbo].[LessonProgress] ([LessonProgressId], [UserId], [LessonId], [ProgressPercent], [LastViewedAt], [IsActive]) VALUES (6, 2, 1, CAST(0.00 AS Decimal(5, 2)), CAST(N'2026-01-17T16:50:22.4229993' AS DateTime2), 0)
INSERT [dbo].[LessonProgress] ([LessonProgressId], [UserId], [LessonId], [ProgressPercent], [LastViewedAt], [IsActive]) VALUES (7, 2, 2, CAST(100.00 AS Decimal(5, 2)), CAST(N'2026-01-17T16:47:34.6467800' AS DateTime2), 0)
INSERT [dbo].[LessonProgress] ([LessonProgressId], [UserId], [LessonId], [ProgressPercent], [LastViewedAt], [IsActive]) VALUES (8, 2, 1, CAST(0.00 AS Decimal(5, 2)), CAST(N'2026-01-17T16:58:05.8656544' AS DateTime2), 0)
INSERT [dbo].[LessonProgress] ([LessonProgressId], [UserId], [LessonId], [ProgressPercent], [LastViewedAt], [IsActive]) VALUES (9, 2, 1, CAST(100.00 AS Decimal(5, 2)), CAST(N'2026-01-18T07:10:51.9881771' AS DateTime2), 1)
INSERT [dbo].[LessonProgress] ([LessonProgressId], [UserId], [LessonId], [ProgressPercent], [LastViewedAt], [IsActive]) VALUES (10, 1, 2, CAST(100.00 AS Decimal(5, 2)), CAST(N'2026-01-18T06:39:22.2554485' AS DateTime2), 0)
INSERT [dbo].[LessonProgress] ([LessonProgressId], [UserId], [LessonId], [ProgressPercent], [LastViewedAt], [IsActive]) VALUES (11, 2, 2, CAST(100.00 AS Decimal(5, 2)), CAST(N'2026-02-12T19:59:25.2692424' AS DateTime2), 1)
INSERT [dbo].[LessonProgress] ([LessonProgressId], [UserId], [LessonId], [ProgressPercent], [LastViewedAt], [IsActive]) VALUES (12, 1, 2, CAST(100.00 AS Decimal(5, 2)), CAST(N'2026-02-11T18:12:03.2484017' AS DateTime2), 0)
INSERT [dbo].[LessonProgress] ([LessonProgressId], [UserId], [LessonId], [ProgressPercent], [LastViewedAt], [IsActive]) VALUES (13, 1, 2, CAST(100.00 AS Decimal(5, 2)), CAST(N'2026-03-01T16:53:12.0871523' AS DateTime2), 1)
INSERT [dbo].[LessonProgress] ([LessonProgressId], [UserId], [LessonId], [ProgressPercent], [LastViewedAt], [IsActive]) VALUES (14, 1, 1, CAST(100.00 AS Decimal(5, 2)), CAST(N'2026-03-03T17:36:26.3885487' AS DateTime2), 1)
INSERT [dbo].[LessonProgress] ([LessonProgressId], [UserId], [LessonId], [ProgressPercent], [LastViewedAt], [IsActive]) VALUES (15, 3, 1, CAST(100.00 AS Decimal(5, 2)), CAST(N'2026-02-17T21:14:15.4201107' AS DateTime2), 1)
INSERT [dbo].[LessonProgress] ([LessonProgressId], [UserId], [LessonId], [ProgressPercent], [LastViewedAt], [IsActive]) VALUES (16, 3, 2, CAST(100.00 AS Decimal(5, 2)), CAST(N'2026-02-17T21:16:26.2131565' AS DateTime2), 1)
SET IDENTITY_INSERT [dbo].[LessonProgress] OFF
GO
SET IDENTITY_INSERT [dbo].[MediaFile] ON 

INSERT [dbo].[MediaFile] ([MediaFileId], [FileUrl], [FileName], [MimeType], [Width], [Height], [UploadedAt], [UploadedByUserId], [IsActive]) VALUES (1, N'/course-thumbnails/english-a1.jpg', N'english-a1.jpg', N'image/jpeg', NULL, NULL, CAST(N'2025-12-20T10:45:51.9157365' AS DateTime2), 7, 1)
INSERT [dbo].[MediaFile] ([MediaFileId], [FileUrl], [FileName], [MimeType], [Width], [Height], [UploadedAt], [UploadedByUserId], [IsActive]) VALUES (2, N'/course-thumbnails/english-a2.jpg', N'english-a2.jpg', N'image/jpeg', NULL, NULL, CAST(N'2025-12-20T10:46:05.3746285' AS DateTime2), 7, 1)
INSERT [dbo].[MediaFile] ([MediaFileId], [FileUrl], [FileName], [MimeType], [Width], [Height], [UploadedAt], [UploadedByUserId], [IsActive]) VALUES (3, N'/course-thumbnails/business-english.jpg', N'business-english.jpg', N'image/jpeg', NULL, NULL, CAST(N'2025-12-20T10:46:45.6647061' AS DateTime2), 7, 1)
INSERT [dbo].[MediaFile] ([MediaFileId], [FileUrl], [FileName], [MimeType], [Width], [Height], [UploadedAt], [UploadedByUserId], [IsActive]) VALUES (4, N'/homePage-thumbnails/slide-1.jpg', N'slide-1.jpg', N'image/jpeg', NULL, NULL, CAST(N'2025-12-26T18:22:13.3938632' AS DateTime2), 7, 1)
INSERT [dbo].[MediaFile] ([MediaFileId], [FileUrl], [FileName], [MimeType], [Width], [Height], [UploadedAt], [UploadedByUserId], [IsActive]) VALUES (5, N'/homePage-thumbnails/slide-2.jpg', N'slide-2.jpg', N'image/jpeg', NULL, NULL, CAST(N'2025-12-26T18:22:24.3213719' AS DateTime2), 7, 1)
INSERT [dbo].[MediaFile] ([MediaFileId], [FileUrl], [FileName], [MimeType], [Width], [Height], [UploadedAt], [UploadedByUserId], [IsActive]) VALUES (6, N'/homePage-thumbnails/slide-3.jpg', N'slide-3.jpg', N'image/jpeg', NULL, NULL, CAST(N'2025-12-26T18:22:31.4821044' AS DateTime2), 7, 1)
SET IDENTITY_INSERT [dbo].[MediaFile] OFF
GO
SET IDENTITY_INSERT [dbo].[Module] ON 

INSERT [dbo].[Module] ([ModuleId], [CourseId], [Title], [Description], [OrderIndex], [IsActive]) VALUES (1, 1, N'Greetings & Introductions', N'Basic phrases for saying hello, introducing yourself and starting simple conversations.', 1, 1)
INSERT [dbo].[Module] ([ModuleId], [CourseId], [Title], [Description], [OrderIndex], [IsActive]) VALUES (2, 1, N'Daily Routine', N'Everyday activities such as waking up, working, studying and free time habits using simple Present Simple structures.', 2, 1)
INSERT [dbo].[Module] ([ModuleId], [CourseId], [Title], [Description], [OrderIndex], [IsActive]) VALUES (3, 1, N'test', N'test', 1, 0)
INSERT [dbo].[Module] ([ModuleId], [CourseId], [Title], [Description], [OrderIndex], [IsActive]) VALUES (4, 1, N'test', N'test', 1, 0)
INSERT [dbo].[Module] ([ModuleId], [CourseId], [Title], [Description], [OrderIndex], [IsActive]) VALUES (5, 1, N'testtest', N'test', 1, 0)
SET IDENTITY_INSERT [dbo].[Module] OFF
GO
SET IDENTITY_INSERT [dbo].[PageContentBlock] ON 

INSERT [dbo].[PageContentBlock] ([PageContentBlockId], [PageKey], [BlockType], [Content], [MediaFileId], [OrderIndex], [IsActive], [UpdatedByUserId], [UpdatedAt]) VALUES (1, N'home', N'hero', N'{ "title": "Ucz się języków", "highlight": "na swoich zasadach", "description": "Lingrow to platforma e-learningowa, która pozwala Ci uczyć się języka angielskiego, realizować kursy krok po kroku i śledzić postępy w jednym miejscu.", "bullets": [ "Elastyczny grafik – uczysz się wtedy, kiedy masz czas.", "Interaktywne lekcje, quizy i system punktów za postępy.", "Dostęp z komputera i urządzeń mobilnych." ], "primaryCta": {"label": "Zaczynam naukę", "to": "/login"}, "secondaryCta": {"label": "Zobacz jak to działa", "hash": "how-it-works"} }', NULL, 1, 1, 7, CAST(N'2025-12-26T19:00:16.5750752' AS DateTime2))
INSERT [dbo].[PageContentBlock] ([PageContentBlockId], [PageKey], [BlockType], [Content], [MediaFileId], [OrderIndex], [IsActive], [UpdatedByUserId], [UpdatedAt]) VALUES (2, N'home', N'howItWorks', N'{ "sectionId": "how-it-works", "title": "Jak działa Lingrow?", "items": [ {"title": "1. Wybierasz kurs", "text": "Zaloguj się, przejrzyj dostępne kursy i wybierz ścieżkę dopasowaną do Twojego poziomu – od A1 do C1."}, {"title": "2. Realizujesz lekcje", "text": "Każdy kurs składa się z modułów, lekcji i quizów. System sam pilnuje postępu i przypomina o kolejnych zadaniach."}, {"title": "3. Zdajesz quiz", "text": "Tutor widzi Twoje wyniki i przygotowuje zajęcia pod Ciebie. Dzięki temu szybciej przełamujesz barierę mówienia."} ] }', NULL, 2, 1, 7, CAST(N'2025-12-26T19:01:13.7060834' AS DateTime2))
INSERT [dbo].[PageContentBlock] ([PageContentBlockId], [PageKey], [BlockType], [Content], [MediaFileId], [OrderIndex], [IsActive], [UpdatedByUserId], [UpdatedAt]) VALUES (3, N'home', N'benefits', N'{ "sectionId": "benefits", "title": "Dlaczego warto uczyć się z Lingrow?", "items": [ {"icon": "userClock", "title": "Nauka na żądanie", "text": "Uczysz się, kiedy możesz – rano, wieczorem, w weekend. Platforma działa 24/7."}, {"icon": "laptop", "title": "Zero dojazdów", "text": "Wszystko odbywa się online – wystarczy komputer lub tablet i stabilne łącze."}, {"icon": "mobile", "title": "Wygodna aplikacja", "text": "Projekt jest gotowy pod aplikację mobilną – możesz uczyć się w drodze do pracy lub na uczelnię."}, {"icon": "globe", "title": "Różne akcenty", "title": "Różne akcenty", "text": "Tutorzy z różnych krajów pomagają osłuchać się z prawdziwą komunikacją."} ] }', NULL, 3, 1, 7, CAST(N'2025-12-26T19:01:34.8284349' AS DateTime2))
INSERT [dbo].[PageContentBlock] ([PageContentBlockId], [PageKey], [BlockType], [Content], [MediaFileId], [OrderIndex], [IsActive], [UpdatedByUserId], [UpdatedAt]) VALUES (4, N'home', N'cta', N'{ "title": "Gotowy, żeby przenieść swoją naukę języka na wyższy poziom?", "description": "Załóż konto, wybierz kurs i zobacz, jak wygląda nowoczesna platforma e-learningowa przygotowana na potrzeby młodzieży i dorosłych.", "cta": {"label": "Dołącz do Lingrow", "to": "/login"} }', NULL, 4, 1, 7, CAST(N'2025-12-26T19:01:49.3147706' AS DateTime2))
INSERT [dbo].[PageContentBlock] ([PageContentBlockId], [PageKey], [BlockType], [Content], [MediaFileId], [OrderIndex], [IsActive], [UpdatedByUserId], [UpdatedAt]) VALUES (5, N'home', N'carouselSlide', N'{"label": "Pewność siebie", "title": "Pewność siebie w środowisku międzynarodowym", "description": "Realizujesz lekcje i quizy w uporządkowanej formie, co pozwala systematycznie rozwijać umiejętności językowe i budować pewność siebie w praktycznym użyciu języka."}', 4, 5, 1, 7, CAST(N'2025-12-26T19:03:19.7498231' AS DateTime2))
INSERT [dbo].[PageContentBlock] ([PageContentBlockId], [PageKey], [BlockType], [Content], [MediaFileId], [OrderIndex], [IsActive], [UpdatedByUserId], [UpdatedAt]) VALUES (6, N'home', N'carouselSlide', N'{"label": "Kariera", "title": "Nowe możliwości zawodowe", "description": "Lepsze rozmowy rekrutacyjne, prezentacje i codzienna komunikacja w firmie. Angielski przestaje Cię blokować w rozwoju."}', 5, 6, 1, 7, CAST(N'2025-12-26T19:03:41.4189616' AS DateTime2))
INSERT [dbo].[PageContentBlock] ([PageContentBlockId], [PageKey], [BlockType], [Content], [MediaFileId], [OrderIndex], [IsActive], [UpdatedByUserId], [UpdatedAt]) VALUES (7, N'home', N'carouselSlide', N'{"label": "Podróże", "title": "Swoboda w podróży i za granicą", "description": "Od zamawiania kawy po pytanie o drogę – czujesz się pewnie, gdziekolwiek jesteś. Uczysz się praktycznego języka."}', 6, 7, 1, 7, CAST(N'2025-12-26T19:04:37.7973881' AS DateTime2))
INSERT [dbo].[PageContentBlock] ([PageContentBlockId], [PageKey], [BlockType], [Content], [MediaFileId], [OrderIndex], [IsActive], [UpdatedByUserId], [UpdatedAt]) VALUES (8, N'testtest', N'test', N'test', 5, 4, 0, 7, CAST(N'2026-02-17T21:00:56.2297615' AS DateTime2))
SET IDENTITY_INSERT [dbo].[PageContentBlock] OFF
GO
SET IDENTITY_INSERT [dbo].[Quiz] ON 

INSERT [dbo].[Quiz] ([QuizId], [LessonId], [ModuleId], [Title], [Description], [TimeLimitSeconds], [PassThresholdPct], [MaxAttempts], [IsActive]) VALUES (1, NULL, 1, N'Greetings & Introductions – Quick Check', N'A short quiz that tests basic greetings, introductions, and polite expressions.', 300, CAST(70.00 AS Decimal(5, 2)), 3, 1)
INSERT [dbo].[Quiz] ([QuizId], [LessonId], [ModuleId], [Title], [Description], [TimeLimitSeconds], [PassThresholdPct], [MaxAttempts], [IsActive]) VALUES (2, NULL, 2, N'Daily Routine – Essential Check', N'A short quiz verifying understanding of daily activities, simple present tense, and routine vocabulary.', 240, CAST(70.00 AS Decimal(5, 2)), 3, 1)
INSERT [dbo].[Quiz] ([QuizId], [LessonId], [ModuleId], [Title], [Description], [TimeLimitSeconds], [PassThresholdPct], [MaxAttempts], [IsActive]) VALUES (3, NULL, 2, N'fdsgfd', N'fdgfd', NULL, NULL, NULL, 0)
INSERT [dbo].[Quiz] ([QuizId], [LessonId], [ModuleId], [Title], [Description], [TimeLimitSeconds], [PassThresholdPct], [MaxAttempts], [IsActive]) VALUES (4, NULL, 1, N'test', N'test', 900, CAST(70.00 AS Decimal(5, 2)), 1, 0)
INSERT [dbo].[Quiz] ([QuizId], [LessonId], [ModuleId], [Title], [Description], [TimeLimitSeconds], [PassThresholdPct], [MaxAttempts], [IsActive]) VALUES (5, NULL, 2, N'fdg', N'fdgdf', 56, CAST(70.00 AS Decimal(5, 2)), 1, 0)
INSERT [dbo].[Quiz] ([QuizId], [LessonId], [ModuleId], [Title], [Description], [TimeLimitSeconds], [PassThresholdPct], [MaxAttempts], [IsActive]) VALUES (6, NULL, 1, N'fdgdfgg', N'dfghdf', NULL, CAST(80.00 AS Decimal(5, 2)), 4, 0)
INSERT [dbo].[Quiz] ([QuizId], [LessonId], [ModuleId], [Title], [Description], [TimeLimitSeconds], [PassThresholdPct], [MaxAttempts], [IsActive]) VALUES (7, NULL, 2, N'test', N'test', 657, CAST(70.00 AS Decimal(5, 2)), 1, 0)
INSERT [dbo].[Quiz] ([QuizId], [LessonId], [ModuleId], [Title], [Description], [TimeLimitSeconds], [PassThresholdPct], [MaxAttempts], [IsActive]) VALUES (8, NULL, 2, N'test', N'test', 200, CAST(70.00 AS Decimal(5, 2)), 1, 0)
INSERT [dbo].[Quiz] ([QuizId], [LessonId], [ModuleId], [Title], [Description], [TimeLimitSeconds], [PassThresholdPct], [MaxAttempts], [IsActive]) VALUES (9, NULL, 1, N'test', N'test', 23, CAST(70.00 AS Decimal(5, 2)), 1, 0)
INSERT [dbo].[Quiz] ([QuizId], [LessonId], [ModuleId], [Title], [Description], [TimeLimitSeconds], [PassThresholdPct], [MaxAttempts], [IsActive]) VALUES (10, NULL, 1, N'test', N'test', 456, CAST(70.00 AS Decimal(5, 2)), 1, 0)
INSERT [dbo].[Quiz] ([QuizId], [LessonId], [ModuleId], [Title], [Description], [TimeLimitSeconds], [PassThresholdPct], [MaxAttempts], [IsActive]) VALUES (11, NULL, 1, N'test', N'test', 23, CAST(70.00 AS Decimal(5, 2)), 1, 0)
INSERT [dbo].[Quiz] ([QuizId], [LessonId], [ModuleId], [Title], [Description], [TimeLimitSeconds], [PassThresholdPct], [MaxAttempts], [IsActive]) VALUES (12, NULL, 1, N'testtest', N'test', 200, CAST(70.00 AS Decimal(5, 2)), 1, 0)
SET IDENTITY_INSERT [dbo].[Quiz] OFF
GO
SET IDENTITY_INSERT [dbo].[QuizAnswerOption] ON 

INSERT [dbo].[QuizAnswerOption] ([QuizAnswerOptionId], [QuizQuestionId], [AnswerText], [IsCorrect], [OrderIndex], [IsActive]) VALUES (1, 1, N'Hi! How are you?', 1, 1, 1)
INSERT [dbo].[QuizAnswerOption] ([QuizAnswerOptionId], [QuizQuestionId], [AnswerText], [IsCorrect], [OrderIndex], [IsActive]) VALUES (2, 1, N'I am going to sleep.', 0, 2, 1)
INSERT [dbo].[QuizAnswerOption] ([QuizAnswerOptionId], [QuizQuestionId], [AnswerText], [IsCorrect], [OrderIndex], [IsActive]) VALUES (3, 1, N'Because it is blue.', 0, 3, 1)
INSERT [dbo].[QuizAnswerOption] ([QuizAnswerOptionId], [QuizQuestionId], [AnswerText], [IsCorrect], [OrderIndex], [IsActive]) VALUES (4, 2, N'Hi, I''m Alex. Nice to meet you.', 1, 2, 1)
INSERT [dbo].[QuizAnswerOption] ([QuizAnswerOptionId], [QuizQuestionId], [AnswerText], [IsCorrect], [OrderIndex], [IsActive]) VALUES (5, 2, N'My phone is on the table.', 0, 1, 1)
INSERT [dbo].[QuizAnswerOption] ([QuizAnswerOptionId], [QuizQuestionId], [AnswerText], [IsCorrect], [OrderIndex], [IsActive]) VALUES (6, 2, N'Having breakfast', 1, 2, 0)
INSERT [dbo].[QuizAnswerOption] ([QuizAnswerOptionId], [QuizQuestionId], [AnswerText], [IsCorrect], [OrderIndex], [IsActive]) VALUES (7, 2, N'Brushing teeth', 1, 1, 0)
INSERT [dbo].[QuizAnswerOption] ([QuizAnswerOptionId], [QuizQuestionId], [AnswerText], [IsCorrect], [OrderIndex], [IsActive]) VALUES (8, 2, N'At seven o''clock.', 0, 3, 1)
INSERT [dbo].[QuizAnswerOption] ([QuizAnswerOptionId], [QuizQuestionId], [AnswerText], [IsCorrect], [OrderIndex], [IsActive]) VALUES (9, 3, N'What''s your name?', 1, 3, 1)
INSERT [dbo].[QuizAnswerOption] ([QuizAnswerOptionId], [QuizQuestionId], [AnswerText], [IsCorrect], [OrderIndex], [IsActive]) VALUES (10, 3, N'Where do you live yesterday?', 0, 1, 1)
INSERT [dbo].[QuizAnswerOption] ([QuizAnswerOptionId], [QuizQuestionId], [AnswerText], [IsCorrect], [OrderIndex], [IsActive]) VALUES (11, 3, N'How old is the car?', 0, 2, 1)
INSERT [dbo].[QuizAnswerOption] ([QuizAnswerOptionId], [QuizQuestionId], [AnswerText], [IsCorrect], [OrderIndex], [IsActive]) VALUES (12, 4, N'Goodbye! Have a nice day!', 1, 1, 1)
INSERT [dbo].[QuizAnswerOption] ([QuizAnswerOptionId], [QuizQuestionId], [AnswerText], [IsCorrect], [OrderIndex], [IsActive]) VALUES (13, 4, N'I am hungry.', 0, 2, 1)
INSERT [dbo].[QuizAnswerOption] ([QuizAnswerOptionId], [QuizQuestionId], [AnswerText], [IsCorrect], [OrderIndex], [IsActive]) VALUES (14, 4, N'My favorite color is red.', 0, 3, 1)
INSERT [dbo].[QuizAnswerOption] ([QuizAnswerOptionId], [QuizQuestionId], [AnswerText], [IsCorrect], [OrderIndex], [IsActive]) VALUES (15, 5, N'I''m fine, thanks. And you?', 1, 3, 1)
INSERT [dbo].[QuizAnswerOption] ([QuizAnswerOptionId], [QuizQuestionId], [AnswerText], [IsCorrect], [OrderIndex], [IsActive]) VALUES (16, 5, N'It''s on the left.', 0, 2, 1)
INSERT [dbo].[QuizAnswerOption] ([QuizAnswerOptionId], [QuizQuestionId], [AnswerText], [IsCorrect], [OrderIndex], [IsActive]) VALUES (17, 5, N'Because I like pizza.', 0, 1, 1)
INSERT [dbo].[QuizAnswerOption] ([QuizAnswerOptionId], [QuizQuestionId], [AnswerText], [IsCorrect], [OrderIndex], [IsActive]) VALUES (18, 6, N'I wake up at 7 a.m. and start work at 9.', 1, 1, 1)
INSERT [dbo].[QuizAnswerOption] ([QuizAnswerOptionId], [QuizQuestionId], [AnswerText], [IsCorrect], [OrderIndex], [IsActive]) VALUES (19, 6, N'Yesterday I will go to school.', 0, 2, 1)
INSERT [dbo].[QuizAnswerOption] ([QuizAnswerOptionId], [QuizQuestionId], [AnswerText], [IsCorrect], [OrderIndex], [IsActive]) VALUES (20, 6, N'Blue is taller than fast.', 0, 3, 1)
INSERT [dbo].[QuizAnswerOption] ([QuizAnswerOptionId], [QuizQuestionId], [AnswerText], [IsCorrect], [OrderIndex], [IsActive]) VALUES (21, 7, N'have breakfast', 1, 2, 1)
INSERT [dbo].[QuizAnswerOption] ([QuizAnswerOptionId], [QuizQuestionId], [AnswerText], [IsCorrect], [OrderIndex], [IsActive]) VALUES (22, 7, N'do breakfast', 0, 1, 1)
INSERT [dbo].[QuizAnswerOption] ([QuizAnswerOptionId], [QuizQuestionId], [AnswerText], [IsCorrect], [OrderIndex], [IsActive]) VALUES (23, 7, N'make breakfasting', 0, 3, 1)
INSERT [dbo].[QuizAnswerOption] ([QuizAnswerOptionId], [QuizQuestionId], [AnswerText], [IsCorrect], [OrderIndex], [IsActive]) VALUES (24, 8, N'at 6:30', 1, 3, 1)
INSERT [dbo].[QuizAnswerOption] ([QuizAnswerOptionId], [QuizQuestionId], [AnswerText], [IsCorrect], [OrderIndex], [IsActive]) VALUES (25, 8, N'on 6:30', 0, 2, 1)
INSERT [dbo].[QuizAnswerOption] ([QuizAnswerOptionId], [QuizQuestionId], [AnswerText], [IsCorrect], [OrderIndex], [IsActive]) VALUES (26, 8, N'in 6:30', 0, 1, 1)
INSERT [dbo].[QuizAnswerOption] ([QuizAnswerOptionId], [QuizQuestionId], [AnswerText], [IsCorrect], [OrderIndex], [IsActive]) VALUES (27, 9, N'She goes to the gym every Friday.', 1, 1, 1)
INSERT [dbo].[QuizAnswerOption] ([QuizAnswerOptionId], [QuizQuestionId], [AnswerText], [IsCorrect], [OrderIndex], [IsActive]) VALUES (28, 9, N'She is go to the gym every Friday.', 0, 2, 1)
INSERT [dbo].[QuizAnswerOption] ([QuizAnswerOptionId], [QuizQuestionId], [AnswerText], [IsCorrect], [OrderIndex], [IsActive]) VALUES (29, 9, N'She went to the gym tomorrow.', 0, 3, 1)
INSERT [dbo].[QuizAnswerOption] ([QuizAnswerOptionId], [QuizQuestionId], [AnswerText], [IsCorrect], [OrderIndex], [IsActive]) VALUES (30, 10, N'go', 1, 2, 1)
INSERT [dbo].[QuizAnswerOption] ([QuizAnswerOptionId], [QuizQuestionId], [AnswerText], [IsCorrect], [OrderIndex], [IsActive]) VALUES (31, 10, N'going', 0, 1, 1)
INSERT [dbo].[QuizAnswerOption] ([QuizAnswerOptionId], [QuizQuestionId], [AnswerText], [IsCorrect], [OrderIndex], [IsActive]) VALUES (32, 10, N'went', 0, 3, 1)
INSERT [dbo].[QuizAnswerOption] ([QuizAnswerOptionId], [QuizQuestionId], [AnswerText], [IsCorrect], [OrderIndex], [IsActive]) VALUES (33, 3, N'test', 0, 1, 0)
SET IDENTITY_INSERT [dbo].[QuizAnswerOption] OFF
GO
SET IDENTITY_INSERT [dbo].[QuizAttempt] ON 

INSERT [dbo].[QuizAttempt] ([QuizAttemptId], [QuizId], [UserId], [StartedAt], [SubmittedAt], [ScoreTotal], [ScorePercent], [Passed], [IsActive]) VALUES (1, 1, 1, CAST(N'2025-12-23T10:36:51.6018000' AS DateTime2), CAST(N'2025-12-24T01:19:30.4556749' AS DateTime2), CAST(5.00 AS Decimal(10, 2)), CAST(0.00 AS Decimal(5, 2)), 0, 1)
INSERT [dbo].[QuizAttempt] ([QuizAttemptId], [QuizId], [UserId], [StartedAt], [SubmittedAt], [ScoreTotal], [ScorePercent], [Passed], [IsActive]) VALUES (2, 1, 1, CAST(N'2025-12-23T10:37:25.1114969' AS DateTime2), CAST(N'2025-12-24T12:09:18.5716686' AS DateTime2), CAST(5.00 AS Decimal(10, 2)), CAST(0.00 AS Decimal(5, 2)), 0, 1)
INSERT [dbo].[QuizAttempt] ([QuizAttemptId], [QuizId], [UserId], [StartedAt], [SubmittedAt], [ScoreTotal], [ScorePercent], [Passed], [IsActive]) VALUES (3, 1, 1, CAST(N'2025-12-23T10:37:55.0427422' AS DateTime2), CAST(N'2025-12-24T12:33:38.7561484' AS DateTime2), CAST(5.00 AS Decimal(10, 2)), CAST(100.00 AS Decimal(5, 2)), 1, 0)
INSERT [dbo].[QuizAttempt] ([QuizAttemptId], [QuizId], [UserId], [StartedAt], [SubmittedAt], [ScoreTotal], [ScorePercent], [Passed], [IsActive]) VALUES (4, 1, 1, CAST(N'2025-12-23T14:35:41.9286599' AS DateTime2), CAST(N'2025-12-24T12:35:26.6834226' AS DateTime2), CAST(5.00 AS Decimal(10, 2)), CAST(40.00 AS Decimal(5, 2)), 0, 0)
INSERT [dbo].[QuizAttempt] ([QuizAttemptId], [QuizId], [UserId], [StartedAt], [SubmittedAt], [ScoreTotal], [ScorePercent], [Passed], [IsActive]) VALUES (5, 1, 1, CAST(N'2025-12-23T14:37:02.0777355' AS DateTime2), CAST(N'2025-12-24T12:39:15.0644029' AS DateTime2), CAST(5.00 AS Decimal(10, 2)), CAST(80.00 AS Decimal(5, 2)), 1, 0)
INSERT [dbo].[QuizAttempt] ([QuizAttemptId], [QuizId], [UserId], [StartedAt], [SubmittedAt], [ScoreTotal], [ScorePercent], [Passed], [IsActive]) VALUES (6, 1, 1, CAST(N'2025-12-23T14:37:13.9091222' AS DateTime2), NULL, NULL, NULL, NULL, 0)
INSERT [dbo].[QuizAttempt] ([QuizAttemptId], [QuizId], [UserId], [StartedAt], [SubmittedAt], [ScoreTotal], [ScorePercent], [Passed], [IsActive]) VALUES (7, 1, 1, CAST(N'2025-12-23T14:37:17.9219033' AS DateTime2), NULL, NULL, NULL, NULL, 0)
INSERT [dbo].[QuizAttempt] ([QuizAttemptId], [QuizId], [UserId], [StartedAt], [SubmittedAt], [ScoreTotal], [ScorePercent], [Passed], [IsActive]) VALUES (8, 1, 1, CAST(N'2025-12-23T14:37:39.8504112' AS DateTime2), NULL, NULL, NULL, NULL, 0)
INSERT [dbo].[QuizAttempt] ([QuizAttemptId], [QuizId], [UserId], [StartedAt], [SubmittedAt], [ScoreTotal], [ScorePercent], [Passed], [IsActive]) VALUES (9, 1, 1, CAST(N'2025-12-23T14:41:09.2238715' AS DateTime2), NULL, NULL, NULL, NULL, 0)
INSERT [dbo].[QuizAttempt] ([QuizAttemptId], [QuizId], [UserId], [StartedAt], [SubmittedAt], [ScoreTotal], [ScorePercent], [Passed], [IsActive]) VALUES (10, 1, 1, CAST(N'2025-12-23T14:41:10.0245018' AS DateTime2), NULL, NULL, NULL, NULL, 0)
INSERT [dbo].[QuizAttempt] ([QuizAttemptId], [QuizId], [UserId], [StartedAt], [SubmittedAt], [ScoreTotal], [ScorePercent], [Passed], [IsActive]) VALUES (11, 1, 1, CAST(N'2025-12-23T14:41:12.1671255' AS DateTime2), NULL, NULL, NULL, NULL, 0)
INSERT [dbo].[QuizAttempt] ([QuizAttemptId], [QuizId], [UserId], [StartedAt], [SubmittedAt], [ScoreTotal], [ScorePercent], [Passed], [IsActive]) VALUES (12, 1, 1, CAST(N'2025-12-23T14:41:17.2714258' AS DateTime2), NULL, NULL, NULL, NULL, 0)
INSERT [dbo].[QuizAttempt] ([QuizAttemptId], [QuizId], [UserId], [StartedAt], [SubmittedAt], [ScoreTotal], [ScorePercent], [Passed], [IsActive]) VALUES (13, 1, 1, CAST(N'2025-12-23T14:41:38.2015249' AS DateTime2), NULL, NULL, NULL, NULL, 0)
INSERT [dbo].[QuizAttempt] ([QuizAttemptId], [QuizId], [UserId], [StartedAt], [SubmittedAt], [ScoreTotal], [ScorePercent], [Passed], [IsActive]) VALUES (14, 1, 1, CAST(N'2025-12-23T14:48:25.7032441' AS DateTime2), NULL, NULL, NULL, NULL, 0)
INSERT [dbo].[QuizAttempt] ([QuizAttemptId], [QuizId], [UserId], [StartedAt], [SubmittedAt], [ScoreTotal], [ScorePercent], [Passed], [IsActive]) VALUES (15, 1, 1, CAST(N'2025-12-23T21:41:23.2222453' AS DateTime2), NULL, NULL, NULL, NULL, 0)
INSERT [dbo].[QuizAttempt] ([QuizAttemptId], [QuizId], [UserId], [StartedAt], [SubmittedAt], [ScoreTotal], [ScorePercent], [Passed], [IsActive]) VALUES (16, 1, 1, CAST(N'2025-12-23T21:49:25.7143370' AS DateTime2), NULL, NULL, NULL, NULL, 0)
INSERT [dbo].[QuizAttempt] ([QuizAttemptId], [QuizId], [UserId], [StartedAt], [SubmittedAt], [ScoreTotal], [ScorePercent], [Passed], [IsActive]) VALUES (17, 1, 1, CAST(N'2025-12-23T21:54:50.0150251' AS DateTime2), NULL, NULL, NULL, NULL, 0)
INSERT [dbo].[QuizAttempt] ([QuizAttemptId], [QuizId], [UserId], [StartedAt], [SubmittedAt], [ScoreTotal], [ScorePercent], [Passed], [IsActive]) VALUES (18, 1, 1, CAST(N'2025-12-23T21:55:51.9434965' AS DateTime2), NULL, NULL, NULL, NULL, 0)
INSERT [dbo].[QuizAttempt] ([QuizAttemptId], [QuizId], [UserId], [StartedAt], [SubmittedAt], [ScoreTotal], [ScorePercent], [Passed], [IsActive]) VALUES (19, 1, 1, CAST(N'2025-12-23T21:56:32.4059820' AS DateTime2), NULL, NULL, NULL, NULL, 0)
INSERT [dbo].[QuizAttempt] ([QuizAttemptId], [QuizId], [UserId], [StartedAt], [SubmittedAt], [ScoreTotal], [ScorePercent], [Passed], [IsActive]) VALUES (20, 1, 1, CAST(N'2025-12-23T22:42:52.6669608' AS DateTime2), NULL, NULL, NULL, NULL, 0)
INSERT [dbo].[QuizAttempt] ([QuizAttemptId], [QuizId], [UserId], [StartedAt], [SubmittedAt], [ScoreTotal], [ScorePercent], [Passed], [IsActive]) VALUES (21, 1, 1, CAST(N'2025-12-23T22:43:01.0903933' AS DateTime2), CAST(N'2025-12-23T22:43:15.6159715' AS DateTime2), CAST(3.00 AS Decimal(10, 2)), CAST(33.33 AS Decimal(5, 2)), 0, 0)
INSERT [dbo].[QuizAttempt] ([QuizAttemptId], [QuizId], [UserId], [StartedAt], [SubmittedAt], [ScoreTotal], [ScorePercent], [Passed], [IsActive]) VALUES (22, 1, 1, CAST(N'2025-12-23T22:43:20.6514948' AS DateTime2), CAST(N'2025-12-23T22:43:26.6439280' AS DateTime2), CAST(3.00 AS Decimal(10, 2)), CAST(33.33 AS Decimal(5, 2)), 0, 0)
INSERT [dbo].[QuizAttempt] ([QuizAttemptId], [QuizId], [UserId], [StartedAt], [SubmittedAt], [ScoreTotal], [ScorePercent], [Passed], [IsActive]) VALUES (23, 1, 1, CAST(N'2025-12-23T22:46:02.2735522' AS DateTime2), CAST(N'2025-12-23T22:46:17.4212692' AS DateTime2), CAST(3.00 AS Decimal(10, 2)), CAST(100.00 AS Decimal(5, 2)), 1, 0)
INSERT [dbo].[QuizAttempt] ([QuizAttemptId], [QuizId], [UserId], [StartedAt], [SubmittedAt], [ScoreTotal], [ScorePercent], [Passed], [IsActive]) VALUES (24, 1, 1, CAST(N'2025-12-23T22:46:56.3198834' AS DateTime2), CAST(N'2025-12-23T22:47:05.0425790' AS DateTime2), CAST(3.00 AS Decimal(10, 2)), CAST(100.00 AS Decimal(5, 2)), 1, 0)
INSERT [dbo].[QuizAttempt] ([QuizAttemptId], [QuizId], [UserId], [StartedAt], [SubmittedAt], [ScoreTotal], [ScorePercent], [Passed], [IsActive]) VALUES (25, 1, 1, CAST(N'2025-12-23T22:48:24.0648230' AS DateTime2), CAST(N'2025-12-23T22:48:31.5910793' AS DateTime2), CAST(3.00 AS Decimal(10, 2)), CAST(0.00 AS Decimal(5, 2)), 0, 0)
INSERT [dbo].[QuizAttempt] ([QuizAttemptId], [QuizId], [UserId], [StartedAt], [SubmittedAt], [ScoreTotal], [ScorePercent], [Passed], [IsActive]) VALUES (26, 1, 1, CAST(N'2025-12-23T22:48:35.8546649' AS DateTime2), NULL, NULL, NULL, NULL, 0)
INSERT [dbo].[QuizAttempt] ([QuizAttemptId], [QuizId], [UserId], [StartedAt], [SubmittedAt], [ScoreTotal], [ScorePercent], [Passed], [IsActive]) VALUES (27, 1, 1, CAST(N'2025-12-24T13:22:38.4523406' AS DateTime2), CAST(N'2025-12-24T13:23:14.5048669' AS DateTime2), CAST(5.00 AS Decimal(10, 2)), CAST(100.00 AS Decimal(5, 2)), 1, 0)
INSERT [dbo].[QuizAttempt] ([QuizAttemptId], [QuizId], [UserId], [StartedAt], [SubmittedAt], [ScoreTotal], [ScorePercent], [Passed], [IsActive]) VALUES (28, 1, 1, CAST(N'2025-12-24T13:24:49.2350230' AS DateTime2), CAST(N'2025-12-24T13:32:19.6411268' AS DateTime2), CAST(5.00 AS Decimal(10, 2)), CAST(20.00 AS Decimal(5, 2)), 0, 0)
INSERT [dbo].[QuizAttempt] ([QuizAttemptId], [QuizId], [UserId], [StartedAt], [SubmittedAt], [ScoreTotal], [ScorePercent], [Passed], [IsActive]) VALUES (29, 1, 1, CAST(N'2025-12-24T13:57:56.4114432' AS DateTime2), CAST(N'2025-12-26T10:03:45.0439048' AS DateTime2), CAST(5.00 AS Decimal(10, 2)), CAST(100.00 AS Decimal(5, 2)), 1, 0)
INSERT [dbo].[QuizAttempt] ([QuizAttemptId], [QuizId], [UserId], [StartedAt], [SubmittedAt], [ScoreTotal], [ScorePercent], [Passed], [IsActive]) VALUES (30, 2, 1, CAST(N'2025-12-26T10:05:57.1561332' AS DateTime2), CAST(N'2025-12-26T10:06:49.1864950' AS DateTime2), CAST(5.00 AS Decimal(10, 2)), CAST(100.00 AS Decimal(5, 2)), 1, 0)
INSERT [dbo].[QuizAttempt] ([QuizAttemptId], [QuizId], [UserId], [StartedAt], [SubmittedAt], [ScoreTotal], [ScorePercent], [Passed], [IsActive]) VALUES (31, 1, 1, CAST(N'2025-12-26T10:17:32.8388219' AS DateTime2), CAST(N'2026-01-24T16:52:40.8565769' AS DateTime2), CAST(5.00 AS Decimal(10, 2)), CAST(40.00 AS Decimal(5, 2)), 0, 0)
INSERT [dbo].[QuizAttempt] ([QuizAttemptId], [QuizId], [UserId], [StartedAt], [SubmittedAt], [ScoreTotal], [ScorePercent], [Passed], [IsActive]) VALUES (32, 2, 1, CAST(N'2025-12-30T16:08:59.7828852' AS DateTime2), CAST(N'2026-02-11T18:13:28.0549921' AS DateTime2), CAST(5.00 AS Decimal(10, 2)), CAST(80.00 AS Decimal(5, 2)), 1, 0)
INSERT [dbo].[QuizAttempt] ([QuizAttemptId], [QuizId], [UserId], [StartedAt], [SubmittedAt], [ScoreTotal], [ScorePercent], [Passed], [IsActive]) VALUES (33, 1, 2, CAST(N'2026-01-18T07:10:57.5329652' AS DateTime2), CAST(N'2026-01-18T07:11:58.4719432' AS DateTime2), CAST(5.00 AS Decimal(10, 2)), CAST(100.00 AS Decimal(5, 2)), 1, 1)
INSERT [dbo].[QuizAttempt] ([QuizAttemptId], [QuizId], [UserId], [StartedAt], [SubmittedAt], [ScoreTotal], [ScorePercent], [Passed], [IsActive]) VALUES (34, 1, 2, CAST(N'2026-01-18T07:12:14.1898567' AS DateTime2), NULL, NULL, NULL, NULL, 1)
INSERT [dbo].[QuizAttempt] ([QuizAttemptId], [QuizId], [UserId], [StartedAt], [SubmittedAt], [ScoreTotal], [ScorePercent], [Passed], [IsActive]) VALUES (35, 2, 2, CAST(N'2026-01-18T07:12:19.9429520' AS DateTime2), CAST(N'2026-01-18T07:12:51.8351693' AS DateTime2), CAST(5.00 AS Decimal(10, 2)), CAST(80.00 AS Decimal(5, 2)), 1, 1)
INSERT [dbo].[QuizAttempt] ([QuizAttemptId], [QuizId], [UserId], [StartedAt], [SubmittedAt], [ScoreTotal], [ScorePercent], [Passed], [IsActive]) VALUES (36, 1, 1, CAST(N'2026-01-24T17:16:11.9859329' AS DateTime2), CAST(N'2026-01-24T17:16:55.8735879' AS DateTime2), CAST(5.00 AS Decimal(10, 2)), CAST(100.00 AS Decimal(5, 2)), 1, 0)
INSERT [dbo].[QuizAttempt] ([QuizAttemptId], [QuizId], [UserId], [StartedAt], [SubmittedAt], [ScoreTotal], [ScorePercent], [Passed], [IsActive]) VALUES (37, 1, 1, CAST(N'2026-01-27T18:53:58.6417027' AS DateTime2), CAST(N'2026-02-11T18:10:49.9320502' AS DateTime2), CAST(5.00 AS Decimal(10, 2)), CAST(100.00 AS Decimal(5, 2)), 1, 0)
INSERT [dbo].[QuizAttempt] ([QuizAttemptId], [QuizId], [UserId], [StartedAt], [SubmittedAt], [ScoreTotal], [ScorePercent], [Passed], [IsActive]) VALUES (38, 2, 2, CAST(N'2026-02-12T19:58:41.3699870' AS DateTime2), CAST(N'2026-02-12T19:59:15.1192510' AS DateTime2), CAST(5.00 AS Decimal(10, 2)), CAST(80.00 AS Decimal(5, 2)), 1, 1)
INSERT [dbo].[QuizAttempt] ([QuizAttemptId], [QuizId], [UserId], [StartedAt], [SubmittedAt], [ScoreTotal], [ScorePercent], [Passed], [IsActive]) VALUES (39, 1, 1, CAST(N'2026-02-14T15:05:48.8065026' AS DateTime2), NULL, NULL, NULL, NULL, 1)
INSERT [dbo].[QuizAttempt] ([QuizAttemptId], [QuizId], [UserId], [StartedAt], [SubmittedAt], [ScoreTotal], [ScorePercent], [Passed], [IsActive]) VALUES (40, 2, 1, CAST(N'2026-02-17T19:37:43.6768935' AS DateTime2), CAST(N'2026-02-17T19:38:24.4753695' AS DateTime2), CAST(5.00 AS Decimal(10, 2)), CAST(80.00 AS Decimal(5, 2)), 1, 1)
INSERT [dbo].[QuizAttempt] ([QuizAttemptId], [QuizId], [UserId], [StartedAt], [SubmittedAt], [ScoreTotal], [ScorePercent], [Passed], [IsActive]) VALUES (41, 1, 3, CAST(N'2026-02-17T21:14:39.6503826' AS DateTime2), CAST(N'2026-02-17T21:15:10.7246659' AS DateTime2), CAST(5.00 AS Decimal(10, 2)), CAST(80.00 AS Decimal(5, 2)), 1, 1)
INSERT [dbo].[QuizAttempt] ([QuizAttemptId], [QuizId], [UserId], [StartedAt], [SubmittedAt], [ScoreTotal], [ScorePercent], [Passed], [IsActive]) VALUES (42, 2, 3, CAST(N'2026-02-17T21:16:43.6232266' AS DateTime2), CAST(N'2026-02-17T21:17:17.8155770' AS DateTime2), CAST(5.00 AS Decimal(10, 2)), CAST(100.00 AS Decimal(5, 2)), 1, 1)
INSERT [dbo].[QuizAttempt] ([QuizAttemptId], [QuizId], [UserId], [StartedAt], [SubmittedAt], [ScoreTotal], [ScorePercent], [Passed], [IsActive]) VALUES (43, 2, 1, CAST(N'2026-03-01T16:59:10.3387047' AS DateTime2), CAST(N'2026-03-01T17:03:32.1558566' AS DateTime2), CAST(5.00 AS Decimal(10, 2)), CAST(80.00 AS Decimal(5, 2)), 1, 1)
INSERT [dbo].[QuizAttempt] ([QuizAttemptId], [QuizId], [UserId], [StartedAt], [SubmittedAt], [ScoreTotal], [ScorePercent], [Passed], [IsActive]) VALUES (44, 2, 1, CAST(N'2026-03-03T17:36:37.5586899' AS DateTime2), NULL, NULL, NULL, NULL, 1)
SET IDENTITY_INSERT [dbo].[QuizAttempt] OFF
GO
SET IDENTITY_INSERT [dbo].[QuizAttemptAnswer] ON 

INSERT [dbo].[QuizAttemptAnswer] ([QuizAttemptAnswerId], [QuizAttemptId], [QuizQuestionId], [SelectedOptionId], [OpenAnswerText], [IsMarkedCorrect], [IsActive]) VALUES (1, 16, 1, 3, NULL, NULL, 1)
INSERT [dbo].[QuizAttemptAnswer] ([QuizAttemptAnswerId], [QuizAttemptId], [QuizQuestionId], [SelectedOptionId], [OpenAnswerText], [IsMarkedCorrect], [IsActive]) VALUES (2, 16, 2, 8, NULL, NULL, 1)
INSERT [dbo].[QuizAttemptAnswer] ([QuizAttemptAnswerId], [QuizAttemptId], [QuizQuestionId], [SelectedOptionId], [OpenAnswerText], [IsMarkedCorrect], [IsActive]) VALUES (3, 16, 1, 1, NULL, NULL, 1)
INSERT [dbo].[QuizAttemptAnswer] ([QuizAttemptAnswerId], [QuizAttemptId], [QuizQuestionId], [SelectedOptionId], [OpenAnswerText], [IsMarkedCorrect], [IsActive]) VALUES (4, 16, 2, 8, NULL, NULL, 1)
INSERT [dbo].[QuizAttemptAnswer] ([QuizAttemptAnswerId], [QuizAttemptId], [QuizQuestionId], [SelectedOptionId], [OpenAnswerText], [IsMarkedCorrect], [IsActive]) VALUES (5, 16, 1, 2, NULL, NULL, 1)
INSERT [dbo].[QuizAttemptAnswer] ([QuizAttemptAnswerId], [QuizAttemptId], [QuizQuestionId], [SelectedOptionId], [OpenAnswerText], [IsMarkedCorrect], [IsActive]) VALUES (6, 16, 2, 4, NULL, NULL, 1)
INSERT [dbo].[QuizAttemptAnswer] ([QuizAttemptAnswerId], [QuizAttemptId], [QuizQuestionId], [SelectedOptionId], [OpenAnswerText], [IsMarkedCorrect], [IsActive]) VALUES (7, 16, 2, 5, NULL, NULL, 1)
INSERT [dbo].[QuizAttemptAnswer] ([QuizAttemptAnswerId], [QuizAttemptId], [QuizQuestionId], [SelectedOptionId], [OpenAnswerText], [IsMarkedCorrect], [IsActive]) VALUES (8, 16, 1, 2, NULL, NULL, 1)
INSERT [dbo].[QuizAttemptAnswer] ([QuizAttemptAnswerId], [QuizAttemptId], [QuizQuestionId], [SelectedOptionId], [OpenAnswerText], [IsMarkedCorrect], [IsActive]) VALUES (9, 16, 2, 4, NULL, NULL, 1)
INSERT [dbo].[QuizAttemptAnswer] ([QuizAttemptAnswerId], [QuizAttemptId], [QuizQuestionId], [SelectedOptionId], [OpenAnswerText], [IsMarkedCorrect], [IsActive]) VALUES (10, 16, 2, 5, NULL, NULL, 1)
INSERT [dbo].[QuizAttemptAnswer] ([QuizAttemptAnswerId], [QuizAttemptId], [QuizQuestionId], [SelectedOptionId], [OpenAnswerText], [IsMarkedCorrect], [IsActive]) VALUES (11, 18, 1, 1, NULL, NULL, 1)
INSERT [dbo].[QuizAttemptAnswer] ([QuizAttemptAnswerId], [QuizAttemptId], [QuizQuestionId], [SelectedOptionId], [OpenAnswerText], [IsMarkedCorrect], [IsActive]) VALUES (12, 18, 2, 4, NULL, NULL, 1)
INSERT [dbo].[QuizAttemptAnswer] ([QuizAttemptAnswerId], [QuizAttemptId], [QuizQuestionId], [SelectedOptionId], [OpenAnswerText], [IsMarkedCorrect], [IsActive]) VALUES (13, 18, 2, 5, NULL, NULL, 1)
INSERT [dbo].[QuizAttemptAnswer] ([QuizAttemptAnswerId], [QuizAttemptId], [QuizQuestionId], [SelectedOptionId], [OpenAnswerText], [IsMarkedCorrect], [IsActive]) VALUES (14, 21, 1, 1, NULL, NULL, 1)
INSERT [dbo].[QuizAttemptAnswer] ([QuizAttemptAnswerId], [QuizAttemptId], [QuizQuestionId], [SelectedOptionId], [OpenAnswerText], [IsMarkedCorrect], [IsActive]) VALUES (15, 21, 2, 8, NULL, NULL, 1)
INSERT [dbo].[QuizAttemptAnswer] ([QuizAttemptAnswerId], [QuizAttemptId], [QuizQuestionId], [SelectedOptionId], [OpenAnswerText], [IsMarkedCorrect], [IsActive]) VALUES (16, 22, 1, 1, NULL, NULL, 1)
INSERT [dbo].[QuizAttemptAnswer] ([QuizAttemptAnswerId], [QuizAttemptId], [QuizQuestionId], [SelectedOptionId], [OpenAnswerText], [IsMarkedCorrect], [IsActive]) VALUES (17, 22, 2, 8, NULL, NULL, 1)
INSERT [dbo].[QuizAttemptAnswer] ([QuizAttemptAnswerId], [QuizAttemptId], [QuizQuestionId], [SelectedOptionId], [OpenAnswerText], [IsMarkedCorrect], [IsActive]) VALUES (18, 23, 1, 1, NULL, NULL, 1)
INSERT [dbo].[QuizAttemptAnswer] ([QuizAttemptAnswerId], [QuizAttemptId], [QuizQuestionId], [SelectedOptionId], [OpenAnswerText], [IsMarkedCorrect], [IsActive]) VALUES (19, 23, 2, 5, NULL, NULL, 1)
INSERT [dbo].[QuizAttemptAnswer] ([QuizAttemptAnswerId], [QuizAttemptId], [QuizQuestionId], [SelectedOptionId], [OpenAnswerText], [IsMarkedCorrect], [IsActive]) VALUES (20, 24, 1, 1, NULL, NULL, 1)
INSERT [dbo].[QuizAttemptAnswer] ([QuizAttemptAnswerId], [QuizAttemptId], [QuizQuestionId], [SelectedOptionId], [OpenAnswerText], [IsMarkedCorrect], [IsActive]) VALUES (21, 24, 2, 4, NULL, NULL, 1)
INSERT [dbo].[QuizAttemptAnswer] ([QuizAttemptAnswerId], [QuizAttemptId], [QuizQuestionId], [SelectedOptionId], [OpenAnswerText], [IsMarkedCorrect], [IsActive]) VALUES (22, 24, 2, 5, NULL, NULL, 1)
INSERT [dbo].[QuizAttemptAnswer] ([QuizAttemptAnswerId], [QuizAttemptId], [QuizQuestionId], [SelectedOptionId], [OpenAnswerText], [IsMarkedCorrect], [IsActive]) VALUES (23, 25, 1, 3, NULL, NULL, 1)
INSERT [dbo].[QuizAttemptAnswer] ([QuizAttemptAnswerId], [QuizAttemptId], [QuizQuestionId], [SelectedOptionId], [OpenAnswerText], [IsMarkedCorrect], [IsActive]) VALUES (24, 25, 2, 8, NULL, NULL, 1)
INSERT [dbo].[QuizAttemptAnswer] ([QuizAttemptAnswerId], [QuizAttemptId], [QuizQuestionId], [SelectedOptionId], [OpenAnswerText], [IsMarkedCorrect], [IsActive]) VALUES (25, 1, 1, NULL, NULL, NULL, 1)
INSERT [dbo].[QuizAttemptAnswer] ([QuizAttemptAnswerId], [QuizAttemptId], [QuizQuestionId], [SelectedOptionId], [OpenAnswerText], [IsMarkedCorrect], [IsActive]) VALUES (26, 1, 2, NULL, NULL, NULL, 1)
INSERT [dbo].[QuizAttemptAnswer] ([QuizAttemptAnswerId], [QuizAttemptId], [QuizQuestionId], [SelectedOptionId], [OpenAnswerText], [IsMarkedCorrect], [IsActive]) VALUES (27, 1, 3, NULL, NULL, NULL, 1)
INSERT [dbo].[QuizAttemptAnswer] ([QuizAttemptAnswerId], [QuizAttemptId], [QuizQuestionId], [SelectedOptionId], [OpenAnswerText], [IsMarkedCorrect], [IsActive]) VALUES (28, 1, 4, NULL, NULL, NULL, 1)
INSERT [dbo].[QuizAttemptAnswer] ([QuizAttemptAnswerId], [QuizAttemptId], [QuizQuestionId], [SelectedOptionId], [OpenAnswerText], [IsMarkedCorrect], [IsActive]) VALUES (29, 1, 5, NULL, NULL, NULL, 1)
INSERT [dbo].[QuizAttemptAnswer] ([QuizAttemptAnswerId], [QuizAttemptId], [QuizQuestionId], [SelectedOptionId], [OpenAnswerText], [IsMarkedCorrect], [IsActive]) VALUES (30, 1, 1, NULL, NULL, NULL, 1)
INSERT [dbo].[QuizAttemptAnswer] ([QuizAttemptAnswerId], [QuizAttemptId], [QuizQuestionId], [SelectedOptionId], [OpenAnswerText], [IsMarkedCorrect], [IsActive]) VALUES (31, 1, 2, NULL, NULL, NULL, 1)
INSERT [dbo].[QuizAttemptAnswer] ([QuizAttemptAnswerId], [QuizAttemptId], [QuizQuestionId], [SelectedOptionId], [OpenAnswerText], [IsMarkedCorrect], [IsActive]) VALUES (32, 1, 3, NULL, NULL, NULL, 1)
INSERT [dbo].[QuizAttemptAnswer] ([QuizAttemptAnswerId], [QuizAttemptId], [QuizQuestionId], [SelectedOptionId], [OpenAnswerText], [IsMarkedCorrect], [IsActive]) VALUES (33, 1, 4, NULL, NULL, NULL, 1)
INSERT [dbo].[QuizAttemptAnswer] ([QuizAttemptAnswerId], [QuizAttemptId], [QuizQuestionId], [SelectedOptionId], [OpenAnswerText], [IsMarkedCorrect], [IsActive]) VALUES (34, 1, 5, NULL, NULL, NULL, 1)
INSERT [dbo].[QuizAttemptAnswer] ([QuizAttemptAnswerId], [QuizAttemptId], [QuizQuestionId], [SelectedOptionId], [OpenAnswerText], [IsMarkedCorrect], [IsActive]) VALUES (35, 2, 1, NULL, NULL, NULL, 1)
INSERT [dbo].[QuizAttemptAnswer] ([QuizAttemptAnswerId], [QuizAttemptId], [QuizQuestionId], [SelectedOptionId], [OpenAnswerText], [IsMarkedCorrect], [IsActive]) VALUES (36, 2, 2, NULL, NULL, NULL, 1)
INSERT [dbo].[QuizAttemptAnswer] ([QuizAttemptAnswerId], [QuizAttemptId], [QuizQuestionId], [SelectedOptionId], [OpenAnswerText], [IsMarkedCorrect], [IsActive]) VALUES (37, 2, 3, NULL, NULL, NULL, 1)
INSERT [dbo].[QuizAttemptAnswer] ([QuizAttemptAnswerId], [QuizAttemptId], [QuizQuestionId], [SelectedOptionId], [OpenAnswerText], [IsMarkedCorrect], [IsActive]) VALUES (38, 2, 4, NULL, NULL, NULL, 1)
INSERT [dbo].[QuizAttemptAnswer] ([QuizAttemptAnswerId], [QuizAttemptId], [QuizQuestionId], [SelectedOptionId], [OpenAnswerText], [IsMarkedCorrect], [IsActive]) VALUES (39, 2, 5, NULL, NULL, NULL, 1)
INSERT [dbo].[QuizAttemptAnswer] ([QuizAttemptAnswerId], [QuizAttemptId], [QuizQuestionId], [SelectedOptionId], [OpenAnswerText], [IsMarkedCorrect], [IsActive]) VALUES (40, 3, 1, 1, NULL, NULL, 1)
INSERT [dbo].[QuizAttemptAnswer] ([QuizAttemptAnswerId], [QuizAttemptId], [QuizQuestionId], [SelectedOptionId], [OpenAnswerText], [IsMarkedCorrect], [IsActive]) VALUES (41, 3, 2, 4, NULL, NULL, 1)
INSERT [dbo].[QuizAttemptAnswer] ([QuizAttemptAnswerId], [QuizAttemptId], [QuizQuestionId], [SelectedOptionId], [OpenAnswerText], [IsMarkedCorrect], [IsActive]) VALUES (42, 3, 3, 9, NULL, NULL, 1)
INSERT [dbo].[QuizAttemptAnswer] ([QuizAttemptAnswerId], [QuizAttemptId], [QuizQuestionId], [SelectedOptionId], [OpenAnswerText], [IsMarkedCorrect], [IsActive]) VALUES (43, 3, 4, 12, NULL, NULL, 1)
INSERT [dbo].[QuizAttemptAnswer] ([QuizAttemptAnswerId], [QuizAttemptId], [QuizQuestionId], [SelectedOptionId], [OpenAnswerText], [IsMarkedCorrect], [IsActive]) VALUES (44, 3, 5, 15, NULL, NULL, 1)
INSERT [dbo].[QuizAttemptAnswer] ([QuizAttemptAnswerId], [QuizAttemptId], [QuizQuestionId], [SelectedOptionId], [OpenAnswerText], [IsMarkedCorrect], [IsActive]) VALUES (45, 4, 1, 2, NULL, NULL, 1)
INSERT [dbo].[QuizAttemptAnswer] ([QuizAttemptAnswerId], [QuizAttemptId], [QuizQuestionId], [SelectedOptionId], [OpenAnswerText], [IsMarkedCorrect], [IsActive]) VALUES (46, 4, 2, 5, NULL, NULL, 1)
INSERT [dbo].[QuizAttemptAnswer] ([QuizAttemptAnswerId], [QuizAttemptId], [QuizQuestionId], [SelectedOptionId], [OpenAnswerText], [IsMarkedCorrect], [IsActive]) VALUES (47, 4, 3, 10, NULL, NULL, 1)
INSERT [dbo].[QuizAttemptAnswer] ([QuizAttemptAnswerId], [QuizAttemptId], [QuizQuestionId], [SelectedOptionId], [OpenAnswerText], [IsMarkedCorrect], [IsActive]) VALUES (48, 4, 4, 12, NULL, NULL, 1)
INSERT [dbo].[QuizAttemptAnswer] ([QuizAttemptAnswerId], [QuizAttemptId], [QuizQuestionId], [SelectedOptionId], [OpenAnswerText], [IsMarkedCorrect], [IsActive]) VALUES (49, 4, 5, 15, NULL, NULL, 1)
INSERT [dbo].[QuizAttemptAnswer] ([QuizAttemptAnswerId], [QuizAttemptId], [QuizQuestionId], [SelectedOptionId], [OpenAnswerText], [IsMarkedCorrect], [IsActive]) VALUES (50, 5, 1, 2, NULL, NULL, 1)
INSERT [dbo].[QuizAttemptAnswer] ([QuizAttemptAnswerId], [QuizAttemptId], [QuizQuestionId], [SelectedOptionId], [OpenAnswerText], [IsMarkedCorrect], [IsActive]) VALUES (51, 5, 2, 4, NULL, NULL, 1)
INSERT [dbo].[QuizAttemptAnswer] ([QuizAttemptAnswerId], [QuizAttemptId], [QuizQuestionId], [SelectedOptionId], [OpenAnswerText], [IsMarkedCorrect], [IsActive]) VALUES (52, 5, 3, 9, NULL, NULL, 1)
INSERT [dbo].[QuizAttemptAnswer] ([QuizAttemptAnswerId], [QuizAttemptId], [QuizQuestionId], [SelectedOptionId], [OpenAnswerText], [IsMarkedCorrect], [IsActive]) VALUES (53, 5, 4, 12, NULL, NULL, 1)
INSERT [dbo].[QuizAttemptAnswer] ([QuizAttemptAnswerId], [QuizAttemptId], [QuizQuestionId], [SelectedOptionId], [OpenAnswerText], [IsMarkedCorrect], [IsActive]) VALUES (54, 5, 5, 15, NULL, NULL, 1)
INSERT [dbo].[QuizAttemptAnswer] ([QuizAttemptAnswerId], [QuizAttemptId], [QuizQuestionId], [SelectedOptionId], [OpenAnswerText], [IsMarkedCorrect], [IsActive]) VALUES (55, 27, 1, 1, NULL, NULL, 1)
INSERT [dbo].[QuizAttemptAnswer] ([QuizAttemptAnswerId], [QuizAttemptId], [QuizQuestionId], [SelectedOptionId], [OpenAnswerText], [IsMarkedCorrect], [IsActive]) VALUES (56, 27, 2, 4, NULL, NULL, 1)
INSERT [dbo].[QuizAttemptAnswer] ([QuizAttemptAnswerId], [QuizAttemptId], [QuizQuestionId], [SelectedOptionId], [OpenAnswerText], [IsMarkedCorrect], [IsActive]) VALUES (57, 27, 3, 9, NULL, NULL, 1)
INSERT [dbo].[QuizAttemptAnswer] ([QuizAttemptAnswerId], [QuizAttemptId], [QuizQuestionId], [SelectedOptionId], [OpenAnswerText], [IsMarkedCorrect], [IsActive]) VALUES (58, 27, 4, 12, NULL, NULL, 1)
INSERT [dbo].[QuizAttemptAnswer] ([QuizAttemptAnswerId], [QuizAttemptId], [QuizQuestionId], [SelectedOptionId], [OpenAnswerText], [IsMarkedCorrect], [IsActive]) VALUES (59, 27, 5, 15, NULL, NULL, 1)
INSERT [dbo].[QuizAttemptAnswer] ([QuizAttemptAnswerId], [QuizAttemptId], [QuizQuestionId], [SelectedOptionId], [OpenAnswerText], [IsMarkedCorrect], [IsActive]) VALUES (60, 28, 1, 1, NULL, NULL, 1)
INSERT [dbo].[QuizAttemptAnswer] ([QuizAttemptAnswerId], [QuizAttemptId], [QuizQuestionId], [SelectedOptionId], [OpenAnswerText], [IsMarkedCorrect], [IsActive]) VALUES (61, 28, 2, 5, NULL, NULL, 1)
INSERT [dbo].[QuizAttemptAnswer] ([QuizAttemptAnswerId], [QuizAttemptId], [QuizQuestionId], [SelectedOptionId], [OpenAnswerText], [IsMarkedCorrect], [IsActive]) VALUES (62, 28, 3, 11, NULL, NULL, 1)
INSERT [dbo].[QuizAttemptAnswer] ([QuizAttemptAnswerId], [QuizAttemptId], [QuizQuestionId], [SelectedOptionId], [OpenAnswerText], [IsMarkedCorrect], [IsActive]) VALUES (63, 28, 4, 13, NULL, NULL, 1)
INSERT [dbo].[QuizAttemptAnswer] ([QuizAttemptAnswerId], [QuizAttemptId], [QuizQuestionId], [SelectedOptionId], [OpenAnswerText], [IsMarkedCorrect], [IsActive]) VALUES (64, 28, 5, 16, NULL, NULL, 1)
INSERT [dbo].[QuizAttemptAnswer] ([QuizAttemptAnswerId], [QuizAttemptId], [QuizQuestionId], [SelectedOptionId], [OpenAnswerText], [IsMarkedCorrect], [IsActive]) VALUES (65, 29, 1, 1, NULL, NULL, 1)
INSERT [dbo].[QuizAttemptAnswer] ([QuizAttemptAnswerId], [QuizAttemptId], [QuizQuestionId], [SelectedOptionId], [OpenAnswerText], [IsMarkedCorrect], [IsActive]) VALUES (66, 29, 2, 4, NULL, NULL, 1)
INSERT [dbo].[QuizAttemptAnswer] ([QuizAttemptAnswerId], [QuizAttemptId], [QuizQuestionId], [SelectedOptionId], [OpenAnswerText], [IsMarkedCorrect], [IsActive]) VALUES (67, 29, 3, 9, NULL, NULL, 1)
INSERT [dbo].[QuizAttemptAnswer] ([QuizAttemptAnswerId], [QuizAttemptId], [QuizQuestionId], [SelectedOptionId], [OpenAnswerText], [IsMarkedCorrect], [IsActive]) VALUES (68, 29, 4, 12, NULL, NULL, 1)
INSERT [dbo].[QuizAttemptAnswer] ([QuizAttemptAnswerId], [QuizAttemptId], [QuizQuestionId], [SelectedOptionId], [OpenAnswerText], [IsMarkedCorrect], [IsActive]) VALUES (69, 29, 5, 15, NULL, NULL, 1)
INSERT [dbo].[QuizAttemptAnswer] ([QuizAttemptAnswerId], [QuizAttemptId], [QuizQuestionId], [SelectedOptionId], [OpenAnswerText], [IsMarkedCorrect], [IsActive]) VALUES (70, 30, 6, 18, NULL, NULL, 1)
INSERT [dbo].[QuizAttemptAnswer] ([QuizAttemptAnswerId], [QuizAttemptId], [QuizQuestionId], [SelectedOptionId], [OpenAnswerText], [IsMarkedCorrect], [IsActive]) VALUES (71, 30, 7, 21, NULL, NULL, 1)
INSERT [dbo].[QuizAttemptAnswer] ([QuizAttemptAnswerId], [QuizAttemptId], [QuizQuestionId], [SelectedOptionId], [OpenAnswerText], [IsMarkedCorrect], [IsActive]) VALUES (72, 30, 8, 24, NULL, NULL, 1)
INSERT [dbo].[QuizAttemptAnswer] ([QuizAttemptAnswerId], [QuizAttemptId], [QuizQuestionId], [SelectedOptionId], [OpenAnswerText], [IsMarkedCorrect], [IsActive]) VALUES (73, 30, 9, 27, NULL, NULL, 1)
INSERT [dbo].[QuizAttemptAnswer] ([QuizAttemptAnswerId], [QuizAttemptId], [QuizQuestionId], [SelectedOptionId], [OpenAnswerText], [IsMarkedCorrect], [IsActive]) VALUES (74, 30, 10, 30, NULL, NULL, 1)
INSERT [dbo].[QuizAttemptAnswer] ([QuizAttemptAnswerId], [QuizAttemptId], [QuizQuestionId], [SelectedOptionId], [OpenAnswerText], [IsMarkedCorrect], [IsActive]) VALUES (75, 33, 1, 1, NULL, NULL, 1)
INSERT [dbo].[QuizAttemptAnswer] ([QuizAttemptAnswerId], [QuizAttemptId], [QuizQuestionId], [SelectedOptionId], [OpenAnswerText], [IsMarkedCorrect], [IsActive]) VALUES (76, 33, 2, 4, NULL, NULL, 1)
INSERT [dbo].[QuizAttemptAnswer] ([QuizAttemptAnswerId], [QuizAttemptId], [QuizQuestionId], [SelectedOptionId], [OpenAnswerText], [IsMarkedCorrect], [IsActive]) VALUES (77, 33, 3, 9, NULL, NULL, 1)
INSERT [dbo].[QuizAttemptAnswer] ([QuizAttemptAnswerId], [QuizAttemptId], [QuizQuestionId], [SelectedOptionId], [OpenAnswerText], [IsMarkedCorrect], [IsActive]) VALUES (78, 33, 4, 12, NULL, NULL, 1)
INSERT [dbo].[QuizAttemptAnswer] ([QuizAttemptAnswerId], [QuizAttemptId], [QuizQuestionId], [SelectedOptionId], [OpenAnswerText], [IsMarkedCorrect], [IsActive]) VALUES (79, 33, 5, 15, NULL, NULL, 1)
INSERT [dbo].[QuizAttemptAnswer] ([QuizAttemptAnswerId], [QuizAttemptId], [QuizQuestionId], [SelectedOptionId], [OpenAnswerText], [IsMarkedCorrect], [IsActive]) VALUES (80, 35, 6, 18, NULL, NULL, 1)
INSERT [dbo].[QuizAttemptAnswer] ([QuizAttemptAnswerId], [QuizAttemptId], [QuizQuestionId], [SelectedOptionId], [OpenAnswerText], [IsMarkedCorrect], [IsActive]) VALUES (81, 35, 7, 22, NULL, NULL, 1)
INSERT [dbo].[QuizAttemptAnswer] ([QuizAttemptAnswerId], [QuizAttemptId], [QuizQuestionId], [SelectedOptionId], [OpenAnswerText], [IsMarkedCorrect], [IsActive]) VALUES (82, 35, 8, 24, NULL, NULL, 1)
INSERT [dbo].[QuizAttemptAnswer] ([QuizAttemptAnswerId], [QuizAttemptId], [QuizQuestionId], [SelectedOptionId], [OpenAnswerText], [IsMarkedCorrect], [IsActive]) VALUES (83, 35, 9, 27, NULL, NULL, 1)
INSERT [dbo].[QuizAttemptAnswer] ([QuizAttemptAnswerId], [QuizAttemptId], [QuizQuestionId], [SelectedOptionId], [OpenAnswerText], [IsMarkedCorrect], [IsActive]) VALUES (84, 35, 10, 30, NULL, NULL, 1)
INSERT [dbo].[QuizAttemptAnswer] ([QuizAttemptAnswerId], [QuizAttemptId], [QuizQuestionId], [SelectedOptionId], [OpenAnswerText], [IsMarkedCorrect], [IsActive]) VALUES (85, 31, 1, 1, NULL, NULL, 1)
INSERT [dbo].[QuizAttemptAnswer] ([QuizAttemptAnswerId], [QuizAttemptId], [QuizQuestionId], [SelectedOptionId], [OpenAnswerText], [IsMarkedCorrect], [IsActive]) VALUES (86, 31, 2, 4, NULL, NULL, 1)
INSERT [dbo].[QuizAttemptAnswer] ([QuizAttemptAnswerId], [QuizAttemptId], [QuizQuestionId], [SelectedOptionId], [OpenAnswerText], [IsMarkedCorrect], [IsActive]) VALUES (87, 31, 3, 11, NULL, NULL, 1)
INSERT [dbo].[QuizAttemptAnswer] ([QuizAttemptAnswerId], [QuizAttemptId], [QuizQuestionId], [SelectedOptionId], [OpenAnswerText], [IsMarkedCorrect], [IsActive]) VALUES (88, 31, 4, 13, NULL, NULL, 1)
INSERT [dbo].[QuizAttemptAnswer] ([QuizAttemptAnswerId], [QuizAttemptId], [QuizQuestionId], [SelectedOptionId], [OpenAnswerText], [IsMarkedCorrect], [IsActive]) VALUES (89, 31, 5, 17, NULL, NULL, 1)
INSERT [dbo].[QuizAttemptAnswer] ([QuizAttemptAnswerId], [QuizAttemptId], [QuizQuestionId], [SelectedOptionId], [OpenAnswerText], [IsMarkedCorrect], [IsActive]) VALUES (90, 36, 1, 1, NULL, NULL, 1)
INSERT [dbo].[QuizAttemptAnswer] ([QuizAttemptAnswerId], [QuizAttemptId], [QuizQuestionId], [SelectedOptionId], [OpenAnswerText], [IsMarkedCorrect], [IsActive]) VALUES (91, 36, 2, 4, NULL, NULL, 1)
INSERT [dbo].[QuizAttemptAnswer] ([QuizAttemptAnswerId], [QuizAttemptId], [QuizQuestionId], [SelectedOptionId], [OpenAnswerText], [IsMarkedCorrect], [IsActive]) VALUES (92, 36, 3, 9, NULL, NULL, 1)
INSERT [dbo].[QuizAttemptAnswer] ([QuizAttemptAnswerId], [QuizAttemptId], [QuizQuestionId], [SelectedOptionId], [OpenAnswerText], [IsMarkedCorrect], [IsActive]) VALUES (93, 36, 4, 12, NULL, NULL, 1)
INSERT [dbo].[QuizAttemptAnswer] ([QuizAttemptAnswerId], [QuizAttemptId], [QuizQuestionId], [SelectedOptionId], [OpenAnswerText], [IsMarkedCorrect], [IsActive]) VALUES (94, 36, 5, 15, NULL, NULL, 1)
INSERT [dbo].[QuizAttemptAnswer] ([QuizAttemptAnswerId], [QuizAttemptId], [QuizQuestionId], [SelectedOptionId], [OpenAnswerText], [IsMarkedCorrect], [IsActive]) VALUES (95, 37, 1, 1, NULL, NULL, 1)
INSERT [dbo].[QuizAttemptAnswer] ([QuizAttemptAnswerId], [QuizAttemptId], [QuizQuestionId], [SelectedOptionId], [OpenAnswerText], [IsMarkedCorrect], [IsActive]) VALUES (96, 37, 2, 4, NULL, NULL, 1)
INSERT [dbo].[QuizAttemptAnswer] ([QuizAttemptAnswerId], [QuizAttemptId], [QuizQuestionId], [SelectedOptionId], [OpenAnswerText], [IsMarkedCorrect], [IsActive]) VALUES (97, 37, 3, 9, NULL, NULL, 1)
INSERT [dbo].[QuizAttemptAnswer] ([QuizAttemptAnswerId], [QuizAttemptId], [QuizQuestionId], [SelectedOptionId], [OpenAnswerText], [IsMarkedCorrect], [IsActive]) VALUES (98, 37, 4, 12, NULL, NULL, 1)
INSERT [dbo].[QuizAttemptAnswer] ([QuizAttemptAnswerId], [QuizAttemptId], [QuizQuestionId], [SelectedOptionId], [OpenAnswerText], [IsMarkedCorrect], [IsActive]) VALUES (99, 37, 5, 15, NULL, NULL, 1)
GO
INSERT [dbo].[QuizAttemptAnswer] ([QuizAttemptAnswerId], [QuizAttemptId], [QuizQuestionId], [SelectedOptionId], [OpenAnswerText], [IsMarkedCorrect], [IsActive]) VALUES (100, 32, 6, 18, NULL, NULL, 1)
INSERT [dbo].[QuizAttemptAnswer] ([QuizAttemptAnswerId], [QuizAttemptId], [QuizQuestionId], [SelectedOptionId], [OpenAnswerText], [IsMarkedCorrect], [IsActive]) VALUES (101, 32, 7, 22, NULL, NULL, 1)
INSERT [dbo].[QuizAttemptAnswer] ([QuizAttemptAnswerId], [QuizAttemptId], [QuizQuestionId], [SelectedOptionId], [OpenAnswerText], [IsMarkedCorrect], [IsActive]) VALUES (102, 32, 8, 24, NULL, NULL, 1)
INSERT [dbo].[QuizAttemptAnswer] ([QuizAttemptAnswerId], [QuizAttemptId], [QuizQuestionId], [SelectedOptionId], [OpenAnswerText], [IsMarkedCorrect], [IsActive]) VALUES (103, 32, 9, 27, NULL, NULL, 1)
INSERT [dbo].[QuizAttemptAnswer] ([QuizAttemptAnswerId], [QuizAttemptId], [QuizQuestionId], [SelectedOptionId], [OpenAnswerText], [IsMarkedCorrect], [IsActive]) VALUES (104, 32, 10, 30, NULL, NULL, 1)
INSERT [dbo].[QuizAttemptAnswer] ([QuizAttemptAnswerId], [QuizAttemptId], [QuizQuestionId], [SelectedOptionId], [OpenAnswerText], [IsMarkedCorrect], [IsActive]) VALUES (105, 38, 6, 18, NULL, NULL, 1)
INSERT [dbo].[QuizAttemptAnswer] ([QuizAttemptAnswerId], [QuizAttemptId], [QuizQuestionId], [SelectedOptionId], [OpenAnswerText], [IsMarkedCorrect], [IsActive]) VALUES (106, 38, 7, 22, NULL, NULL, 1)
INSERT [dbo].[QuizAttemptAnswer] ([QuizAttemptAnswerId], [QuizAttemptId], [QuizQuestionId], [SelectedOptionId], [OpenAnswerText], [IsMarkedCorrect], [IsActive]) VALUES (107, 38, 8, 24, NULL, NULL, 1)
INSERT [dbo].[QuizAttemptAnswer] ([QuizAttemptAnswerId], [QuizAttemptId], [QuizQuestionId], [SelectedOptionId], [OpenAnswerText], [IsMarkedCorrect], [IsActive]) VALUES (108, 38, 9, 27, NULL, NULL, 1)
INSERT [dbo].[QuizAttemptAnswer] ([QuizAttemptAnswerId], [QuizAttemptId], [QuizQuestionId], [SelectedOptionId], [OpenAnswerText], [IsMarkedCorrect], [IsActive]) VALUES (109, 38, 10, 30, NULL, NULL, 1)
INSERT [dbo].[QuizAttemptAnswer] ([QuizAttemptAnswerId], [QuizAttemptId], [QuizQuestionId], [SelectedOptionId], [OpenAnswerText], [IsMarkedCorrect], [IsActive]) VALUES (110, 40, 6, 18, NULL, NULL, 1)
INSERT [dbo].[QuizAttemptAnswer] ([QuizAttemptAnswerId], [QuizAttemptId], [QuizQuestionId], [SelectedOptionId], [OpenAnswerText], [IsMarkedCorrect], [IsActive]) VALUES (111, 40, 7, 22, NULL, NULL, 1)
INSERT [dbo].[QuizAttemptAnswer] ([QuizAttemptAnswerId], [QuizAttemptId], [QuizQuestionId], [SelectedOptionId], [OpenAnswerText], [IsMarkedCorrect], [IsActive]) VALUES (112, 40, 8, 24, NULL, NULL, 1)
INSERT [dbo].[QuizAttemptAnswer] ([QuizAttemptAnswerId], [QuizAttemptId], [QuizQuestionId], [SelectedOptionId], [OpenAnswerText], [IsMarkedCorrect], [IsActive]) VALUES (113, 40, 9, 27, NULL, NULL, 1)
INSERT [dbo].[QuizAttemptAnswer] ([QuizAttemptAnswerId], [QuizAttemptId], [QuizQuestionId], [SelectedOptionId], [OpenAnswerText], [IsMarkedCorrect], [IsActive]) VALUES (114, 40, 10, 30, NULL, NULL, 1)
INSERT [dbo].[QuizAttemptAnswer] ([QuizAttemptAnswerId], [QuizAttemptId], [QuizQuestionId], [SelectedOptionId], [OpenAnswerText], [IsMarkedCorrect], [IsActive]) VALUES (115, 41, 1, 1, NULL, NULL, 1)
INSERT [dbo].[QuizAttemptAnswer] ([QuizAttemptAnswerId], [QuizAttemptId], [QuizQuestionId], [SelectedOptionId], [OpenAnswerText], [IsMarkedCorrect], [IsActive]) VALUES (116, 41, 2, 4, NULL, NULL, 1)
INSERT [dbo].[QuizAttemptAnswer] ([QuizAttemptAnswerId], [QuizAttemptId], [QuizQuestionId], [SelectedOptionId], [OpenAnswerText], [IsMarkedCorrect], [IsActive]) VALUES (117, 41, 3, 9, NULL, NULL, 1)
INSERT [dbo].[QuizAttemptAnswer] ([QuizAttemptAnswerId], [QuizAttemptId], [QuizQuestionId], [SelectedOptionId], [OpenAnswerText], [IsMarkedCorrect], [IsActive]) VALUES (118, 41, 4, 12, NULL, NULL, 1)
INSERT [dbo].[QuizAttemptAnswer] ([QuizAttemptAnswerId], [QuizAttemptId], [QuizQuestionId], [SelectedOptionId], [OpenAnswerText], [IsMarkedCorrect], [IsActive]) VALUES (119, 41, 5, 16, NULL, NULL, 1)
INSERT [dbo].[QuizAttemptAnswer] ([QuizAttemptAnswerId], [QuizAttemptId], [QuizQuestionId], [SelectedOptionId], [OpenAnswerText], [IsMarkedCorrect], [IsActive]) VALUES (120, 42, 6, 18, NULL, NULL, 1)
INSERT [dbo].[QuizAttemptAnswer] ([QuizAttemptAnswerId], [QuizAttemptId], [QuizQuestionId], [SelectedOptionId], [OpenAnswerText], [IsMarkedCorrect], [IsActive]) VALUES (121, 42, 7, 21, NULL, NULL, 1)
INSERT [dbo].[QuizAttemptAnswer] ([QuizAttemptAnswerId], [QuizAttemptId], [QuizQuestionId], [SelectedOptionId], [OpenAnswerText], [IsMarkedCorrect], [IsActive]) VALUES (122, 42, 8, 24, NULL, NULL, 1)
INSERT [dbo].[QuizAttemptAnswer] ([QuizAttemptAnswerId], [QuizAttemptId], [QuizQuestionId], [SelectedOptionId], [OpenAnswerText], [IsMarkedCorrect], [IsActive]) VALUES (123, 42, 9, 27, NULL, NULL, 1)
INSERT [dbo].[QuizAttemptAnswer] ([QuizAttemptAnswerId], [QuizAttemptId], [QuizQuestionId], [SelectedOptionId], [OpenAnswerText], [IsMarkedCorrect], [IsActive]) VALUES (124, 42, 10, 30, NULL, NULL, 1)
INSERT [dbo].[QuizAttemptAnswer] ([QuizAttemptAnswerId], [QuizAttemptId], [QuizQuestionId], [SelectedOptionId], [OpenAnswerText], [IsMarkedCorrect], [IsActive]) VALUES (125, 43, 6, 18, NULL, NULL, 1)
INSERT [dbo].[QuizAttemptAnswer] ([QuizAttemptAnswerId], [QuizAttemptId], [QuizQuestionId], [SelectedOptionId], [OpenAnswerText], [IsMarkedCorrect], [IsActive]) VALUES (126, 43, 7, 21, NULL, NULL, 1)
INSERT [dbo].[QuizAttemptAnswer] ([QuizAttemptAnswerId], [QuizAttemptId], [QuizQuestionId], [SelectedOptionId], [OpenAnswerText], [IsMarkedCorrect], [IsActive]) VALUES (127, 43, 8, 24, NULL, NULL, 1)
INSERT [dbo].[QuizAttemptAnswer] ([QuizAttemptAnswerId], [QuizAttemptId], [QuizQuestionId], [SelectedOptionId], [OpenAnswerText], [IsMarkedCorrect], [IsActive]) VALUES (128, 43, 9, 27, NULL, NULL, 1)
INSERT [dbo].[QuizAttemptAnswer] ([QuizAttemptAnswerId], [QuizAttemptId], [QuizQuestionId], [SelectedOptionId], [OpenAnswerText], [IsMarkedCorrect], [IsActive]) VALUES (129, 43, 10, NULL, NULL, NULL, 1)
SET IDENTITY_INSERT [dbo].[QuizAttemptAnswer] OFF
GO
SET IDENTITY_INSERT [dbo].[QuizQuestion] ON 

INSERT [dbo].[QuizQuestion] ([QuizQuestionId], [QuizId], [QuestionText], [QuestionType], [Points], [OrderIndex], [IsActive]) VALUES (1, 1, N'Which phrase is a common greeting in English?', N'single_choice', CAST(1.00 AS Decimal(5, 2)), 1, 1)
INSERT [dbo].[QuizQuestion] ([QuizQuestionId], [QuizId], [QuestionText], [QuestionType], [Points], [OrderIndex], [IsActive]) VALUES (2, 1, N'What is a polite way to introduce yourself?', N'single_choice', CAST(1.00 AS Decimal(5, 2)), 2, 1)
INSERT [dbo].[QuizQuestion] ([QuizQuestionId], [QuizId], [QuestionText], [QuestionType], [Points], [OrderIndex], [IsActive]) VALUES (3, 1, N'Which question is used to ask someone’s name?', N'single_choice', CAST(1.00 AS Decimal(5, 2)), 3, 1)
INSERT [dbo].[QuizQuestion] ([QuizQuestionId], [QuizId], [QuestionText], [QuestionType], [Points], [OrderIndex], [IsActive]) VALUES (4, 1, N'Which phrase is used to say goodbye politely?', N'single_choice', CAST(1.00 AS Decimal(5, 2)), 4, 1)
INSERT [dbo].[QuizQuestion] ([QuizQuestionId], [QuizId], [QuestionText], [QuestionType], [Points], [OrderIndex], [IsActive]) VALUES (5, 1, N'Which answer matches the question: "How are you?"', N'single_choice', CAST(1.00 AS Decimal(5, 2)), 5, 1)
INSERT [dbo].[QuizQuestion] ([QuizQuestionId], [QuizId], [QuestionText], [QuestionType], [Points], [OrderIndex], [IsActive]) VALUES (6, 2, N'Which sentence correctly describes a daily routine?', N'single_choice', CAST(1.00 AS Decimal(5, 2)), 1, 1)
INSERT [dbo].[QuizQuestion] ([QuizQuestionId], [QuizId], [QuestionText], [QuestionType], [Points], [OrderIndex], [IsActive]) VALUES (7, 2, N'Which verb is commonly used with "breakfast"?', N'single_choice', CAST(1.00 AS Decimal(5, 2)), 2, 1)
INSERT [dbo].[QuizQuestion] ([QuizQuestionId], [QuizId], [QuestionText], [QuestionType], [Points], [OrderIndex], [IsActive]) VALUES (8, 2, N'What time expression is written correctly?', N'single_choice', CAST(1.00 AS Decimal(5, 2)), 3, 1)
INSERT [dbo].[QuizQuestion] ([QuizQuestionId], [QuizId], [QuestionText], [QuestionType], [Points], [OrderIndex], [IsActive]) VALUES (9, 2, N'Which sentence is in the Present Simple tense?', N'single_choice', CAST(1.00 AS Decimal(5, 2)), 4, 1)
INSERT [dbo].[QuizQuestion] ([QuizQuestionId], [QuizId], [QuestionText], [QuestionType], [Points], [OrderIndex], [IsActive]) VALUES (10, 2, N'Which phrase best fits: "I _____ to work at 8 a.m."', N'single_choice', CAST(1.00 AS Decimal(5, 2)), 5, 1)
INSERT [dbo].[QuizQuestion] ([QuizQuestionId], [QuizId], [QuestionText], [QuestionType], [Points], [OrderIndex], [IsActive]) VALUES (11, 2, N'test', N'Open', CAST(1.00 AS Decimal(5, 2)), 6, 0)
SET IDENTITY_INSERT [dbo].[QuizQuestion] OFF
GO
SET IDENTITY_INSERT [dbo].[SupportMessage] ON 

INSERT [dbo].[SupportMessage] ([SupportMessageId], [SupportTicketId], [FromUserId], [MessageBody], [SentAt], [IsActive]) VALUES (1, 1, 1, N'Hi, I''m experiencing an issue when trying to load a lesson. An error message appears and I can''t continue. Could you please help me with this?', CAST(N'2025-12-06T17:19:10.8403670' AS DateTime2), 1)
INSERT [dbo].[SupportMessage] ([SupportMessageId], [SupportTicketId], [FromUserId], [MessageBody], [SentAt], [IsActive]) VALUES (2, 1, 4, N'Hi! Thanks for reporting the issue. I’ve checked your request and it looks like the lesson may not be loading correctly due to a missing module reference. I’m looking into it now and will update you as soon as it’s fixed. If you notice anything else in the meantime, feel free to let me know!', CAST(N'2025-12-06T17:22:35.4566015' AS DateTime2), 1)
INSERT [dbo].[SupportMessage] ([SupportMessageId], [SupportTicketId], [FromUserId], [MessageBody], [SentAt], [IsActive]) VALUES (3, 1, 1, N'Hi. Thank you for your help.', CAST(N'2026-01-03T11:44:13.2401211' AS DateTime2), 1)
INSERT [dbo].[SupportMessage] ([SupportMessageId], [SupportTicketId], [FromUserId], [MessageBody], [SentAt], [IsActive]) VALUES (4, 1, 4, N'Have a nice day!', CAST(N'2026-01-03T11:54:37.7923294' AS DateTime2), 1)
INSERT [dbo].[SupportMessage] ([SupportMessageId], [SupportTicketId], [FromUserId], [MessageBody], [SentAt], [IsActive]) VALUES (5, 1, 1, N'You too!', CAST(N'2026-01-03T11:56:22.5381498' AS DateTime2), 1)
INSERT [dbo].[SupportMessage] ([SupportMessageId], [SupportTicketId], [FromUserId], [MessageBody], [SentAt], [IsActive]) VALUES (6, 1, 4, N'ok', CAST(N'2026-01-03T12:07:42.2491603' AS DateTime2), 1)
INSERT [dbo].[SupportMessage] ([SupportMessageId], [SupportTicketId], [FromUserId], [MessageBody], [SentAt], [IsActive]) VALUES (7, 1, 1, N'ok', CAST(N'2026-01-03T12:09:56.1156260' AS DateTime2), 1)
INSERT [dbo].[SupportMessage] ([SupportMessageId], [SupportTicketId], [FromUserId], [MessageBody], [SentAt], [IsActive]) VALUES (8, 1, 4, N'ok', CAST(N'2026-01-03T12:42:38.2382036' AS DateTime2), 1)
INSERT [dbo].[SupportMessage] ([SupportMessageId], [SupportTicketId], [FromUserId], [MessageBody], [SentAt], [IsActive]) VALUES (9, 2, 1, N'Hi!', CAST(N'2026-01-03T13:30:39.8861769' AS DateTime2), 1)
INSERT [dbo].[SupportMessage] ([SupportMessageId], [SupportTicketId], [FromUserId], [MessageBody], [SentAt], [IsActive]) VALUES (10, 2, 5, N'Hi. How can i help you?', CAST(N'2026-01-03T14:22:43.5086172' AS DateTime2), 1)
INSERT [dbo].[SupportMessage] ([SupportMessageId], [SupportTicketId], [FromUserId], [MessageBody], [SentAt], [IsActive]) VALUES (11, 2, 1, N'Give me 5 seconds please.', CAST(N'2026-01-03T18:44:34.7096858' AS DateTime2), 1)
INSERT [dbo].[SupportMessage] ([SupportMessageId], [SupportTicketId], [FromUserId], [MessageBody], [SentAt], [IsActive]) VALUES (12, 1, 1, N'ok', CAST(N'2026-01-21T19:04:37.2580356' AS DateTime2), 1)
INSERT [dbo].[SupportMessage] ([SupportMessageId], [SupportTicketId], [FromUserId], [MessageBody], [SentAt], [IsActive]) VALUES (13, 1, 4, N'ok', CAST(N'2026-01-21T19:10:49.1547134' AS DateTime2), 1)
INSERT [dbo].[SupportMessage] ([SupportMessageId], [SupportTicketId], [FromUserId], [MessageBody], [SentAt], [IsActive]) VALUES (14, 1, 4, N'Hi', CAST(N'2026-02-17T20:54:01.1700402' AS DateTime2), 1)
INSERT [dbo].[SupportMessage] ([SupportMessageId], [SupportTicketId], [FromUserId], [MessageBody], [SentAt], [IsActive]) VALUES (15, 4, 1, N'Hi', CAST(N'2026-02-17T20:55:34.8001811' AS DateTime2), 1)
INSERT [dbo].[SupportMessage] ([SupportMessageId], [SupportTicketId], [FromUserId], [MessageBody], [SentAt], [IsActive]) VALUES (16, 1, 4, N'Hi', CAST(N'2026-02-17T21:20:56.6739452' AS DateTime2), 1)
SET IDENTITY_INSERT [dbo].[SupportMessage] OFF
GO
SET IDENTITY_INSERT [dbo].[SupportTicket] ON 

INSERT [dbo].[SupportTicket] ([SupportTicketId], [UserId], [Title], [Status], [CreatedAt], [ClosedAt], [CourseId], [AssignedTutorId], [IsActive]) VALUES (1, 1, N'Problem z dostępem do kursu English A1 – Everyday Basics', N'Open', CAST(N'2025-12-06T17:10:04.8957651' AS DateTime2), NULL, 1, 4, 1)
INSERT [dbo].[SupportTicket] ([SupportTicketId], [UserId], [Title], [Status], [CreatedAt], [ClosedAt], [CourseId], [AssignedTutorId], [IsActive]) VALUES (2, 1, N'Problem z odpowiedzią w drugiej lekcji', N'Open', CAST(N'2026-01-03T13:29:43.8568554' AS DateTime2), NULL, 2, 5, 1)
INSERT [dbo].[SupportTicket] ([SupportTicketId], [UserId], [Title], [Status], [CreatedAt], [ClosedAt], [CourseId], [AssignedTutorId], [IsActive]) VALUES (3, 1, N'Problem z dostepem', N'Open', CAST(N'2026-01-21T20:10:49.1923465' AS DateTime2), NULL, 2, 5, 1)
INSERT [dbo].[SupportTicket] ([SupportTicketId], [UserId], [Title], [Status], [CreatedAt], [ClosedAt], [CourseId], [AssignedTutorId], [IsActive]) VALUES (4, 1, N'Test', N'Open', CAST(N'2026-02-17T20:55:24.4826229' AS DateTime2), NULL, 2, 5, 1)
INSERT [dbo].[SupportTicket] ([SupportTicketId], [UserId], [Title], [Status], [CreatedAt], [ClosedAt], [CourseId], [AssignedTutorId], [IsActive]) VALUES (5, 1, N'Test', N'Open', CAST(N'2026-02-17T21:21:48.8882968' AS DateTime2), NULL, 1, 4, 1)
SET IDENTITY_INSERT [dbo].[SupportTicket] OFF
GO
SET IDENTITY_INSERT [dbo].[User] ON 

INSERT [dbo].[User] ([UserId], [IsActive], [CreatedAt], [UpdatedAt], [IdentityUserId]) VALUES (1, 1, CAST(N'2025-12-04T20:35:35.2475404' AS DateTime2), CAST(N'2026-02-17T21:05:45.7468830' AS DateTime2), N'9994aedc-faad-4ef1-8168-4930324849c2')
INSERT [dbo].[User] ([UserId], [IsActive], [CreatedAt], [UpdatedAt], [IdentityUserId]) VALUES (2, 1, CAST(N'2025-12-05T17:22:38.8092623' AS DateTime2), NULL, N'04dad8cd-28ae-42e1-9136-1647af728577')
INSERT [dbo].[User] ([UserId], [IsActive], [CreatedAt], [UpdatedAt], [IdentityUserId]) VALUES (3, 1, CAST(N'2025-12-05T17:27:01.7871990' AS DateTime2), CAST(N'2025-12-05T17:33:07.1407379' AS DateTime2), N'dd603aef-da77-4d63-a95d-3ace16587c4f')
INSERT [dbo].[User] ([UserId], [IsActive], [CreatedAt], [UpdatedAt], [IdentityUserId]) VALUES (4, 1, CAST(N'2025-12-05T17:40:07.1118117' AS DateTime2), CAST(N'2026-01-02T13:07:14.4500493' AS DateTime2), N'29735df9-2c92-42b0-826a-9ada9d522c03')
INSERT [dbo].[User] ([UserId], [IsActive], [CreatedAt], [UpdatedAt], [IdentityUserId]) VALUES (5, 1, CAST(N'2025-12-05T17:42:14.6736404' AS DateTime2), CAST(N'2026-01-02T13:08:40.5265406' AS DateTime2), N'7636d6e0-68fc-454e-8a8f-936d9ab6ed88')
INSERT [dbo].[User] ([UserId], [IsActive], [CreatedAt], [UpdatedAt], [IdentityUserId]) VALUES (6, 1, CAST(N'2025-12-05T17:43:55.5264192' AS DateTime2), NULL, N'a4a46c36-2b3c-4cf0-adad-5a927b56e1ce')
INSERT [dbo].[User] ([UserId], [IsActive], [CreatedAt], [UpdatedAt], [IdentityUserId]) VALUES (7, 1, CAST(N'2025-12-05T18:19:44.4305779' AS DateTime2), CAST(N'2025-12-10T18:30:31.7682891' AS DateTime2), N'95450b3f-f6a4-488a-bd3b-1085fdfec5d1')
INSERT [dbo].[User] ([UserId], [IsActive], [CreatedAt], [UpdatedAt], [IdentityUserId]) VALUES (8, 0, CAST(N'2025-12-10T18:31:05.9155592' AS DateTime2), CAST(N'2025-12-17T07:46:55.7264227' AS DateTime2), N'81eb41aa-69ed-461d-9445-acc603218364')
INSERT [dbo].[User] ([UserId], [IsActive], [CreatedAt], [UpdatedAt], [IdentityUserId]) VALUES (9, 0, CAST(N'2025-12-17T08:13:55.2427986' AS DateTime2), CAST(N'2025-12-17T10:07:06.1294377' AS DateTime2), N'd6030bf9-527c-4771-8ced-85ae9dad6d06')
INSERT [dbo].[User] ([UserId], [IsActive], [CreatedAt], [UpdatedAt], [IdentityUserId]) VALUES (10, 1, CAST(N'2025-12-17T09:24:05.6686091' AS DateTime2), CAST(N'2025-12-17T09:24:55.1071666' AS DateTime2), N'dc39134a-5991-43bf-8b24-492bb740f142')
INSERT [dbo].[User] ([UserId], [IsActive], [CreatedAt], [UpdatedAt], [IdentityUserId]) VALUES (11, 0, CAST(N'2025-12-17T09:39:00.9472467' AS DateTime2), CAST(N'2026-02-17T20:57:37.6780673' AS DateTime2), N'de3c022a-27cf-4a94-af54-c5bf6ee4eb98')
INSERT [dbo].[User] ([UserId], [IsActive], [CreatedAt], [UpdatedAt], [IdentityUserId]) VALUES (12, 1, CAST(N'2025-12-17T14:36:33.9741052' AS DateTime2), NULL, N'f9a19cff-3177-4bae-a103-47d25720f8f9')
INSERT [dbo].[User] ([UserId], [IsActive], [CreatedAt], [UpdatedAt], [IdentityUserId]) VALUES (13, 1, CAST(N'2026-01-12T20:21:40.7517462' AS DateTime2), NULL, N'e453fb21-b3c1-47a9-8aa9-f3fc23dc66e3')
INSERT [dbo].[User] ([UserId], [IsActive], [CreatedAt], [UpdatedAt], [IdentityUserId]) VALUES (14, 1, CAST(N'2026-02-17T21:02:18.2549954' AS DateTime2), CAST(N'2026-02-17T21:02:29.0252116' AS DateTime2), N'b47a6af2-aa59-4407-a1fb-30d9bdaefbb4')
INSERT [dbo].[User] ([UserId], [IsActive], [CreatedAt], [UpdatedAt], [IdentityUserId]) VALUES (15, 1, CAST(N'2026-02-17T21:24:19.5850708' AS DateTime2), CAST(N'2026-02-17T21:42:09.7940466' AS DateTime2), N'6b4a972c-2b59-41b8-ad53-c9e2893be6ad')
SET IDENTITY_INSERT [dbo].[User] OFF
GO
SET IDENTITY_INSERT [dbo].[UserCourseAccess] ON 

INSERT [dbo].[UserCourseAccess] ([UserCourseAccessId], [UserId], [CourseId], [CoursePricingPlanId], [AccessStart], [AccessEnd], [IsRevoked], [IsActive]) VALUES (1, 1, 1, NULL, CAST(N'2025-12-05T19:37:54.8102541' AS DateTime2), NULL, 0, 1)
INSERT [dbo].[UserCourseAccess] ([UserCourseAccessId], [UserId], [CourseId], [CoursePricingPlanId], [AccessStart], [AccessEnd], [IsRevoked], [IsActive]) VALUES (2, 1, 2, 4, CAST(N'2025-12-18T02:04:24.2657786' AS DateTime2), NULL, 0, 1)
INSERT [dbo].[UserCourseAccess] ([UserCourseAccessId], [UserId], [CourseId], [CoursePricingPlanId], [AccessStart], [AccessEnd], [IsRevoked], [IsActive]) VALUES (3, 1, 3, 9, CAST(N'2025-12-18T02:25:15.4570806' AS DateTime2), CAST(N'2026-04-17T02:25:15.4570806' AS DateTime2), 0, 1)
INSERT [dbo].[UserCourseAccess] ([UserCourseAccessId], [UserId], [CourseId], [CoursePricingPlanId], [AccessStart], [AccessEnd], [IsRevoked], [IsActive]) VALUES (4, 1, 2, 4, CAST(N'2025-12-18T02:41:19.0698781' AS DateTime2), CAST(N'2026-01-01T02:41:19.0698781' AS DateTime2), 0, 1)
INSERT [dbo].[UserCourseAccess] ([UserCourseAccessId], [UserId], [CourseId], [CoursePricingPlanId], [AccessStart], [AccessEnd], [IsRevoked], [IsActive]) VALUES (5, 1, 1, 3, CAST(N'2025-12-19T10:07:56.0675269' AS DateTime2), CAST(N'2026-12-19T10:07:56.0675269' AS DateTime2), 0, 1)
INSERT [dbo].[UserCourseAccess] ([UserCourseAccessId], [UserId], [CourseId], [CoursePricingPlanId], [AccessStart], [AccessEnd], [IsRevoked], [IsActive]) VALUES (6, 1, 3, 9, CAST(N'2025-12-19T11:22:54.2281759' AS DateTime2), CAST(N'2026-04-18T11:22:54.2281759' AS DateTime2), 0, 1)
INSERT [dbo].[UserCourseAccess] ([UserCourseAccessId], [UserId], [CourseId], [CoursePricingPlanId], [AccessStart], [AccessEnd], [IsRevoked], [IsActive]) VALUES (7, 1, 2, 6, CAST(N'2025-12-30T16:06:01.7559363' AS DateTime2), CAST(N'2026-06-28T16:06:01.7559363' AS DateTime2), 0, 1)
INSERT [dbo].[UserCourseAccess] ([UserCourseAccessId], [UserId], [CourseId], [CoursePricingPlanId], [AccessStart], [AccessEnd], [IsRevoked], [IsActive]) VALUES (8, 1, 3, 7, CAST(N'2026-01-17T14:48:11.0452294' AS DateTime2), CAST(N'2026-01-24T14:48:11.0452294' AS DateTime2), 0, 0)
INSERT [dbo].[UserCourseAccess] ([UserCourseAccessId], [UserId], [CourseId], [CoursePricingPlanId], [AccessStart], [AccessEnd], [IsRevoked], [IsActive]) VALUES (9, 2, 2, 4, CAST(N'2026-01-17T14:56:21.0123232' AS DateTime2), CAST(N'2026-01-31T14:56:21.0123232' AS DateTime2), 0, 1)
INSERT [dbo].[UserCourseAccess] ([UserCourseAccessId], [UserId], [CourseId], [CoursePricingPlanId], [AccessStart], [AccessEnd], [IsRevoked], [IsActive]) VALUES (10, 2, 1, 3, CAST(N'2026-01-17T16:29:24.2016920' AS DateTime2), CAST(N'2027-01-17T16:29:24.2016920' AS DateTime2), 0, 1)
INSERT [dbo].[UserCourseAccess] ([UserCourseAccessId], [UserId], [CourseId], [CoursePricingPlanId], [AccessStart], [AccessEnd], [IsRevoked], [IsActive]) VALUES (11, 2, 1, 3, CAST(N'2026-01-18T07:34:40.0670757' AS DateTime2), CAST(N'2027-01-18T07:34:40.0670757' AS DateTime2), 0, 1)
INSERT [dbo].[UserCourseAccess] ([UserCourseAccessId], [UserId], [CourseId], [CoursePricingPlanId], [AccessStart], [AccessEnd], [IsRevoked], [IsActive]) VALUES (12, 2, 1, 3, CAST(N'2026-01-18T07:36:37.6318461' AS DateTime2), CAST(N'2027-01-18T07:36:37.6318461' AS DateTime2), 0, 1)
INSERT [dbo].[UserCourseAccess] ([UserCourseAccessId], [UserId], [CourseId], [CoursePricingPlanId], [AccessStart], [AccessEnd], [IsRevoked], [IsActive]) VALUES (13, 1, 1, 3, CAST(N'2026-02-12T17:42:10.5995018' AS DateTime2), CAST(N'2027-02-12T17:42:10.5995018' AS DateTime2), 0, 0)
INSERT [dbo].[UserCourseAccess] ([UserCourseAccessId], [UserId], [CourseId], [CoursePricingPlanId], [AccessStart], [AccessEnd], [IsRevoked], [IsActive]) VALUES (14, 1, 2, 5, CAST(N'2026-02-17T19:34:51.5230060' AS DateTime2), CAST(N'2026-04-18T19:34:51.5230060' AS DateTime2), 0, 1)
INSERT [dbo].[UserCourseAccess] ([UserCourseAccessId], [UserId], [CourseId], [CoursePricingPlanId], [AccessStart], [AccessEnd], [IsRevoked], [IsActive]) VALUES (15, 14, 2, 6, CAST(N'2026-02-17T21:03:42.1699241' AS DateTime2), CAST(N'2026-08-16T21:03:42.1699241' AS DateTime2), 0, 1)
INSERT [dbo].[UserCourseAccess] ([UserCourseAccessId], [UserId], [CourseId], [CoursePricingPlanId], [AccessStart], [AccessEnd], [IsRevoked], [IsActive]) VALUES (16, 1, 2, 5, CAST(N'2026-02-17T21:07:02.0412874' AS DateTime2), CAST(N'2026-04-18T21:07:02.0412874' AS DateTime2), 0, 1)
INSERT [dbo].[UserCourseAccess] ([UserCourseAccessId], [UserId], [CourseId], [CoursePricingPlanId], [AccessStart], [AccessEnd], [IsRevoked], [IsActive]) VALUES (17, 1, 1, 2, CAST(N'2026-02-17T21:08:15.2407533' AS DateTime2), CAST(N'2026-05-18T21:08:15.2407533' AS DateTime2), 0, 1)
INSERT [dbo].[UserCourseAccess] ([UserCourseAccessId], [UserId], [CourseId], [CoursePricingPlanId], [AccessStart], [AccessEnd], [IsRevoked], [IsActive]) VALUES (18, 3, 1, 2, CAST(N'2026-02-17T21:10:31.4175936' AS DateTime2), CAST(N'2026-05-18T21:10:31.4175936' AS DateTime2), 0, 1)
SET IDENTITY_INSERT [dbo].[UserCourseAccess] OFF
GO
SET IDENTITY_INSERT [dbo].[UserCourseEnrollment] ON 

INSERT [dbo].[UserCourseEnrollment] ([UserCourseEnrollmentId], [UserId], [CourseId], [Status], [EnrolledAt], [CompletedAt], [IsActive]) VALUES (1, 1, 2, N'Completed', CAST(N'2025-12-18T02:04:24.2209157' AS DateTime2), CAST(N'2025-12-19T09:19:50.6728085' AS DateTime2), 0)
INSERT [dbo].[UserCourseEnrollment] ([UserCourseEnrollmentId], [UserId], [CourseId], [Status], [EnrolledAt], [CompletedAt], [IsActive]) VALUES (2, 1, 3, N'Completed', CAST(N'2025-12-18T02:25:15.4087658' AS DateTime2), CAST(N'2025-12-19T16:39:13.0489013' AS DateTime2), 1)
INSERT [dbo].[UserCourseEnrollment] ([UserCourseEnrollmentId], [UserId], [CourseId], [Status], [EnrolledAt], [CompletedAt], [IsActive]) VALUES (3, 1, 2, N'Completed', CAST(N'2025-12-18T02:41:19.0498390' AS DateTime2), CAST(N'2025-12-20T11:36:15.0494230' AS DateTime2), 0)
INSERT [dbo].[UserCourseEnrollment] ([UserCourseEnrollmentId], [UserId], [CourseId], [Status], [EnrolledAt], [CompletedAt], [IsActive]) VALUES (4, 1, 1, N'Completed', CAST(N'2025-12-19T10:07:56.0199328' AS DateTime2), CAST(N'2026-02-11T18:14:22.8936707' AS DateTime2), 0)
INSERT [dbo].[UserCourseEnrollment] ([UserCourseEnrollmentId], [UserId], [CourseId], [Status], [EnrolledAt], [CompletedAt], [IsActive]) VALUES (5, 1, 3, N'Active', CAST(N'2025-12-19T11:22:54.1808663' AS DateTime2), NULL, 0)
INSERT [dbo].[UserCourseEnrollment] ([UserCourseEnrollmentId], [UserId], [CourseId], [Status], [EnrolledAt], [CompletedAt], [IsActive]) VALUES (6, 1, 2, N'Active', CAST(N'2025-12-30T16:06:01.6787732' AS DateTime2), NULL, 0)
INSERT [dbo].[UserCourseEnrollment] ([UserCourseEnrollmentId], [UserId], [CourseId], [Status], [EnrolledAt], [CompletedAt], [IsActive]) VALUES (7, 1, 3, N'Active', CAST(N'2026-01-17T14:48:10.6037974' AS DateTime2), NULL, 0)
INSERT [dbo].[UserCourseEnrollment] ([UserCourseEnrollmentId], [UserId], [CourseId], [Status], [EnrolledAt], [CompletedAt], [IsActive]) VALUES (8, 2, 2, N'Active', CAST(N'2026-01-17T14:56:20.6463936' AS DateTime2), NULL, 0)
INSERT [dbo].[UserCourseEnrollment] ([UserCourseEnrollmentId], [UserId], [CourseId], [Status], [EnrolledAt], [CompletedAt], [IsActive]) VALUES (9, 2, 1, N'Completed', CAST(N'2026-01-17T16:29:23.6988139' AS DateTime2), CAST(N'2026-01-18T07:17:23.4530147' AS DateTime2), 0)
INSERT [dbo].[UserCourseEnrollment] ([UserCourseEnrollmentId], [UserId], [CourseId], [Status], [EnrolledAt], [CompletedAt], [IsActive]) VALUES (10, 2, 1, N'Completed', CAST(N'2026-01-18T07:34:40.0135483' AS DateTime2), CAST(N'2026-01-18T07:36:08.0762683' AS DateTime2), 0)
INSERT [dbo].[UserCourseEnrollment] ([UserCourseEnrollmentId], [UserId], [CourseId], [Status], [EnrolledAt], [CompletedAt], [IsActive]) VALUES (11, 2, 1, N'Active', CAST(N'2026-01-18T07:36:37.6088009' AS DateTime2), NULL, 1)
INSERT [dbo].[UserCourseEnrollment] ([UserCourseEnrollmentId], [UserId], [CourseId], [Status], [EnrolledAt], [CompletedAt], [IsActive]) VALUES (12, 1, 1, N'Completed', CAST(N'2026-02-12T17:42:10.5438535' AS DateTime2), CAST(N'2026-02-17T19:38:40.7926978' AS DateTime2), 0)
INSERT [dbo].[UserCourseEnrollment] ([UserCourseEnrollmentId], [UserId], [CourseId], [Status], [EnrolledAt], [CompletedAt], [IsActive]) VALUES (13, 1, 2, N'Active', CAST(N'2026-02-17T19:34:51.4562420' AS DateTime2), NULL, 0)
INSERT [dbo].[UserCourseEnrollment] ([UserCourseEnrollmentId], [UserId], [CourseId], [Status], [EnrolledAt], [CompletedAt], [IsActive]) VALUES (14, 14, 2, N'Active', CAST(N'2026-02-17T21:03:42.1073341' AS DateTime2), NULL, 1)
INSERT [dbo].[UserCourseEnrollment] ([UserCourseEnrollmentId], [UserId], [CourseId], [Status], [EnrolledAt], [CompletedAt], [IsActive]) VALUES (15, 1, 2, N'Active', CAST(N'2026-02-17T21:07:01.6599260' AS DateTime2), NULL, 1)
INSERT [dbo].[UserCourseEnrollment] ([UserCourseEnrollmentId], [UserId], [CourseId], [Status], [EnrolledAt], [CompletedAt], [IsActive]) VALUES (16, 1, 1, N'Active', CAST(N'2026-02-17T21:08:14.7345637' AS DateTime2), NULL, 1)
INSERT [dbo].[UserCourseEnrollment] ([UserCourseEnrollmentId], [UserId], [CourseId], [Status], [EnrolledAt], [CompletedAt], [IsActive]) VALUES (17, 3, 1, N'Completed', CAST(N'2026-02-17T21:10:31.1122254' AS DateTime2), CAST(N'2026-02-17T21:17:31.5676568' AS DateTime2), 1)
SET IDENTITY_INSERT [dbo].[UserCourseEnrollment] OFF
GO
SET IDENTITY_INSERT [dbo].[UserNotification] ON 

INSERT [dbo].[UserNotification] ([UserNotificationId], [UserId], [Title], [Body], [IsRead], [CreatedAt], [IsActive], [SupportTicketId], [SupportMessageId]) VALUES (1, 1, N'New support message', N'Problem z dostępem do kursu English A1 – Everyday Basics', 1, CAST(N'2026-01-03T11:54:37.8196703' AS DateTime2), 1, 1, 4)
INSERT [dbo].[UserNotification] ([UserNotificationId], [UserId], [Title], [Body], [IsRead], [CreatedAt], [IsActive], [SupportTicketId], [SupportMessageId]) VALUES (2, 4, N'New support message', N'Problem z dostępem do kursu English A1 – Everyday Basics', 1, CAST(N'2026-01-03T11:56:22.5437458' AS DateTime2), 1, 1, 5)
INSERT [dbo].[UserNotification] ([UserNotificationId], [UserId], [Title], [Body], [IsRead], [CreatedAt], [IsActive], [SupportTicketId], [SupportMessageId]) VALUES (3, 1, N'New support message', N'Problem z dostępem do kursu English A1 – Everyday Basics', 1, CAST(N'2026-01-03T12:07:42.2552086' AS DateTime2), 1, 1, 6)
INSERT [dbo].[UserNotification] ([UserNotificationId], [UserId], [Title], [Body], [IsRead], [CreatedAt], [IsActive], [SupportTicketId], [SupportMessageId]) VALUES (4, 4, N'New support message', N'Problem z dostępem do kursu English A1 – Everyday Basics', 1, CAST(N'2026-01-03T12:09:56.1217435' AS DateTime2), 1, 1, 7)
INSERT [dbo].[UserNotification] ([UserNotificationId], [UserId], [Title], [Body], [IsRead], [CreatedAt], [IsActive], [SupportTicketId], [SupportMessageId]) VALUES (5, 1, N'New support message', N'Problem z dostępem do kursu English A1 – Everyday Basics', 1, CAST(N'2026-01-03T12:42:38.2418424' AS DateTime2), 1, 1, 8)
INSERT [dbo].[UserNotification] ([UserNotificationId], [UserId], [Title], [Body], [IsRead], [CreatedAt], [IsActive], [SupportTicketId], [SupportMessageId]) VALUES (6, 5, N'New support message', N'Problem z odpowiedzią w drugiej lekcji', 1, CAST(N'2026-01-03T13:30:39.9116281' AS DateTime2), 1, 2, 9)
INSERT [dbo].[UserNotification] ([UserNotificationId], [UserId], [Title], [Body], [IsRead], [CreatedAt], [IsActive], [SupportTicketId], [SupportMessageId]) VALUES (7, 1, N'New support message', N'Problem z odpowiedzią w drugiej lekcji', 1, CAST(N'2026-01-03T14:22:43.5341232' AS DateTime2), 1, 2, 10)
INSERT [dbo].[UserNotification] ([UserNotificationId], [UserId], [Title], [Body], [IsRead], [CreatedAt], [IsActive], [SupportTicketId], [SupportMessageId]) VALUES (8, 5, N'New support message', N'Problem z odpowiedzią w drugiej lekcji', 1, CAST(N'2026-01-03T18:44:34.7355390' AS DateTime2), 1, 2, 11)
INSERT [dbo].[UserNotification] ([UserNotificationId], [UserId], [Title], [Body], [IsRead], [CreatedAt], [IsActive], [SupportTicketId], [SupportMessageId]) VALUES (9, 4, N'New support message', N'Problem z dostępem do kursu English A1 – Everyday Basics', 1, CAST(N'2026-01-21T19:04:37.2981617' AS DateTime2), 1, 1, 12)
INSERT [dbo].[UserNotification] ([UserNotificationId], [UserId], [Title], [Body], [IsRead], [CreatedAt], [IsActive], [SupportTicketId], [SupportMessageId]) VALUES (10, 1, N'New support message', N'Problem z dostępem do kursu English A1 – Everyday Basics', 1, CAST(N'2026-01-21T19:10:49.1719736' AS DateTime2), 1, 1, 13)
INSERT [dbo].[UserNotification] ([UserNotificationId], [UserId], [Title], [Body], [IsRead], [CreatedAt], [IsActive], [SupportTicketId], [SupportMessageId]) VALUES (11, 1, N'New support message', N'Problem z dostępem do kursu English A1 – Everyday Basics', 1, CAST(N'2026-02-17T20:54:01.1992701' AS DateTime2), 1, 1, 14)
INSERT [dbo].[UserNotification] ([UserNotificationId], [UserId], [Title], [Body], [IsRead], [CreatedAt], [IsActive], [SupportTicketId], [SupportMessageId]) VALUES (12, 5, N'New support message', N'Test', 0, CAST(N'2026-02-17T20:55:34.8054139' AS DateTime2), 1, 4, 15)
INSERT [dbo].[UserNotification] ([UserNotificationId], [UserId], [Title], [Body], [IsRead], [CreatedAt], [IsActive], [SupportTicketId], [SupportMessageId]) VALUES (13, 1, N'New support message', N'Problem z dostępem do kursu English A1 – Everyday Basics', 1, CAST(N'2026-02-17T21:20:56.7028274' AS DateTime2), 1, 1, 16)
SET IDENTITY_INSERT [dbo].[UserNotification] OFF
GO
SET IDENTITY_INSERT [dbo].[UserProfile] ON 

INSERT [dbo].[UserProfile] ([UserProfileId], [UserId], [DisplayName], [PreferredLanguage], [Bio], [IsActive]) VALUES (1, 1, N'Jan Kowalski', N'pl', N'I''m determined to improve my grammar.', 0)
INSERT [dbo].[UserProfile] ([UserProfileId], [UserId], [DisplayName], [PreferredLanguage], [Bio], [IsActive]) VALUES (2, 2, N'Anna Nowak', N'pl', N'I am learning English to improve my everyday communication. I enjoy studying vocabulary and practicing short conversations.', 0)
INSERT [dbo].[UserProfile] ([UserProfileId], [UserId], [DisplayName], [PreferredLanguage], [Bio], [IsActive]) VALUES (3, 3, N'Katarzyna Kwiatkowska', N'pl', N'Beginner English student focused on building a strong foundation in grammar and speaking. I study regularly and aim to reach A2 level soon.', 0)
INSERT [dbo].[UserProfile] ([UserProfileId], [UserId], [DisplayName], [PreferredLanguage], [Bio], [IsActive]) VALUES (4, 4, N'Ewa Bajer', N'en', N'English tutor with experience in teaching beginner and intermediate levels. Passionate about helping students gain confidence in speaking.', 0)
INSERT [dbo].[UserProfile] ([UserProfileId], [UserId], [DisplayName], [PreferredLanguage], [Bio], [IsActive]) VALUES (5, 5, N'Dawid Konieczny', N'en', N'Certified ESL instructor specializing in grammar, pronunciation and structured learning plans. Focused on clear explanations and practical exercises.', 0)
INSERT [dbo].[UserProfile] ([UserProfileId], [UserId], [DisplayName], [PreferredLanguage], [Bio], [IsActive]) VALUES (6, 6, N'Aleksandra Kowalska', N'pl', N'Tutor with experience teaching English to Polish students. I enjoy creating simple lessons, supporting beginners and building strong language foundations.', 0)
INSERT [dbo].[UserProfile] ([UserProfileId], [UserId], [DisplayName], [PreferredLanguage], [Bio], [IsActive]) VALUES (7, 7, N'admin', N'', N'', 0)
INSERT [dbo].[UserProfile] ([UserProfileId], [UserId], [DisplayName], [PreferredLanguage], [Bio], [IsActive]) VALUES (8, 8, N'Michał Dampc', N'pl', N'I like english', 0)
INSERT [dbo].[UserProfile] ([UserProfileId], [UserId], [DisplayName], [PreferredLanguage], [Bio], [IsActive]) VALUES (9, 9, N'Student5', N'', N'', 0)
INSERT [dbo].[UserProfile] ([UserProfileId], [UserId], [DisplayName], [PreferredLanguage], [Bio], [IsActive]) VALUES (10, 10, N'nowyyy', N'', N'', 0)
INSERT [dbo].[UserProfile] ([UserProfileId], [UserId], [DisplayName], [PreferredLanguage], [Bio], [IsActive]) VALUES (11, 11, N'student77', N'', N'', 0)
INSERT [dbo].[UserProfile] ([UserProfileId], [UserId], [DisplayName], [PreferredLanguage], [Bio], [IsActive]) VALUES (12, 14, N'użytkownik10', N'test', N'test', 0)
INSERT [dbo].[UserProfile] ([UserProfileId], [UserId], [DisplayName], [PreferredLanguage], [Bio], [IsActive]) VALUES (13, 15, N'student11', NULL, NULL, 0)
SET IDENTITY_INSERT [dbo].[UserProfile] OFF
GO
SET ANSI_PADDING ON
GO
/****** Object:  Index [UQ__IssuedCe__E384CE0F496D1CB5]    Script Date: 15.04.2026 16:44:47 ******/
ALTER TABLE [dbo].[IssuedCertificate] ADD UNIQUE NONCLUSTERED 
(
	[CertificateNumber] ASC
)WITH (PAD_INDEX = OFF, STATISTICS_NORECOMPUTE = OFF, SORT_IN_TEMPDB = OFF, IGNORE_DUP_KEY = OFF, ONLINE = OFF, ALLOW_ROW_LOCKS = ON, ALLOW_PAGE_LOCKS = ON, OPTIMIZE_FOR_SEQUENTIAL_KEY = OFF) ON [PRIMARY]
GO
/****** Object:  Index [UQ__UserProf__1788CC4D152BB571]    Script Date: 15.04.2026 16:44:47 ******/
ALTER TABLE [dbo].[UserProfile] ADD UNIQUE NONCLUSTERED 
(
	[UserId] ASC
)WITH (PAD_INDEX = OFF, STATISTICS_NORECOMPUTE = OFF, SORT_IN_TEMPDB = OFF, IGNORE_DUP_KEY = OFF, ONLINE = OFF, ALLOW_ROW_LOCKS = ON, ALLOW_PAGE_LOCKS = ON, OPTIMIZE_FOR_SEQUENTIAL_KEY = OFF) ON [PRIMARY]
GO
ALTER TABLE [dbo].[Announcement] ADD  DEFAULT ((0)) FOR [IsPublished]
GO
ALTER TABLE [dbo].[Announcement] ADD  DEFAULT (sysutcdatetime()) FOR [CreatedAt]
GO
ALTER TABLE [dbo].[Announcement] ADD  DEFAULT ((1)) FOR [IsActive]
GO
ALTER TABLE [dbo].[CertificateTemplate] ADD  DEFAULT ((1)) FOR [IsActive]
GO
ALTER TABLE [dbo].[CertificateTemplate] ADD  DEFAULT (sysutcdatetime()) FOR [CreatedAt]
GO
ALTER TABLE [dbo].[Course] ADD  DEFAULT ('Draft') FOR [Status]
GO
ALTER TABLE [dbo].[Course] ADD  DEFAULT (sysutcdatetime()) FOR [CreatedAt]
GO
ALTER TABLE [dbo].[Course] ADD  DEFAULT ((1)) FOR [IsActive]
GO
ALTER TABLE [dbo].[CourseCategory] ADD  DEFAULT ((1)) FOR [IsActive]
GO
ALTER TABLE [dbo].[CoursePricingPlan] ADD  DEFAULT ((1)) FOR [IsActive]
GO
ALTER TABLE [dbo].[IssuedCertificate] ADD  DEFAULT (sysutcdatetime()) FOR [IssuedAt]
GO
ALTER TABLE [dbo].[IssuedCertificate] ADD  DEFAULT ((1)) FOR [IsActive]
GO
ALTER TABLE [dbo].[Lesson] ADD  DEFAULT ('Draft') FOR [Status]
GO
ALTER TABLE [dbo].[Lesson] ADD  DEFAULT ((1)) FOR [IsActive]
GO
ALTER TABLE [dbo].[LessonAttachment] ADD  DEFAULT ((1)) FOR [IsActive]
GO
ALTER TABLE [dbo].[LessonContentBlock] ADD  DEFAULT ((1)) FOR [IsActive]
GO
ALTER TABLE [dbo].[LessonProgress] ADD  DEFAULT ((0)) FOR [ProgressPercent]
GO
ALTER TABLE [dbo].[LessonProgress] ADD  DEFAULT (sysutcdatetime()) FOR [LastViewedAt]
GO
ALTER TABLE [dbo].[LessonProgress] ADD  DEFAULT ((1)) FOR [IsActive]
GO
ALTER TABLE [dbo].[MediaFile] ADD  DEFAULT (sysutcdatetime()) FOR [UploadedAt]
GO
ALTER TABLE [dbo].[MediaFile] ADD  DEFAULT ((1)) FOR [IsActive]
GO
ALTER TABLE [dbo].[Module] ADD  DEFAULT ((1)) FOR [IsActive]
GO
ALTER TABLE [dbo].[PageContentBlock] ADD  DEFAULT ((0)) FOR [OrderIndex]
GO
ALTER TABLE [dbo].[PageContentBlock] ADD  DEFAULT ((1)) FOR [IsActive]
GO
ALTER TABLE [dbo].[PageContentBlock] ADD  DEFAULT (sysutcdatetime()) FOR [UpdatedAt]
GO
ALTER TABLE [dbo].[Quiz] ADD  DEFAULT ((1)) FOR [IsActive]
GO
ALTER TABLE [dbo].[QuizAnswerOption] ADD  DEFAULT ((0)) FOR [IsCorrect]
GO
ALTER TABLE [dbo].[QuizAnswerOption] ADD  DEFAULT ((1)) FOR [IsActive]
GO
ALTER TABLE [dbo].[QuizAttempt] ADD  DEFAULT (sysutcdatetime()) FOR [StartedAt]
GO
ALTER TABLE [dbo].[QuizAttempt] ADD  DEFAULT ((1)) FOR [IsActive]
GO
ALTER TABLE [dbo].[QuizAttemptAnswer] ADD  DEFAULT ((1)) FOR [IsActive]
GO
ALTER TABLE [dbo].[QuizQuestion] ADD  DEFAULT ((1.0)) FOR [Points]
GO
ALTER TABLE [dbo].[QuizQuestion] ADD  DEFAULT ((1)) FOR [IsActive]
GO
ALTER TABLE [dbo].[SupportMessage] ADD  DEFAULT (sysutcdatetime()) FOR [SentAt]
GO
ALTER TABLE [dbo].[SupportMessage] ADD  DEFAULT ((1)) FOR [IsActive]
GO
ALTER TABLE [dbo].[SupportTicket] ADD  DEFAULT ('Open') FOR [Status]
GO
ALTER TABLE [dbo].[SupportTicket] ADD  DEFAULT (sysutcdatetime()) FOR [CreatedAt]
GO
ALTER TABLE [dbo].[SupportTicket] ADD  DEFAULT ((1)) FOR [IsActive]
GO
ALTER TABLE [dbo].[User] ADD  DEFAULT ((1)) FOR [IsActive]
GO
ALTER TABLE [dbo].[User] ADD  DEFAULT (sysutcdatetime()) FOR [CreatedAt]
GO
ALTER TABLE [dbo].[UserCourseAccess] ADD  DEFAULT (sysutcdatetime()) FOR [AccessStart]
GO
ALTER TABLE [dbo].[UserCourseAccess] ADD  DEFAULT ((0)) FOR [IsRevoked]
GO
ALTER TABLE [dbo].[UserCourseAccess] ADD  DEFAULT ((1)) FOR [IsActive]
GO
ALTER TABLE [dbo].[UserCourseEnrollment] ADD  DEFAULT ('Active') FOR [Status]
GO
ALTER TABLE [dbo].[UserCourseEnrollment] ADD  DEFAULT (sysutcdatetime()) FOR [EnrolledAt]
GO
ALTER TABLE [dbo].[UserCourseEnrollment] ADD  DEFAULT ((1)) FOR [IsActive]
GO
ALTER TABLE [dbo].[UserNotification] ADD  DEFAULT ((0)) FOR [IsRead]
GO
ALTER TABLE [dbo].[UserNotification] ADD  DEFAULT (sysutcdatetime()) FOR [CreatedAt]
GO
ALTER TABLE [dbo].[UserNotification] ADD  DEFAULT ((1)) FOR [IsActive]
GO
ALTER TABLE [dbo].[UserProfile] ADD  DEFAULT ((1)) FOR [IsActive]
GO
ALTER TABLE [dbo].[Announcement]  WITH CHECK ADD  CONSTRAINT [FK_Announcement_User] FOREIGN KEY([CreatedByUserId])
REFERENCES [dbo].[User] ([UserId])
GO
ALTER TABLE [dbo].[Announcement] CHECK CONSTRAINT [FK_Announcement_User]
GO
ALTER TABLE [dbo].[AspNetRoleClaims]  WITH CHECK ADD  CONSTRAINT [FK_AspNetRoleClaims_AspNetRoles_RoleId] FOREIGN KEY([RoleId])
REFERENCES [dbo].[AspNetRoles] ([Id])
ON DELETE CASCADE
GO
ALTER TABLE [dbo].[AspNetRoleClaims] CHECK CONSTRAINT [FK_AspNetRoleClaims_AspNetRoles_RoleId]
GO
ALTER TABLE [dbo].[AspNetUserClaims]  WITH CHECK ADD  CONSTRAINT [FK_AspNetUserClaims_AspNetUsers_UserId] FOREIGN KEY([UserId])
REFERENCES [dbo].[AspNetUsers] ([Id])
ON DELETE CASCADE
GO
ALTER TABLE [dbo].[AspNetUserClaims] CHECK CONSTRAINT [FK_AspNetUserClaims_AspNetUsers_UserId]
GO
ALTER TABLE [dbo].[AspNetUserLogins]  WITH CHECK ADD  CONSTRAINT [FK_AspNetUserLogins_AspNetUsers_UserId] FOREIGN KEY([UserId])
REFERENCES [dbo].[AspNetUsers] ([Id])
ON DELETE CASCADE
GO
ALTER TABLE [dbo].[AspNetUserLogins] CHECK CONSTRAINT [FK_AspNetUserLogins_AspNetUsers_UserId]
GO
ALTER TABLE [dbo].[AspNetUserRoles]  WITH CHECK ADD  CONSTRAINT [FK_AspNetUserRoles_AspNetRoles_RoleId] FOREIGN KEY([RoleId])
REFERENCES [dbo].[AspNetRoles] ([Id])
ON DELETE CASCADE
GO
ALTER TABLE [dbo].[AspNetUserRoles] CHECK CONSTRAINT [FK_AspNetUserRoles_AspNetRoles_RoleId]
GO
ALTER TABLE [dbo].[AspNetUserRoles]  WITH CHECK ADD  CONSTRAINT [FK_AspNetUserRoles_AspNetUsers_UserId] FOREIGN KEY([UserId])
REFERENCES [dbo].[AspNetUsers] ([Id])
ON DELETE CASCADE
GO
ALTER TABLE [dbo].[AspNetUserRoles] CHECK CONSTRAINT [FK_AspNetUserRoles_AspNetUsers_UserId]
GO
ALTER TABLE [dbo].[AspNetUserTokens]  WITH CHECK ADD  CONSTRAINT [FK_AspNetUserTokens_AspNetUsers_UserId] FOREIGN KEY([UserId])
REFERENCES [dbo].[AspNetUsers] ([Id])
ON DELETE CASCADE
GO
ALTER TABLE [dbo].[AspNetUserTokens] CHECK CONSTRAINT [FK_AspNetUserTokens_AspNetUsers_UserId]
GO
ALTER TABLE [dbo].[Course]  WITH CHECK ADD  CONSTRAINT [FK_Course_Category] FOREIGN KEY([CourseCategoryId])
REFERENCES [dbo].[CourseCategory] ([CourseCategoryId])
GO
ALTER TABLE [dbo].[Course] CHECK CONSTRAINT [FK_Course_Category]
GO
ALTER TABLE [dbo].[Course]  WITH CHECK ADD  CONSTRAINT [FK_Course_ThumbnailMedia] FOREIGN KEY([ThumbnailMediaId])
REFERENCES [dbo].[MediaFile] ([MediaFileId])
GO
ALTER TABLE [dbo].[Course] CHECK CONSTRAINT [FK_Course_ThumbnailMedia]
GO
ALTER TABLE [dbo].[Course]  WITH CHECK ADD  CONSTRAINT [FK_Course_User_TutorUserId] FOREIGN KEY([TutorUserId])
REFERENCES [dbo].[User] ([UserId])
GO
ALTER TABLE [dbo].[Course] CHECK CONSTRAINT [FK_Course_User_TutorUserId]
GO
ALTER TABLE [dbo].[CoursePricingPlan]  WITH CHECK ADD  CONSTRAINT [FK_CoursePricingPlan_Course] FOREIGN KEY([CourseId])
REFERENCES [dbo].[Course] ([CourseId])
GO
ALTER TABLE [dbo].[CoursePricingPlan] CHECK CONSTRAINT [FK_CoursePricingPlan_Course]
GO
ALTER TABLE [dbo].[IssuedCertificate]  WITH CHECK ADD  CONSTRAINT [FK_IssuedCertificate_Course] FOREIGN KEY([CourseId])
REFERENCES [dbo].[Course] ([CourseId])
GO
ALTER TABLE [dbo].[IssuedCertificate] CHECK CONSTRAINT [FK_IssuedCertificate_Course]
GO
ALTER TABLE [dbo].[IssuedCertificate]  WITH CHECK ADD  CONSTRAINT [FK_IssuedCertificate_Template] FOREIGN KEY([CertificateTemplateId])
REFERENCES [dbo].[CertificateTemplate] ([CertificateTemplateId])
GO
ALTER TABLE [dbo].[IssuedCertificate] CHECK CONSTRAINT [FK_IssuedCertificate_Template]
GO
ALTER TABLE [dbo].[IssuedCertificate]  WITH CHECK ADD  CONSTRAINT [FK_IssuedCertificate_User] FOREIGN KEY([UserId])
REFERENCES [dbo].[User] ([UserId])
GO
ALTER TABLE [dbo].[IssuedCertificate] CHECK CONSTRAINT [FK_IssuedCertificate_User]
GO
ALTER TABLE [dbo].[Lesson]  WITH CHECK ADD  CONSTRAINT [FK_Lesson_Module] FOREIGN KEY([ModuleId])
REFERENCES [dbo].[Module] ([ModuleId])
GO
ALTER TABLE [dbo].[Lesson] CHECK CONSTRAINT [FK_Lesson_Module]
GO
ALTER TABLE [dbo].[LessonAttachment]  WITH CHECK ADD  CONSTRAINT [FK_LessonAttachment_Lesson] FOREIGN KEY([LessonId])
REFERENCES [dbo].[Lesson] ([LessonId])
GO
ALTER TABLE [dbo].[LessonAttachment] CHECK CONSTRAINT [FK_LessonAttachment_Lesson]
GO
ALTER TABLE [dbo].[LessonContentBlock]  WITH CHECK ADD  CONSTRAINT [FK_LessonContentBlock_Lesson] FOREIGN KEY([LessonId])
REFERENCES [dbo].[Lesson] ([LessonId])
GO
ALTER TABLE [dbo].[LessonContentBlock] CHECK CONSTRAINT [FK_LessonContentBlock_Lesson]
GO
ALTER TABLE [dbo].[LessonProgress]  WITH CHECK ADD  CONSTRAINT [FK_LessonProgress_Lesson] FOREIGN KEY([LessonId])
REFERENCES [dbo].[Lesson] ([LessonId])
GO
ALTER TABLE [dbo].[LessonProgress] CHECK CONSTRAINT [FK_LessonProgress_Lesson]
GO
ALTER TABLE [dbo].[LessonProgress]  WITH CHECK ADD  CONSTRAINT [FK_LessonProgress_User] FOREIGN KEY([UserId])
REFERENCES [dbo].[User] ([UserId])
GO
ALTER TABLE [dbo].[LessonProgress] CHECK CONSTRAINT [FK_LessonProgress_User]
GO
ALTER TABLE [dbo].[MediaFile]  WITH CHECK ADD  CONSTRAINT [FK_MediaFile_User] FOREIGN KEY([UploadedByUserId])
REFERENCES [dbo].[User] ([UserId])
GO
ALTER TABLE [dbo].[MediaFile] CHECK CONSTRAINT [FK_MediaFile_User]
GO
ALTER TABLE [dbo].[Module]  WITH CHECK ADD  CONSTRAINT [FK_Module_Course] FOREIGN KEY([CourseId])
REFERENCES [dbo].[Course] ([CourseId])
GO
ALTER TABLE [dbo].[Module] CHECK CONSTRAINT [FK_Module_Course]
GO
ALTER TABLE [dbo].[PageContentBlock]  WITH CHECK ADD  CONSTRAINT [FK_PageContentBlock_Media] FOREIGN KEY([MediaFileId])
REFERENCES [dbo].[MediaFile] ([MediaFileId])
GO
ALTER TABLE [dbo].[PageContentBlock] CHECK CONSTRAINT [FK_PageContentBlock_Media]
GO
ALTER TABLE [dbo].[PageContentBlock]  WITH CHECK ADD  CONSTRAINT [FK_PageContentBlock_User] FOREIGN KEY([UpdatedByUserId])
REFERENCES [dbo].[User] ([UserId])
GO
ALTER TABLE [dbo].[PageContentBlock] CHECK CONSTRAINT [FK_PageContentBlock_User]
GO
ALTER TABLE [dbo].[Quiz]  WITH CHECK ADD  CONSTRAINT [FK_Quiz_Lesson] FOREIGN KEY([LessonId])
REFERENCES [dbo].[Lesson] ([LessonId])
GO
ALTER TABLE [dbo].[Quiz] CHECK CONSTRAINT [FK_Quiz_Lesson]
GO
ALTER TABLE [dbo].[Quiz]  WITH CHECK ADD  CONSTRAINT [FK_Quiz_Module] FOREIGN KEY([ModuleId])
REFERENCES [dbo].[Module] ([ModuleId])
GO
ALTER TABLE [dbo].[Quiz] CHECK CONSTRAINT [FK_Quiz_Module]
GO
ALTER TABLE [dbo].[QuizAnswerOption]  WITH CHECK ADD  CONSTRAINT [FK_QuizAnswerOption_Question] FOREIGN KEY([QuizQuestionId])
REFERENCES [dbo].[QuizQuestion] ([QuizQuestionId])
GO
ALTER TABLE [dbo].[QuizAnswerOption] CHECK CONSTRAINT [FK_QuizAnswerOption_Question]
GO
ALTER TABLE [dbo].[QuizAttempt]  WITH CHECK ADD  CONSTRAINT [FK_QuizAttempt_Quiz] FOREIGN KEY([QuizId])
REFERENCES [dbo].[Quiz] ([QuizId])
GO
ALTER TABLE [dbo].[QuizAttempt] CHECK CONSTRAINT [FK_QuizAttempt_Quiz]
GO
ALTER TABLE [dbo].[QuizAttempt]  WITH CHECK ADD  CONSTRAINT [FK_QuizAttempt_User] FOREIGN KEY([UserId])
REFERENCES [dbo].[User] ([UserId])
GO
ALTER TABLE [dbo].[QuizAttempt] CHECK CONSTRAINT [FK_QuizAttempt_User]
GO
ALTER TABLE [dbo].[QuizAttemptAnswer]  WITH CHECK ADD  CONSTRAINT [FK_QuizAttemptAnswer_Attempt] FOREIGN KEY([QuizAttemptId])
REFERENCES [dbo].[QuizAttempt] ([QuizAttemptId])
GO
ALTER TABLE [dbo].[QuizAttemptAnswer] CHECK CONSTRAINT [FK_QuizAttemptAnswer_Attempt]
GO
ALTER TABLE [dbo].[QuizAttemptAnswer]  WITH CHECK ADD  CONSTRAINT [FK_QuizAttemptAnswer_Option] FOREIGN KEY([SelectedOptionId])
REFERENCES [dbo].[QuizAnswerOption] ([QuizAnswerOptionId])
GO
ALTER TABLE [dbo].[QuizAttemptAnswer] CHECK CONSTRAINT [FK_QuizAttemptAnswer_Option]
GO
ALTER TABLE [dbo].[QuizAttemptAnswer]  WITH CHECK ADD  CONSTRAINT [FK_QuizAttemptAnswer_Question] FOREIGN KEY([QuizQuestionId])
REFERENCES [dbo].[QuizQuestion] ([QuizQuestionId])
GO
ALTER TABLE [dbo].[QuizAttemptAnswer] CHECK CONSTRAINT [FK_QuizAttemptAnswer_Question]
GO
ALTER TABLE [dbo].[QuizQuestion]  WITH CHECK ADD  CONSTRAINT [FK_QuizQuestion_Quiz] FOREIGN KEY([QuizId])
REFERENCES [dbo].[Quiz] ([QuizId])
GO
ALTER TABLE [dbo].[QuizQuestion] CHECK CONSTRAINT [FK_QuizQuestion_Quiz]
GO
ALTER TABLE [dbo].[SupportMessage]  WITH CHECK ADD  CONSTRAINT [FK_SupportMessage_Ticket] FOREIGN KEY([SupportTicketId])
REFERENCES [dbo].[SupportTicket] ([SupportTicketId])
GO
ALTER TABLE [dbo].[SupportMessage] CHECK CONSTRAINT [FK_SupportMessage_Ticket]
GO
ALTER TABLE [dbo].[SupportMessage]  WITH CHECK ADD  CONSTRAINT [FK_SupportMessage_User] FOREIGN KEY([FromUserId])
REFERENCES [dbo].[User] ([UserId])
GO
ALTER TABLE [dbo].[SupportMessage] CHECK CONSTRAINT [FK_SupportMessage_User]
GO
ALTER TABLE [dbo].[SupportTicket]  WITH CHECK ADD  CONSTRAINT [FK_SupportTicket_Course_CourseId] FOREIGN KEY([CourseId])
REFERENCES [dbo].[Course] ([CourseId])
GO
ALTER TABLE [dbo].[SupportTicket] CHECK CONSTRAINT [FK_SupportTicket_Course_CourseId]
GO
ALTER TABLE [dbo].[SupportTicket]  WITH CHECK ADD  CONSTRAINT [FK_SupportTicket_User] FOREIGN KEY([UserId])
REFERENCES [dbo].[User] ([UserId])
GO
ALTER TABLE [dbo].[SupportTicket] CHECK CONSTRAINT [FK_SupportTicket_User]
GO
ALTER TABLE [dbo].[SupportTicket]  WITH CHECK ADD  CONSTRAINT [FK_SupportTicket_User_AssignedTutorId] FOREIGN KEY([AssignedTutorId])
REFERENCES [dbo].[User] ([UserId])
GO
ALTER TABLE [dbo].[SupportTicket] CHECK CONSTRAINT [FK_SupportTicket_User_AssignedTutorId]
GO
ALTER TABLE [dbo].[User]  WITH CHECK ADD  CONSTRAINT [FK_User_IdentityUser] FOREIGN KEY([IdentityUserId])
REFERENCES [dbo].[AspNetUsers] ([Id])
GO
ALTER TABLE [dbo].[User] CHECK CONSTRAINT [FK_User_IdentityUser]
GO
ALTER TABLE [dbo].[UserCourseAccess]  WITH CHECK ADD  CONSTRAINT [FK_UserCourseAccess_Course] FOREIGN KEY([CourseId])
REFERENCES [dbo].[Course] ([CourseId])
GO
ALTER TABLE [dbo].[UserCourseAccess] CHECK CONSTRAINT [FK_UserCourseAccess_Course]
GO
ALTER TABLE [dbo].[UserCourseAccess]  WITH CHECK ADD  CONSTRAINT [FK_UserCourseAccess_Plan] FOREIGN KEY([CoursePricingPlanId])
REFERENCES [dbo].[CoursePricingPlan] ([CoursePricingPlanId])
GO
ALTER TABLE [dbo].[UserCourseAccess] CHECK CONSTRAINT [FK_UserCourseAccess_Plan]
GO
ALTER TABLE [dbo].[UserCourseAccess]  WITH CHECK ADD  CONSTRAINT [FK_UserCourseAccess_User] FOREIGN KEY([UserId])
REFERENCES [dbo].[User] ([UserId])
GO
ALTER TABLE [dbo].[UserCourseAccess] CHECK CONSTRAINT [FK_UserCourseAccess_User]
GO
ALTER TABLE [dbo].[UserCourseEnrollment]  WITH CHECK ADD  CONSTRAINT [FK_UserCourseEnrollment_Course] FOREIGN KEY([CourseId])
REFERENCES [dbo].[Course] ([CourseId])
GO
ALTER TABLE [dbo].[UserCourseEnrollment] CHECK CONSTRAINT [FK_UserCourseEnrollment_Course]
GO
ALTER TABLE [dbo].[UserCourseEnrollment]  WITH CHECK ADD  CONSTRAINT [FK_UserCourseEnrollment_User] FOREIGN KEY([UserId])
REFERENCES [dbo].[User] ([UserId])
GO
ALTER TABLE [dbo].[UserCourseEnrollment] CHECK CONSTRAINT [FK_UserCourseEnrollment_User]
GO
ALTER TABLE [dbo].[UserNotification]  WITH CHECK ADD  CONSTRAINT [FK_UserNotification_SupportMessage] FOREIGN KEY([SupportMessageId])
REFERENCES [dbo].[SupportMessage] ([SupportMessageId])
ON DELETE SET NULL
GO
ALTER TABLE [dbo].[UserNotification] CHECK CONSTRAINT [FK_UserNotification_SupportMessage]
GO
ALTER TABLE [dbo].[UserNotification]  WITH CHECK ADD  CONSTRAINT [FK_UserNotification_SupportTicket] FOREIGN KEY([SupportTicketId])
REFERENCES [dbo].[SupportTicket] ([SupportTicketId])
ON DELETE SET NULL
GO
ALTER TABLE [dbo].[UserNotification] CHECK CONSTRAINT [FK_UserNotification_SupportTicket]
GO
ALTER TABLE [dbo].[UserNotification]  WITH CHECK ADD  CONSTRAINT [FK_UserNotification_User] FOREIGN KEY([UserId])
REFERENCES [dbo].[User] ([UserId])
GO
ALTER TABLE [dbo].[UserNotification] CHECK CONSTRAINT [FK_UserNotification_User]
GO
ALTER TABLE [dbo].[UserProfile]  WITH CHECK ADD  CONSTRAINT [FK_UserProfile_User] FOREIGN KEY([UserId])
REFERENCES [dbo].[User] ([UserId])
GO
ALTER TABLE [dbo].[UserProfile] CHECK CONSTRAINT [FK_UserProfile_User]
GO
